Full ID,Name,ID,Type,Dimension,Optimal Cost,Best Cost,Gap,Time,Best Tour
EUC_2D2681,random_instance_2681_nodes_30,2681,EUC_2D,30,4.198991279762983,4.198991279762984,0.0000%,3.577997922897339,"[14, 11, 10, 20, 1, 5, 17, 13, 24, 15, 6, 29, 7, 16, 28, 30, 9, 18, 12, 8, 22, 2, 27, 19, 25, 3, 4, 21, 26, 23, 14]"
EUC_2D2545,random_instance_2545_nodes_30,2545,EUC_2D,30,3.8207578378991425,3.900922307217256,2.0981%,5.382683515548706,"[23, 25, 13, 16, 20, 15, 12, 1, 28, 4, 27, 10, 22, 5, 3, 9, 29, 18, 2, 21, 14, 11, 19, 30, 7, 6, 17, 26, 24, 8, 23]"
EUC_2D6920,random_instance_6920_nodes_70,6920,EUC_2D,70,6.747504073361883,6.853248035352309,1.5672%,81.93609476089478,"[36, 28, 8, 49, 3, 66, 27, 39, 68, 43, 13, 1, 21, 11, 14, 16, 19, 12, 62, 47, 63, 37, 61, 60, 7, 42, 52, 56, 22, 53, 4, 34, 24, 40, 17, 20, 18, 9, 29, 54, 25, 58, 31, 15, 57, 23, 55, 65, 33, 44, 64, 38, 69, 46, 48, 32, 67, 59, 35, 26, 30, 51, 41, 10, 70, 2, 45, 50, 6, 5, 36]"
EUC_2D9879,random_instance_9879_nodes_90,9879,EUC_2D,90,7.079669992388269,7.834280475040908,10.6588%,226.38186812400818,"[87, 52, 48, 31, 19, 67, 40, 18, 76, 81, 73, 71, 10, 54, 16, 68, 33, 82, 85, 21, 26, 64, 70, 27, 53, 29, 74, 12, 79, 62, 6, 30, 80, 69, 13, 2, 63, 45, 20, 78, 55, 23, 50, 57, 84, 77, 66, 65, 86, 15, 61, 43, 42, 9, 39, 11, 14, 32, 88, 28, 44, 46, 89, 90, 75, 49, 4, 36, 34, 59, 35, 5, 1, 25, 37, 24, 3, 60, 22, 72, 41, 17, 38, 8, 58, 7, 83, 47, 56, 51, 87]"
EUC_2D2312,random_instance_2312_nodes_30,2312,EUC_2D,30,3.992279139732495,4.047884788998293,1.3928%,4.275633096694946,"[19, 6, 15, 29, 17, 4, 14, 22, 26, 1, 11, 16, 9, 18, 7, 3, 24, 23, 8, 21, 30, 10, 28, 12, 2, 20, 5, 27, 25, 13, 19]"
EUC_2D7094,random_instance_7094_nodes_70,7094,EUC_2D,70,6.5136513538868615,6.866274522727436,5.4136%,113.16305088996887,"[5, 45, 21, 52, 64, 31, 55, 46, 42, 24, 41, 15, 17, 69, 53, 32, 48, 7, 56, 60, 18, 70, 30, 59, 9, 22, 33, 10, 1, 50, 27, 44, 37, 16, 57, 63, 26, 12, 43, 23, 20, 62, 39, 34, 11, 6, 66, 13, 51, 25, 2, 68, 14, 36, 58, 65, 8, 35, 4, 38, 47, 28, 3, 40, 61, 67, 29, 49, 19, 54, 5]"
EUC_2D3810,random_instance_3810_nodes_40,3810,EUC_2D,40,5.296951015478055,5.296951015478053,-0.0000%,11.43477988243103,"[23, 5, 6, 14, 10, 34, 28, 32, 33, 25, 11, 39, 18, 27, 16, 37, 36, 15, 2, 13, 7, 12, 8, 35, 17, 40, 19, 21, 31, 24, 30, 29, 38, 20, 22, 4, 3, 1, 26, 9, 23]"
EUC_2D7184,random_instance_7184_nodes_70,7184,EUC_2D,70,6.781068101907183,6.7810681019071835,0.0000%,157.2845423221588,"[57, 61, 12, 63, 51, 38, 3, 62, 22, 46, 66, 37, 34, 5, 36, 40, 52, 18, 50, 49, 9, 53, 17, 33, 45, 44, 29, 27, 20, 7, 54, 67, 64, 68, 23, 70, 35, 47, 56, 41, 24, 11, 48, 30, 19, 28, 25, 39, 42, 16, 55, 32, 4, 59, 6, 15, 1, 69, 13, 43, 60, 21, 31, 2, 58, 10, 26, 14, 8, 65, 57]"
EUC_2D564,random_instance_564_nodes_10,564,EUC_2D,10,2.894907655478356,2.8949076554783564,0.0000%,0.06220293045043945,"[7, 2, 6, 3, 4, 9, 1, 5, 10, 8, 7]"
EUC_2D431,random_instance_431_nodes_10,431,EUC_2D,10,2.911864913375644,2.9118649133756445,0.0000%,3.3853962421417236,"[2, 8, 3, 1, 10, 7, 4, 6, 5, 9, 2]"
EUC_2D1828,random_instance_1828_nodes_20,1828,EUC_2D,20,4.356378930738836,4.356378930738835,-0.0000%,13.37816333770752,"[4, 13, 20, 16, 1, 6, 9, 3, 14, 10, 12, 11, 17, 18, 19, 8, 7, 5, 2, 15, 4]"
EUC_2D1469,random_instance_1469_nodes_20,1469,EUC_2D,20,3.8067463249077806,3.8067463249077806,0.0000%,13.132299661636353,"[8, 1, 13, 19, 3, 2, 9, 17, 4, 10, 15, 16, 5, 7, 18, 20, 12, 14, 11, 6, 8]"
EUC_2D3284,random_instance_3284_nodes_30,3284,EUC_2D,30,4.333309974166633,4.522723133630996,4.3711%,40.44790053367615,"[15, 9, 2, 12, 18, 11, 13, 22, 1, 28, 20, 21, 25, 19, 26, 4, 5, 16, 7, 30, 3, 27, 14, 23, 24, 8, 10, 17, 29, 6, 15]"
EUC_2D3054,random_instance_3054_nodes_30,3054,EUC_2D,30,4.992429843774445,4.9924298437744445,-0.0000%,50.337191343307495,"[1, 7, 9, 25, 2, 6, 10, 24, 27, 22, 13, 30, 21, 29, 4, 14, 26, 18, 5, 12, 11, 20, 28, 3, 15, 8, 19, 17, 16, 23, 1]"
EUC_2D4112,random_instance_4112_nodes_40,4112,EUC_2D,40,4.880992845672516,5.049510855212034,3.4525%,71.13135838508606,"[15, 36, 22, 2, 1, 7, 5, 40, 3, 10, 13, 6, 38, 8, 28, 39, 34, 19, 4, 29, 35, 30, 37, 26, 31, 23, 32, 18, 16, 20, 11, 21, 24, 33, 12, 25, 27, 9, 14, 17, 15]"
EUC_2D4225,random_instance_4225_nodes_40,4225,EUC_2D,40,5.14076546876025,5.313700767456421,3.3640%,324.6963424682617,"[6, 18, 7, 12, 35, 16, 19, 37, 34, 23, 29, 4, 3, 9, 20, 1, 11, 32, 5, 39, 27, 17, 15, 22, 31, 21, 38, 14, 28, 8, 30, 25, 36, 13, 24, 10, 33, 40, 26, 2, 6]"
EUC_2D4682,random_instance_4682_nodes_50,4682,EUC_2D,50,5.175894850309465,5.308649666354273,2.5649%,322.3936309814453,"[42, 16, 15, 35, 1, 48, 44, 20, 46, 45, 24, 38, 12, 4, 13, 2, 26, 22, 34, 27, 30, 36, 47, 18, 31, 40, 37, 21, 43, 9, 39, 50, 10, 6, 7, 8, 17, 25, 11, 28, 19, 29, 14, 49, 33, 32, 23, 5, 3, 41, 42]"
EUC_2D2620,random_instance_2620_nodes_30,2620,EUC_2D,30,4.586328824942177,4.788311550784211,4.4040%,37.00122427940369,"[3, 12, 11, 5, 24, 15, 30, 13, 14, 19, 20, 29, 27, 16, 22, 8, 2, 10, 21, 17, 26, 25, 7, 6, 9, 4, 18, 23, 1, 28, 3]"
EUC_2D6589,random_instance_6589_nodes_60,6589,EUC_2D,60,6.657084749574082,6.778517311425732,1.8241%,413.2037179470062,"[19, 34, 30, 57, 38, 48, 26, 42, 21, 28, 41, 17, 27, 8, 47, 52, 13, 25, 40, 44, 9, 11, 60, 56, 45, 18, 39, 7, 6, 55, 1, 54, 50, 33, 32, 14, 36, 12, 24, 5, 16, 23, 46, 2, 35, 59, 43, 4, 58, 49, 31, 10, 22, 51, 53, 15, 20, 29, 37, 3, 19]"
EUC_2D3409,random_instance_3409_nodes_40,3409,EUC_2D,40,4.667003487451002,5.196487078909319,11.3453%,97.93707418441772,"[12, 36, 14, 13, 19, 38, 11, 23, 31, 22, 25, 10, 34, 24, 30, 21, 35, 20, 17, 9, 33, 15, 27, 29, 18, 6, 39, 4, 28, 2, 7, 8, 16, 3, 5, 26, 40, 1, 32, 37, 12]"
EUC_2D2033,random_instance_2033_nodes_20,2033,EUC_2D,20,4.14489969766621,4.180289745178246,0.8538%,16.048428535461426,"[17, 10, 18, 9, 13, 15, 19, 16, 20, 14, 6, 3, 2, 7, 4, 5, 11, 12, 1, 8, 17]"
EUC_2D2636,random_instance_2636_nodes_30,2636,EUC_2D,30,4.597992230745739,4.597992230745738,-0.0000%,37.8568332195282,"[14, 17, 2, 5, 3, 26, 24, 30, 25, 20, 11, 29, 1, 16, 9, 12, 18, 13, 6, 21, 8, 7, 15, 4, 10, 22, 23, 19, 27, 28, 14]"
EUC_2D5515,random_instance_5515_nodes_50,5515,EUC_2D,50,5.649035111181473,5.679475596690453,0.5389%,580.7915828227997,"[34, 49, 14, 28, 32, 6, 24, 38, 48, 22, 37, 31, 1, 10, 27, 35, 40, 18, 21, 3, 8, 43, 45, 9, 50, 30, 20, 33, 12, 36, 15, 19, 13, 47, 25, 42, 41, 5, 2, 46, 44, 23, 11, 16, 4, 39, 29, 7, 17, 26, 34]"
EUC_2D1839,random_instance_1839_nodes_20,1839,EUC_2D,20,3.562292951612454,3.562292951612453,-0.0000%,11.108150720596313,"[5, 1, 12, 8, 4, 9, 15, 11, 7, 19, 2, 10, 3, 16, 14, 20, 17, 18, 6, 13, 5]"
EUC_2D3435,random_instance_3435_nodes_40,3435,EUC_2D,40,5.453229211327603,5.53142657787814,1.4340%,219.39337992668152,"[32, 40, 20, 11, 23, 35, 22, 17, 19, 14, 12, 7, 29, 1, 6, 3, 36, 4, 24, 8, 21, 16, 9, 15, 5, 27, 34, 31, 13, 25, 30, 18, 37, 38, 28, 39, 33, 10, 26, 2, 32]"
EUC_2D7388,random_instance_7388_nodes_70,7388,EUC_2D,70,6.775939802773646,7.508803883363081,10.8157%,874.3607530593872,"[53, 69, 64, 57, 60, 27, 23, 11, 51, 22, 25, 43, 26, 5, 68, 65, 2, 35, 44, 30, 1, 56, 3, 10, 17, 67, 42, 15, 45, 34, 52, 12, 48, 55, 49, 36, 58, 33, 39, 54, 70, 8, 24, 47, 20, 59, 61, 13, 31, 32, 28, 6, 18, 9, 63, 7, 37, 16, 62, 46, 40, 50, 4, 14, 66, 19, 38, 21, 29, 41, 53]"
EUC_2D7892,random_instance_7892_nodes_80,7892,EUC_2D,80,6.783437136771336,6.902264921911674,1.7517%,900.9039595127106,"[63, 38, 59, 79, 24, 74, 28, 80, 62, 4, 48, 53, 8, 3, 17, 35, 55, 37, 36, 45, 46, 65, 60, 1, 19, 72, 66, 27, 18, 54, 20, 15, 31, 30, 77, 39, 29, 9, 67, 52, 68, 22, 16, 25, 14, 49, 10, 23, 58, 70, 64, 5, 7, 78, 44, 40, 42, 2, 51, 26, 6, 75, 76, 33, 57, 61, 34, 43, 41, 47, 11, 32, 50, 21, 69, 12, 71, 13, 73, 56, 63]"
EUC_2D5900,random_instance_5900_nodes_60,5900,EUC_2D,60,6.120004576775367,6.620220110709206,8.1735%,621.5484602451324,"[3, 1, 19, 46, 57, 21, 27, 33, 22, 9, 44, 40, 25, 12, 23, 47, 30, 51, 24, 28, 36, 13, 52, 42, 59, 7, 18, 34, 43, 31, 45, 58, 49, 48, 2, 50, 29, 32, 60, 6, 37, 8, 10, 41, 54, 5, 15, 11, 20, 55, 14, 56, 4, 26, 38, 16, 17, 53, 35, 39, 3]"
EUC_2D5371,random_instance_5371_nodes_50,5371,EUC_2D,50,5.828585790073382,5.941104851573021,1.9305%,527.8715445995331,"[31, 21, 11, 34, 25, 22, 24, 13, 44, 23, 41, 20, 3, 7, 1, 30, 26, 45, 5, 48, 47, 9, 29, 28, 42, 17, 32, 12, 6, 15, 14, 10, 16, 33, 46, 27, 4, 40, 37, 8, 36, 18, 19, 35, 49, 43, 50, 2, 39, 38, 31]"
EUC_2D4529,random_instance_4529_nodes_50,4529,EUC_2D,50,5.509223254537369,5.525988538199519,0.3043%,191.71915125846863,"[24, 34, 23, 43, 26, 49, 41, 8, 13, 42, 1, 29, 16, 19, 22, 12, 2, 20, 44, 45, 48, 18, 21, 33, 36, 39, 7, 50, 17, 9, 14, 31, 47, 30, 40, 5, 3, 11, 37, 15, 46, 28, 6, 10, 27, 25, 4, 32, 35, 38, 24]"
EUC_2D289,random_instance_289_nodes_10,289,EUC_2D,10,2.8718771911489966,2.8718771911489966,0.0000%,0.9128658771514893,"[3, 1, 2, 6, 7, 10, 8, 5, 9, 4, 3]"
EUC_2D5849,random_instance_5849_nodes_60,5849,EUC_2D,60,6.084162817819011,6.212482899683306,2.1091%,462.2974042892456,"[29, 12, 14, 41, 35, 39, 7, 5, 45, 32, 4, 51, 60, 43, 33, 49, 11, 24, 42, 8, 15, 26, 52, 3, 6, 27, 40, 9, 34, 28, 59, 55, 20, 50, 13, 48, 22, 16, 58, 23, 47, 21, 17, 56, 44, 18, 36, 25, 10, 37, 30, 19, 38, 53, 1, 31, 57, 54, 2, 46, 29]"
EUC_2D6579,random_instance_6579_nodes_60,6579,EUC_2D,60,6.099248072869086,6.624358128317952,8.6094%,479.8781085014343,"[41, 4, 40, 48, 22, 16, 37, 29, 31, 7, 5, 24, 12, 53, 55, 30, 58, 11, 42, 21, 47, 13, 20, 1, 36, 49, 50, 59, 39, 8, 27, 60, 38, 6, 43, 10, 34, 14, 19, 15, 32, 18, 46, 26, 23, 51, 9, 54, 33, 57, 45, 35, 28, 25, 2, 56, 44, 17, 52, 3, 41]"
EUC_2D1466,random_instance_1466_nodes_20,1466,EUC_2D,20,3.9966645422674154,3.996664542267415,-0.0000%,23.913294792175293,"[14, 1, 17, 19, 8, 3, 5, 9, 4, 18, 13, 6, 2, 10, 20, 16, 11, 15, 7, 12, 14]"
EUC_2D7824,random_instance_7824_nodes_80,7824,EUC_2D,80,7.110948978826947,7.2843619705446185,2.4387%,1657.1183319091797,"[10, 37, 53, 17, 35, 54, 51, 63, 66, 47, 60, 49, 43, 59, 21, 31, 78, 44, 2, 3, 73, 40, 65, 9, 67, 26, 45, 33, 42, 15, 19, 18, 13, 72, 25, 4, 52, 80, 38, 39, 11, 76, 41, 56, 28, 75, 36, 16, 74, 20, 71, 79, 22, 5, 12, 24, 8, 48, 70, 58, 14, 46, 61, 23, 7, 62, 55, 50, 30, 1, 68, 29, 69, 57, 64, 6, 77, 32, 27, 34, 10]"
EUC_2D7502,random_instance_7502_nodes_70,7502,EUC_2D,70,6.895810623963233,7.030863539888477,1.9585%,1705.1299171447754,"[28, 50, 45, 41, 62, 5, 21, 20, 49, 29, 58, 63, 42, 32, 38, 65, 10, 19, 3, 57, 60, 16, 34, 11, 37, 9, 54, 27, 24, 59, 40, 1, 46, 31, 70, 33, 7, 52, 17, 36, 26, 12, 43, 64, 23, 14, 15, 13, 66, 30, 39, 2, 69, 18, 35, 67, 48, 51, 56, 22, 68, 4, 25, 44, 61, 55, 53, 47, 6, 8, 28]"
EUC_2D3137,random_instance_3137_nodes_30,3137,EUC_2D,30,4.15820370204683,4.165855843458185,0.1840%,34.2367262840271,"[26, 2, 21, 18, 14, 5, 13, 12, 30, 7, 6, 17, 1, 24, 16, 22, 9, 25, 20, 4, 3, 29, 11, 28, 27, 10, 23, 19, 8, 15, 26]"
EUC_2D9874,random_instance_9874_nodes_90,9874,EUC_2D,90,7.34889257229462,7.5718952661591405,3.0345%,2355.436527490616,"[90, 3, 50, 1, 32, 13, 26, 23, 6, 28, 40, 11, 72, 9, 54, 82, 65, 76, 35, 16, 84, 7, 36, 4, 5, 57, 8, 17, 25, 19, 52, 85, 74, 45, 47, 75, 51, 20, 49, 46, 12, 69, 86, 70, 58, 83, 55, 81, 22, 34, 63, 79, 15, 41, 53, 14, 68, 80, 37, 64, 48, 2, 87, 67, 44, 43, 27, 61, 56, 24, 33, 39, 78, 21, 60, 31, 89, 62, 10, 59, 42, 18, 88, 38, 71, 30, 66, 77, 73, 29, 90]"
EUC_2D7024,random_instance_7024_nodes_70,7024,EUC_2D,70,6.7629829350313075,7.198637599039104,6.4418%,1196.4707026481628,"[13, 68, 61, 27, 39, 59, 34, 57, 31, 20, 54, 23, 19, 24, 26, 42, 40, 64, 17, 47, 21, 11, 60, 29, 45, 46, 69, 4, 10, 66, 51, 67, 6, 41, 22, 1, 3, 12, 44, 33, 9, 14, 8, 65, 38, 28, 62, 7, 18, 52, 50, 5, 70, 58, 48, 16, 55, 63, 30, 2, 56, 36, 32, 35, 15, 49, 43, 37, 53, 25, 13]"
EUC_2D3864,random_instance_3864_nodes_40,3864,EUC_2D,40,5.737482978808004,5.783218487757323,0.7971%,104.82403111457825,"[33, 16, 12, 8, 23, 38, 22, 29, 7, 1, 39, 17, 18, 36, 13, 6, 31, 34, 26, 20, 21, 30, 4, 5, 32, 28, 9, 35, 19, 27, 10, 37, 40, 14, 11, 24, 3, 25, 15, 2, 33]"
EUC_2D2003,random_instance_2003_nodes_20,2003,EUC_2D,20,4.3764526528779015,4.376452652877901,-0.0000%,7.177529811859131,"[19, 2, 3, 8, 4, 20, 13, 10, 6, 15, 17, 1, 12, 7, 14, 16, 18, 11, 5, 9, 19]"
EUC_2D8103,random_instance_8103_nodes_80,8103,EUC_2D,80,7.304810748978242,7.392166080063682,1.1959%,2696.695145368576,"[37, 43, 44, 58, 2, 23, 66, 15, 13, 10, 14, 42, 35, 49, 28, 9, 40, 50, 4, 80, 41, 47, 19, 63, 33, 45, 60, 74, 46, 51, 62, 17, 77, 78, 12, 36, 73, 22, 7, 1, 56, 79, 68, 67, 52, 70, 61, 11, 5, 55, 27, 64, 31, 34, 75, 72, 53, 6, 54, 16, 26, 71, 8, 38, 30, 59, 20, 24, 32, 29, 69, 18, 25, 57, 76, 3, 21, 48, 39, 65, 37]"
EUC_2D6766,random_instance_6766_nodes_70,6766,EUC_2D,70,6.691461015761333,6.90574871871048,3.2024%,2812.813281774521,"[32, 59, 28, 56, 15, 47, 61, 23, 70, 58, 42, 27, 16, 44, 39, 54, 18, 62, 38, 17, 45, 35, 7, 63, 12, 51, 2, 67, 10, 24, 37, 52, 26, 3, 40, 8, 13, 57, 50, 36, 21, 43, 41, 33, 46, 68, 11, 25, 55, 66, 20, 31, 9, 5, 22, 1, 6, 60, 64, 53, 48, 19, 4, 34, 49, 14, 29, 69, 65, 30, 32]"
EUC_2D7628,random_instance_7628_nodes_70,7628,EUC_2D,70,6.89960443032775,6.987116085793575,1.2684%,1750.0365297794342,"[6, 65, 30, 32, 51, 10, 59, 67, 55, 18, 34, 4, 36, 15, 2, 26, 21, 66, 35, 17, 60, 46, 5, 3, 19, 29, 53, 16, 27, 12, 68, 69, 20, 50, 40, 37, 52, 8, 22, 56, 9, 57, 31, 64, 7, 14, 1, 62, 33, 23, 42, 39, 25, 38, 58, 47, 43, 13, 41, 54, 11, 63, 44, 24, 48, 49, 61, 28, 70, 45, 6]"
EUC_2D360,random_instance_360_nodes_10,360,EUC_2D,10,2.3549135461978983,2.3549135461978983,0.0000%,2.6204206943511963,"[6, 1, 3, 9, 10, 8, 4, 5, 2, 7, 6]"
EUC_2D21,random_instance_21_nodes_10,21,EUC_2D,10,2.471115048768196,2.505442685264537,1.3892%,1.407029628753662,"[6, 2, 3, 4, 7, 10, 8, 9, 5, 1, 6]"
EUC_2D4168,random_instance_4168_nodes_40,4168,EUC_2D,40,5.5058412771071765,5.505841277107173,-0.0000%,96.14765238761902,"[22, 30, 24, 2, 29, 12, 37, 11, 39, 3, 21, 5, 1, 33, 26, 9, 7, 8, 32, 6, 15, 17, 31, 27, 19, 10, 23, 13, 34, 36, 25, 4, 20, 16, 14, 28, 18, 40, 35, 38, 22]"
EUC_2D9610,random_instance_9610_nodes_90,9610,EUC_2D,90,7.462735886928361,7.797229992290941,4.4822%,1588.8821141719818,"[71, 55, 49, 7, 29, 25, 87, 1, 70, 20, 56, 22, 64, 5, 85, 47, 3, 52, 17, 74, 62, 11, 66, 59, 38, 39, 12, 37, 65, 30, 60, 77, 58, 2, 61, 78, 53, 48, 80, 16, 40, 57, 54, 33, 24, 34, 67, 19, 6, 76, 63, 14, 21, 68, 69, 81, 9, 83, 50, 79, 41, 72, 75, 27, 45, 4, 32, 36, 86, 31, 82, 73, 43, 26, 46, 44, 89, 23, 10, 28, 84, 51, 8, 18, 88, 13, 90, 42, 15, 35, 71]"
EUC_2D7034,random_instance_7034_nodes_70,7034,EUC_2D,70,6.4299691098511556,6.7206862914961665,4.5213%,682.314314365387,"[52, 22, 23, 12, 53, 29, 24, 36, 65, 5, 44, 60, 42, 30, 11, 68, 70, 57, 45, 56, 54, 33, 17, 49, 4, 7, 67, 37, 31, 21, 34, 10, 28, 61, 27, 16, 63, 59, 43, 1, 15, 38, 18, 50, 6, 58, 35, 9, 14, 55, 32, 40, 66, 41, 20, 64, 3, 48, 25, 62, 26, 51, 13, 39, 8, 46, 47, 69, 2, 19, 52]"
EUC_2D6068,random_instance_6068_nodes_60,6068,EUC_2D,60,6.236325740299837,6.402544259321017,2.6653%,545.9883255958557,"[16, 51, 5, 47, 41, 29, 17, 53, 19, 50, 15, 28, 59, 58, 11, 57, 60, 46, 13, 49, 18, 26, 25, 33, 42, 48, 10, 27, 31, 6, 12, 21, 39, 2, 44, 14, 40, 37, 35, 23, 34, 54, 32, 56, 24, 22, 38, 30, 52, 1, 43, 55, 36, 8, 7, 4, 9, 3, 45, 20, 16]"
EUC_2D9174,random_instance_9174_nodes_90,9174,EUC_2D,90,7.38124204711593,8.010410451035503,8.5239%,1650.8476130962372,"[19, 9, 73, 80, 18, 51, 23, 74, 85, 42, 83, 66, 37, 55, 44, 79, 10, 78, 13, 71, 82, 33, 43, 47, 24, 6, 87, 1, 86, 16, 53, 28, 11, 36, 46, 3, 59, 21, 35, 30, 65, 34, 69, 45, 17, 25, 75, 56, 81, 54, 41, 48, 31, 14, 32, 4, 67, 27, 52, 77, 89, 49, 70, 2, 72, 90, 50, 57, 20, 62, 5, 88, 68, 39, 22, 38, 58, 12, 61, 63, 60, 26, 8, 64, 84, 15, 7, 40, 29, 76, 19]"
EUC_2D7069,random_instance_7069_nodes_70,7069,EUC_2D,70,6.417344721908099,6.698341656917616,4.3787%,1021.5396935939789,"[15, 3, 65, 68, 33, 62, 17, 25, 19, 32, 50, 49, 26, 13, 34, 53, 31, 42, 43, 9, 1, 11, 36, 28, 14, 21, 47, 20, 55, 41, 48, 63, 5, 18, 69, 39, 44, 8, 66, 59, 24, 60, 64, 54, 45, 12, 35, 67, 38, 30, 29, 46, 22, 7, 58, 61, 70, 56, 37, 16, 23, 57, 10, 52, 4, 40, 6, 27, 2, 51, 15]"
EUC_2D4701,random_instance_4701_nodes_50,4701,EUC_2D,50,5.560912527178975,5.974649709884953,7.4401%,242.6751253604889,"[22, 30, 46, 23, 39, 4, 36, 17, 21, 10, 19, 48, 44, 32, 29, 50, 34, 31, 2, 7, 20, 13, 5, 3, 27, 41, 16, 43, 14, 18, 38, 40, 42, 24, 25, 15, 12, 35, 8, 47, 37, 9, 49, 11, 33, 45, 1, 26, 6, 28, 22]"
EUC_2D9030,random_instance_9030_nodes_90,9030,EUC_2D,90,7.233092372041172,7.5338809554809165,4.1585%,3163.6530709266663,"[25, 78, 29, 27, 46, 82, 5, 68, 21, 19, 31, 1, 70, 86, 73, 64, 69, 30, 59, 44, 62, 56, 79, 83, 15, 50, 63, 4, 16, 39, 11, 18, 51, 17, 58, 52, 76, 89, 45, 7, 80, 67, 88, 71, 12, 84, 20, 6, 47, 37, 42, 49, 24, 40, 38, 14, 34, 8, 35, 3, 53, 55, 26, 72, 87, 77, 13, 48, 10, 28, 36, 81, 22, 33, 74, 60, 43, 23, 9, 65, 90, 61, 75, 32, 85, 66, 41, 2, 57, 54, 25]"
EUC_2D5522,random_instance_5522_nodes_50,5522,EUC_2D,50,5.4648536429280234,5.804469383765698,6.2145%,361.4979751110077,"[33, 22, 47, 38, 46, 13, 37, 49, 11, 7, 21, 23, 18, 50, 31, 10, 14, 20, 34, 40, 29, 16, 17, 2, 8, 35, 36, 4, 24, 1, 9, 32, 5, 25, 39, 30, 43, 44, 6, 3, 15, 27, 12, 48, 41, 28, 42, 45, 26, 19, 33]"
EUC_2D8252,random_instance_8252_nodes_80,8252,EUC_2D,80,7.265032565075619,7.522427028097849,3.5429%,882.8024635314941,"[30, 13, 52, 47, 38, 49, 16, 22, 53, 66, 72, 61, 70, 31, 28, 74, 63, 34, 54, 25, 43, 27, 11, 45, 77, 42, 73, 8, 69, 64, 6, 71, 24, 50, 76, 32, 67, 21, 37, 59, 75, 3, 10, 19, 56, 26, 65, 15, 41, 58, 14, 39, 62, 1, 79, 57, 18, 78, 68, 46, 7, 5, 80, 17, 48, 55, 51, 40, 60, 9, 12, 35, 36, 2, 44, 20, 23, 33, 4, 29, 30]"
EUC_2D2089,random_instance_2089_nodes_20,2089,EUC_2D,20,4.136345699487078,4.397303728970518,6.3089%,18.89846396446228,"[9, 1, 19, 18, 13, 11, 8, 15, 16, 4, 17, 6, 12, 20, 5, 14, 7, 3, 10, 2, 9]"
EUC_2D5921,random_instance_5921_nodes_60,5921,EUC_2D,60,5.6384371912504525,5.663949906687586,0.4525%,440.8184700012207,"[38, 45, 44, 53, 21, 42, 26, 27, 43, 52, 5, 24, 14, 17, 18, 32, 22, 25, 39, 33, 48, 10, 34, 30, 13, 37, 47, 60, 51, 55, 29, 56, 4, 16, 23, 2, 12, 31, 54, 19, 57, 20, 46, 11, 58, 15, 6, 40, 36, 9, 35, 59, 50, 49, 1, 28, 8, 41, 7, 3, 38]"
EUC_2D6335,random_instance_6335_nodes_60,6335,EUC_2D,60,6.056879068650993,6.453233782646669,6.5439%,413.2125995159149,"[3, 51, 10, 33, 14, 54, 59, 47, 5, 23, 53, 29, 60, 12, 43, 38, 46, 24, 45, 57, 40, 16, 21, 27, 35, 8, 50, 18, 9, 28, 34, 56, 25, 11, 1, 44, 19, 41, 36, 7, 17, 39, 42, 31, 13, 2, 26, 37, 15, 32, 4, 6, 48, 22, 20, 55, 52, 49, 30, 58, 3]"
EUC_2D9918,random_instance_9918_nodes_90,9918,EUC_2D,90,8.045126372936293,8.385543863153027,4.2314%,3819.795909881592,"[39, 26, 53, 2, 25, 70, 62, 75, 85, 19, 34, 6, 82, 18, 5, 27, 3, 1, 43, 24, 32, 71, 17, 66, 61, 45, 20, 56, 59, 49, 22, 87, 9, 73, 77, 37, 88, 4, 44, 15, 35, 67, 65, 31, 10, 14, 8, 11, 40, 52, 78, 81, 33, 23, 79, 29, 41, 12, 50, 76, 30, 86, 42, 68, 51, 90, 64, 28, 74, 36, 38, 7, 54, 46, 55, 80, 16, 13, 69, 63, 57, 89, 83, 60, 21, 48, 84, 47, 58, 72, 39]"
EUC_2D8158,random_instance_8158_nodes_80,8158,EUC_2D,80,6.95909092384362,7.32447626412371,5.2505%,2173.1291139125824,"[62, 74, 48, 23, 55, 11, 39, 47, 77, 56, 66, 51, 21, 78, 37, 67, 59, 49, 6, 42, 32, 27, 69, 15, 20, 43, 63, 3, 40, 13, 68, 16, 36, 2, 71, 8, 4, 10, 50, 35, 28, 38, 72, 1, 25, 60, 26, 64, 52, 19, 31, 79, 80, 33, 18, 61, 54, 7, 24, 44, 70, 46, 34, 17, 65, 5, 14, 29, 41, 53, 45, 22, 57, 30, 76, 9, 75, 73, 12, 58, 62]"
EUC_2D9267,random_instance_9267_nodes_90,9267,EUC_2D,90,7.207795544687591,7.356863112920931,2.0681%,3788.008407831192,"[4, 75, 74, 79, 51, 12, 70, 7, 28, 85, 30, 21, 38, 83, 18, 90, 37, 48, 9, 17, 80, 45, 15, 71, 26, 64, 19, 65, 36, 23, 27, 87, 61, 54, 13, 69, 8, 10, 16, 72, 66, 41, 59, 24, 47, 35, 81, 22, 52, 73, 89, 32, 63, 11, 84, 55, 62, 14, 1, 49, 39, 33, 20, 42, 60, 46, 29, 3, 78, 67, 76, 43, 6, 57, 44, 5, 77, 82, 31, 58, 40, 50, 86, 34, 2, 25, 53, 56, 68, 88, 4]"
EUC_2D7039,random_instance_7039_nodes_70,7039,EUC_2D,70,6.5942964157523685,6.818842737905859,3.4052%,591.3371889591217,"[21, 41, 39, 13, 10, 12, 62, 37, 49, 31, 4, 9, 24, 38, 25, 61, 65, 2, 66, 69, 67, 18, 29, 23, 20, 60, 64, 36, 19, 46, 28, 11, 48, 57, 51, 6, 63, 27, 16, 52, 14, 59, 35, 42, 5, 34, 1, 26, 55, 58, 30, 15, 17, 70, 33, 56, 50, 3, 22, 68, 32, 8, 43, 45, 44, 47, 54, 40, 7, 53, 21]"
EUC_2D454,random_instance_454_nodes_10,454,EUC_2D,10,2.2954902539316837,2.295490253931684,0.0000%,0.309830904006958,"[2, 5, 4, 1, 7, 9, 6, 10, 8, 3, 2]"
EUC_2D4643,random_instance_4643_nodes_50,4643,EUC_2D,50,5.729383305247324,5.874704192841137,2.5364%,670.5117800235748,"[2, 39, 37, 41, 11, 16, 40, 27, 18, 24, 25, 36, 49, 50, 20, 6, 19, 38, 34, 48, 9, 13, 1, 22, 5, 30, 7, 46, 28, 47, 15, 32, 44, 23, 31, 21, 45, 14, 35, 43, 12, 29, 8, 10, 17, 4, 3, 33, 42, 26, 2]"
EUC_2D4184,random_instance_4184_nodes_40,4184,EUC_2D,40,4.993315661080387,5.160717738191784,3.3525%,107.20276284217834,"[35, 28, 31, 5, 26, 23, 39, 10, 25, 6, 16, 20, 19, 29, 8, 4, 7, 18, 40, 11, 24, 30, 32, 33, 22, 3, 34, 13, 15, 12, 9, 17, 38, 2, 37, 14, 27, 21, 36, 1, 35]"
EUC_2D8694,random_instance_8694_nodes_80,8694,EUC_2D,80,6.55424160519197,6.6561250933831335,1.5545%,2184.680391073227,"[29, 27, 24, 67, 42, 60, 8, 68, 25, 35, 50, 11, 45, 19, 3, 69, 48, 10, 55, 39, 56, 80, 13, 5, 30, 70, 18, 9, 36, 12, 53, 54, 51, 41, 76, 20, 46, 38, 34, 23, 32, 62, 1, 64, 7, 72, 58, 49, 26, 6, 33, 44, 31, 14, 52, 78, 71, 21, 59, 73, 28, 17, 43, 15, 16, 61, 57, 47, 77, 63, 65, 37, 4, 40, 75, 79, 22, 66, 2, 74, 29]"
EUC_2D9696,random_instance_9696_nodes_90,9696,EUC_2D,90,7.87144098113237,8.219740088826471,4.4248%,3399.244098186493,"[88, 19, 89, 30, 68, 6, 76, 59, 7, 35, 49, 41, 66, 61, 51, 26, 37, 23, 90, 73, 1, 10, 39, 29, 77, 27, 78, 87, 16, 21, 52, 67, 11, 56, 25, 43, 55, 65, 14, 15, 18, 60, 5, 3, 64, 36, 13, 84, 31, 72, 58, 40, 69, 57, 8, 2, 45, 70, 9, 80, 86, 47, 54, 62, 44, 34, 71, 53, 46, 33, 20, 81, 32, 17, 83, 4, 75, 48, 63, 50, 79, 38, 24, 82, 74, 85, 28, 42, 22, 12, 88]"
EUC_2D631,random_instance_631_nodes_10,631,EUC_2D,10,3.175349143743315,3.175349143743315,0.0000%,1.592341423034668,"[6, 1, 2, 5, 8, 4, 9, 7, 3, 10, 6]"
EUC_2D9601,random_instance_9601_nodes_90,9601,EUC_2D,90,7.312728135157687,8.103676303455737,10.8160%,1870.265787601471,"[69, 27, 8, 55, 9, 75, 12, 49, 39, 79, 42, 81, 14, 17, 46, 32, 57, 5, 85, 3, 54, 45, 87, 58, 77, 88, 71, 22, 20, 76, 66, 34, 33, 83, 74, 21, 78, 2, 36, 70, 60, 28, 41, 43, 31, 26, 62, 25, 63, 19, 47, 72, 35, 29, 16, 44, 86, 23, 65, 56, 68, 67, 38, 10, 48, 80, 90, 61, 59, 51, 1, 73, 50, 53, 18, 11, 84, 37, 6, 13, 52, 82, 24, 7, 64, 30, 4, 15, 89, 40, 69]"
EUC_2D9273,random_instance_9273_nodes_90,9273,EUC_2D,90,7.441828119523803,8.301047548395303,11.5458%,2038.8272125720978,"[56, 85, 87, 89, 46, 47, 3, 39, 19, 71, 88, 76, 22, 34, 43, 65, 45, 55, 61, 83, 57, 6, 24, 7, 17, 37, 9, 52, 62, 75, 82, 4, 5, 13, 80, 90, 29, 25, 23, 1, 26, 74, 79, 14, 63, 70, 53, 67, 8, 73, 10, 86, 68, 54, 27, 72, 31, 59, 78, 38, 51, 32, 35, 21, 49, 50, 15, 48, 58, 66, 42, 28, 84, 20, 30, 12, 2, 77, 60, 18, 41, 69, 40, 81, 33, 64, 44, 16, 11, 36, 56]"
EUC_2D7876,random_instance_7876_nodes_80,7876,EUC_2D,80,7.180836229770518,7.388994575928565,2.8988%,1738.0544879436493,"[38, 22, 28, 46, 21, 8, 26, 4, 42, 78, 14, 6, 39, 40, 77, 15, 69, 16, 76, 53, 19, 66, 29, 74, 2, 10, 54, 79, 48, 64, 49, 70, 67, 27, 73, 52, 71, 23, 57, 3, 20, 43, 17, 80, 50, 41, 11, 9, 51, 25, 18, 7, 13, 36, 56, 72, 34, 35, 60, 61, 31, 5, 45, 37, 58, 33, 59, 55, 75, 24, 62, 1, 44, 32, 47, 68, 65, 12, 30, 63, 38]"
EUC_2D2154,random_instance_2154_nodes_20,2154,EUC_2D,20,3.8441101358791245,3.8441101358791236,-0.0000%,8.654836177825928,"[8, 11, 6, 13, 2, 1, 16, 18, 17, 4, 10, 12, 20, 19, 15, 3, 14, 7, 5, 9, 8]"
EUC_2D523,random_instance_523_nodes_10,523,EUC_2D,10,2.4829800670378024,2.4829800670378024,0.0000%,0.7902002334594727,"[1, 2, 10, 5, 9, 6, 3, 4, 7, 8, 1]"
EUC_2D4723,random_instance_4723_nodes_50,4723,EUC_2D,50,5.786443530360685,5.95879246096729,2.9785%,318.1769471168518,"[4, 25, 17, 16, 32, 39, 45, 44, 37, 11, 22, 3, 35, 19, 34, 24, 18, 30, 27, 47, 23, 28, 48, 12, 7, 13, 14, 49, 36, 43, 41, 42, 21, 38, 26, 6, 46, 31, 8, 9, 29, 40, 20, 50, 5, 2, 10, 33, 1, 15, 4]"
EUC_2D2228,random_instance_2228_nodes_30,2228,EUC_2D,30,4.406350674936434,4.483327092336852,1.7469%,27.71601676940918,"[29, 19, 9, 12, 28, 30, 1, 13, 5, 2, 8, 20, 24, 23, 3, 25, 21, 14, 26, 15, 7, 10, 6, 11, 27, 18, 16, 22, 17, 4, 29]"
EUC_2D5835,random_instance_5835_nodes_60,5835,EUC_2D,60,5.8587704920604144,5.98421850685118,2.1412%,513.4736747741699,"[25, 16, 8, 21, 37, 43, 36, 11, 2, 48, 18, 13, 47, 45, 20, 28, 44, 4, 49, 5, 52, 58, 33, 57, 22, 3, 38, 55, 51, 46, 7, 39, 12, 31, 30, 15, 53, 41, 19, 27, 6, 24, 14, 23, 9, 59, 26, 35, 1, 40, 56, 60, 32, 10, 17, 42, 50, 29, 34, 54, 25]"
EUC_2D6611,random_instance_6611_nodes_60,6611,EUC_2D,60,6.137592124457556,6.4219883178305395,4.6337%,619.9836101531982,"[42, 10, 35, 12, 45, 25, 52, 3, 9, 55, 5, 24, 2, 8, 15, 21, 49, 39, 6, 13, 20, 28, 27, 36, 23, 11, 17, 43, 38, 31, 29, 59, 53, 22, 56, 40, 37, 51, 47, 4, 46, 60, 44, 50, 26, 48, 33, 1, 16, 57, 34, 54, 7, 32, 58, 19, 30, 14, 18, 41, 42]"
EUC_2D2744,random_instance_2744_nodes_30,2744,EUC_2D,30,4.505915607397896,4.526947833957158,0.4668%,53.801499128341675,"[30, 23, 16, 15, 19, 27, 18, 13, 1, 21, 5, 2, 4, 6, 3, 29, 17, 24, 10, 22, 7, 9, 8, 12, 11, 14, 25, 26, 20, 28, 30]"
EUC_2D240,random_instance_240_nodes_10,240,EUC_2D,10,3.350540573594905,3.3505405735949054,0.0000%,0.6763546466827393,"[4, 2, 1, 10, 7, 9, 8, 3, 6, 5, 4]"
EUC_2D9797,random_instance_9797_nodes_90,9797,EUC_2D,90,7.482441772152043,7.740368480990844,3.4471%,3647.0610485076904,"[9, 37, 86, 23, 65, 28, 51, 38, 34, 25, 54, 85, 75, 87, 26, 6, 55, 2, 31, 70, 13, 36, 73, 59, 16, 46, 89, 74, 30, 58, 82, 69, 57, 21, 40, 39, 22, 66, 64, 53, 72, 29, 88, 56, 3, 90, 8, 50, 20, 12, 81, 27, 77, 41, 5, 24, 49, 80, 48, 35, 83, 10, 78, 79, 43, 18, 11, 4, 84, 7, 76, 14, 15, 32, 33, 60, 42, 68, 47, 45, 62, 67, 52, 61, 19, 1, 44, 71, 17, 63, 9]"
EUC_2D8861,random_instance_8861_nodes_80,8861,EUC_2D,80,6.931356347298409,7.237247000339895,4.4131%,2556.670780658722,"[37, 44, 79, 74, 30, 11, 77, 24, 52, 53, 58, 61, 65, 63, 32, 57, 48, 60, 55, 80, 76, 19, 62, 21, 69, 38, 34, 9, 6, 71, 16, 64, 51, 49, 27, 41, 73, 31, 42, 43, 13, 56, 75, 8, 66, 4, 33, 18, 22, 15, 47, 17, 5, 46, 40, 70, 29, 1, 14, 54, 26, 35, 45, 3, 59, 72, 36, 67, 7, 23, 10, 28, 50, 2, 20, 68, 12, 25, 78, 39, 37]"
EUC_2D967,random_instance_967_nodes_10,967,EUC_2D,10,3.241005882473284,3.2410058824732837,-0.0000%,1.3427083492279053,"[9, 3, 5, 6, 4, 10, 8, 7, 2, 1, 9]"
EUC_2D6319,random_instance_6319_nodes_60,6319,EUC_2D,60,6.303133582625927,6.486507528966861,2.9093%,760.152067899704,"[36, 49, 10, 20, 2, 54, 33, 50, 30, 31, 57, 25, 55, 26, 39, 56, 24, 5, 52, 13, 19, 60, 4, 28, 18, 42, 7, 15, 1, 53, 9, 21, 58, 51, 48, 41, 40, 45, 34, 12, 32, 23, 59, 27, 14, 3, 22, 35, 29, 43, 46, 11, 47, 16, 6, 37, 38, 44, 8, 17, 36]"
EUC_2D9995,random_instance_9995_nodes_90,9995,EUC_2D,90,7.35108803407124,8.102978245459525,10.2283%,3269.1192162036896,"[89, 44, 57, 69, 17, 52, 28, 72, 23, 24, 2, 50, 34, 42, 20, 67, 83, 9, 86, 43, 47, 3, 26, 68, 58, 74, 78, 46, 7, 21, 13, 73, 77, 16, 41, 37, 62, 87, 11, 1, 38, 32, 81, 75, 70, 49, 63, 55, 54, 18, 51, 27, 88, 29, 33, 31, 85, 30, 6, 19, 22, 35, 84, 60, 53, 59, 39, 40, 64, 80, 71, 4, 15, 8, 45, 5, 48, 66, 12, 25, 61, 14, 76, 79, 65, 36, 10, 82, 90, 56, 89]"
EUC_2D2201,random_instance_2201_nodes_20,2201,EUC_2D,20,4.198612157112681,4.198612157112681,0.0000%,12.3903226852417,"[15, 5, 6, 12, 14, 18, 2, 7, 13, 11, 8, 9, 10, 19, 16, 4, 17, 3, 20, 1, 15]"
EUC_2D6004,random_instance_6004_nodes_60,6004,EUC_2D,60,6.395643675560068,6.97439539666246,9.0492%,491.8002631664276,"[58, 4, 57, 1, 12, 24, 29, 11, 50, 6, 34, 2, 27, 21, 51, 32, 37, 16, 33, 36, 15, 7, 55, 10, 19, 23, 39, 14, 42, 35, 28, 20, 45, 30, 52, 43, 31, 46, 9, 47, 44, 25, 17, 49, 18, 59, 13, 8, 40, 56, 22, 3, 5, 60, 53, 38, 48, 41, 26, 54, 58]"
EUC_2D10349,random_instance_10349_nodes_100,10349,EUC_2D,100,7.78688717074963,8.153499303690642,4.7081%,4002.087723016739,"[67, 86, 51, 77, 19, 62, 41, 94, 82, 11, 96, 76, 93, 2, 54, 48, 47, 75, 5, 66, 15, 32, 8, 97, 81, 74, 35, 71, 14, 64, 53, 57, 99, 58, 40, 3, 28, 46, 89, 83, 45, 4, 37, 22, 56, 68, 12, 31, 91, 42, 61, 52, 80, 17, 88, 36, 84, 87, 26, 25, 18, 50, 6, 63, 10, 43, 27, 13, 60, 39, 65, 100, 33, 98, 95, 34, 44, 1, 16, 9, 78, 49, 59, 30, 55, 29, 92, 90, 69, 7, 20, 79, 38, 24, 21, 85, 70, 23, 73, 72, 67]"
EUC_2D10528,random_instance_10528_nodes_100,10528,EUC_2D,100,7.828047377566739,8.079270507963756,3.2093%,3371.24808549881,"[8, 87, 42, 1, 15, 25, 11, 41, 75, 100, 72, 74, 7, 62, 12, 6, 85, 88, 32, 92, 40, 71, 78, 63, 47, 86, 81, 56, 68, 37, 5, 58, 98, 91, 55, 31, 99, 52, 67, 84, 27, 16, 34, 95, 14, 38, 59, 54, 13, 70, 82, 4, 3, 65, 18, 20, 77, 61, 21, 29, 80, 57, 51, 23, 26, 49, 76, 33, 50, 17, 28, 35, 96, 45, 24, 79, 46, 48, 66, 83, 90, 97, 94, 30, 19, 69, 60, 64, 9, 10, 44, 2, 53, 89, 73, 39, 22, 43, 93, 36, 8]"
EUC_2D1039,random_instance_1039_nodes_10,1039,EUC_2D,10,2.756398529722789,2.7563985297227886,-0.0000%,1.3042352199554443,"[4, 10, 2, 1, 8, 7, 9, 3, 5, 6, 4]"
EUC_2D9005,random_instance_9005_nodes_90,9005,EUC_2D,90,7.5417465666878005,7.624203357681121,1.0933%,3987.113492488861,"[5, 20, 58, 35, 38, 77, 37, 49, 51, 64, 43, 24, 61, 33, 79, 55, 18, 47, 17, 52, 32, 54, 6, 41, 8, 80, 66, 74, 63, 16, 86, 40, 15, 19, 57, 23, 14, 36, 22, 25, 90, 56, 75, 12, 50, 68, 87, 10, 27, 46, 7, 4, 69, 60, 85, 29, 34, 72, 3, 13, 30, 48, 76, 44, 59, 31, 67, 84, 83, 21, 81, 2, 62, 89, 78, 71, 53, 70, 28, 11, 45, 42, 73, 65, 82, 1, 88, 39, 9, 26, 5]"
EUC_2D1367,random_instance_1367_nodes_20,1367,EUC_2D,20,3.856664480546383,3.856664480546383,0.0000%,15.93697476387024,"[18, 19, 16, 9, 11, 17, 7, 13, 5, 8, 1, 2, 10, 3, 20, 4, 14, 6, 12, 15, 18]"
EUC_2D10381,random_instance_10381_nodes_100,10381,EUC_2D,100,8.024992363338823,8.256251105584424,2.8817%,3039.305738925934,"[21, 15, 87, 97, 40, 34, 31, 79, 68, 90, 20, 54, 75, 88, 83, 18, 60, 23, 56, 48, 96, 100, 95, 92, 4, 46, 44, 22, 72, 67, 84, 26, 25, 59, 5, 9, 81, 8, 53, 12, 98, 85, 41, 50, 42, 89, 99, 47, 66, 38, 93, 78, 55, 43, 6, 80, 27, 63, 94, 32, 61, 33, 1, 35, 74, 64, 10, 45, 58, 69, 52, 91, 7, 19, 39, 16, 86, 65, 51, 2, 70, 29, 3, 30, 17, 62, 37, 82, 28, 49, 71, 77, 76, 36, 14, 73, 11, 13, 57, 24, 21]"
EUC_2D2123,random_instance_2123_nodes_20,2123,EUC_2D,20,3.513258856168558,3.5132588561685583,0.0000%,10.895452499389648,"[2, 3, 4, 18, 6, 7, 16, 12, 20, 11, 14, 8, 5, 10, 19, 15, 13, 1, 17, 9, 2]"
EUC_2D7261,random_instance_7261_nodes_70,7261,EUC_2D,70,6.189479116922624,6.40950147189254,3.5548%,1341.0155782699585,"[12, 55, 2, 8, 63, 20, 13, 11, 9, 15, 6, 64, 31, 70, 51, 66, 61, 50, 5, 60, 24, 56, 28, 7, 1, 30, 22, 14, 27, 37, 36, 10, 34, 39, 65, 29, 57, 18, 23, 46, 40, 62, 19, 17, 68, 53, 3, 69, 49, 41, 54, 16, 4, 67, 26, 47, 43, 32, 44, 42, 45, 59, 33, 25, 48, 35, 21, 52, 38, 58, 12]"
EUC_2D6398,random_instance_6398_nodes_60,6398,EUC_2D,60,5.845838069144479,6.387931358373029,9.2731%,698.9038672447205,"[1, 52, 35, 17, 16, 32, 46, 9, 2, 58, 36, 26, 20, 59, 27, 14, 57, 49, 34, 29, 19, 53, 10, 42, 54, 21, 6, 5, 56, 50, 11, 13, 7, 51, 18, 37, 3, 55, 25, 41, 33, 23, 30, 45, 39, 28, 24, 31, 8, 40, 22, 4, 12, 47, 60, 48, 44, 15, 38, 43, 1]"
EUC_2D4237,random_instance_4237_nodes_40,4237,EUC_2D,40,5.236897823988329,5.236897823988328,-0.0000%,113.5031852722168,"[17, 19, 2, 14, 39, 28, 36, 37, 26, 4, 32, 9, 5, 16, 21, 31, 35, 20, 15, 24, 27, 33, 25, 38, 12, 11, 40, 30, 13, 22, 29, 23, 8, 6, 7, 18, 10, 3, 1, 34, 17]"
EUC_2D4284,random_instance_4284_nodes_40,4284,EUC_2D,40,5.14139312343306,5.234995255216162,1.8206%,80.63808131217957,"[18, 2, 15, 35, 14, 34, 6, 24, 33, 29, 7, 22, 9, 1, 31, 4, 30, 10, 21, 37, 39, 27, 8, 38, 23, 16, 32, 3, 5, 26, 28, 19, 36, 17, 12, 11, 20, 13, 25, 40, 18]"
EUC_2D2840,random_instance_2840_nodes_30,2840,EUC_2D,30,4.210238313144207,4.386050777395291,4.1758%,36.25894498825073,"[12, 8, 13, 3, 16, 28, 7, 2, 5, 30, 18, 26, 10, 15, 29, 23, 4, 19, 17, 27, 1, 24, 9, 14, 21, 20, 25, 6, 11, 22, 12]"
EUC_2D6414,random_instance_6414_nodes_60,6414,EUC_2D,60,6.06923889231729,6.317156370254159,4.0848%,278.7973029613495,"[41, 54, 3, 1, 34, 43, 53, 5, 23, 7, 46, 11, 57, 38, 33, 37, 44, 13, 27, 50, 26, 4, 14, 24, 19, 8, 16, 15, 31, 49, 25, 35, 30, 32, 45, 52, 28, 39, 59, 58, 18, 17, 40, 22, 29, 36, 21, 2, 47, 55, 42, 48, 9, 10, 6, 60, 20, 51, 56, 12, 41]"
EUC_2D5904,random_instance_5904_nodes_60,5904,EUC_2D,60,6.1084979008051565,6.251894518040367,2.3475%,647.6056489944458,"[6, 31, 40, 50, 3, 11, 39, 49, 36, 22, 13, 29, 19, 44, 23, 53, 38, 41, 32, 17, 46, 1, 8, 59, 4, 57, 55, 18, 27, 9, 48, 42, 20, 14, 12, 25, 54, 43, 24, 34, 2, 33, 5, 28, 45, 16, 37, 30, 7, 47, 35, 51, 10, 56, 58, 60, 52, 21, 15, 26, 6]"
EUC_2D1342,random_instance_1342_nodes_20,1342,EUC_2D,20,4.332584519906579,4.5073456656191375,4.0336%,14.554198980331421,"[6, 12, 10, 17, 3, 1, 8, 14, 7, 11, 2, 4, 9, 18, 15, 19, 20, 5, 13, 16, 6]"
EUC_2D92,random_instance_92_nodes_10,92,EUC_2D,10,2.7122139408617625,2.7122139408617625,0.0000%,1.998542308807373,"[4, 3, 2, 8, 10, 7, 9, 6, 5, 1, 4]"
EUC_2D6737,random_instance_6737_nodes_70,6737,EUC_2D,70,6.763442773627777,7.323277667541158,8.2774%,733.8689489364624,"[5, 68, 50, 10, 48, 13, 62, 66, 42, 36, 11, 52, 55, 29, 58, 59, 7, 63, 19, 61, 67, 12, 51, 57, 25, 40, 69, 6, 43, 65, 18, 17, 1, 31, 34, 44, 27, 47, 45, 26, 33, 38, 30, 28, 54, 8, 64, 2, 21, 23, 35, 22, 4, 70, 16, 15, 39, 20, 41, 37, 14, 9, 3, 32, 49, 60, 56, 46, 24, 53, 5]"
EUC_2D5746,random_instance_5746_nodes_60,5746,EUC_2D,60,6.50402973125816,6.706606725062813,3.1146%,609.0949008464813,"[55, 47, 57, 18, 17, 34, 27, 56, 36, 30, 24, 22, 49, 16, 11, 9, 7, 41, 45, 3, 25, 52, 4, 40, 1, 29, 5, 26, 44, 50, 12, 14, 32, 53, 6, 59, 28, 2, 8, 60, 19, 46, 58, 21, 51, 13, 20, 37, 23, 10, 43, 31, 54, 15, 48, 33, 42, 38, 35, 39, 55]"
EUC_2D9407,random_instance_9407_nodes_90,9407,EUC_2D,90,7.47823300215676,8.193855925623946,9.5694%,1810.726490497589,"[43, 45, 63, 1, 65, 44, 4, 37, 6, 20, 87, 8, 66, 55, 62, 2, 16, 26, 21, 7, 57, 9, 53, 24, 59, 18, 31, 33, 60, 61, 34, 28, 42, 32, 36, 73, 22, 64, 54, 14, 89, 88, 82, 12, 81, 13, 35, 85, 48, 29, 58, 75, 23, 49, 56, 67, 30, 76, 19, 51, 74, 41, 38, 25, 46, 52, 80, 3, 78, 79, 39, 83, 68, 47, 15, 69, 84, 86, 70, 90, 50, 71, 40, 5, 27, 77, 17, 72, 10, 11, 43]"
EUC_2D103,random_instance_103_nodes_10,103,EUC_2D,10,3.1334779145600096,3.1334779145600096,0.0000%,1.907496690750122,"[4, 9, 5, 6, 3, 8, 10, 7, 1, 2, 4]"
EUC_2D978,random_instance_978_nodes_10,978,EUC_2D,10,3.0125966942679723,3.0125966942679723,0.0000%,2.226750135421753,"[1, 8, 6, 9, 10, 4, 5, 3, 7, 2, 1]"
EUC_2D5799,random_instance_5799_nodes_60,5799,EUC_2D,60,6.19286975104334,6.500525864420535,4.9679%,559.7315039634705,"[10, 39, 23, 18, 48, 7, 24, 35, 2, 29, 8, 1, 16, 6, 54, 37, 57, 38, 15, 45, 9, 46, 5, 51, 12, 40, 43, 4, 44, 11, 50, 31, 25, 58, 49, 60, 41, 34, 33, 20, 32, 14, 47, 42, 53, 19, 28, 55, 30, 26, 59, 13, 27, 17, 3, 56, 52, 36, 21, 22, 10]"
EUC_2D10801,random_instance_10801_nodes_100,10801,EUC_2D,100,7.593837283341593,7.707800819889487,1.5007%,7215.3214609622955,"[87, 13, 42, 73, 62, 9, 46, 77, 31, 98, 7, 50, 29, 38, 69, 28, 11, 24, 26, 56, 48, 15, 20, 17, 37, 5, 63, 59, 76, 68, 45, 43, 34, 12, 4, 64, 22, 88, 52, 36, 66, 49, 10, 99, 3, 86, 74, 58, 93, 94, 51, 97, 89, 41, 81, 21, 27, 70, 8, 84, 100, 96, 78, 60, 23, 90, 72, 75, 30, 80, 39, 85, 25, 57, 33, 65, 61, 54, 92, 35, 6, 55, 79, 91, 18, 19, 14, 71, 47, 95, 2, 1, 83, 44, 16, 53, 40, 32, 82, 67, 87]"
EUC_2D9836,random_instance_9836_nodes_90,9836,EUC_2D,90,7.710963673886048,8.240704402311284,6.8700%,4235.810589790344,"[17, 52, 38, 65, 68, 30, 2, 44, 51, 34, 49, 43, 37, 11, 50, 66, 79, 22, 60, 62, 10, 72, 87, 16, 73, 64, 9, 31, 82, 48, 46, 19, 88, 55, 14, 32, 7, 24, 54, 47, 81, 29, 67, 23, 40, 53, 13, 25, 6, 45, 27, 42, 41, 26, 71, 57, 63, 83, 90, 61, 85, 36, 18, 1, 12, 59, 8, 76, 75, 70, 86, 80, 78, 28, 33, 39, 5, 69, 58, 84, 74, 77, 15, 21, 56, 20, 89, 4, 35, 3, 17]"
EUC_2D5390,random_instance_5390_nodes_50,5390,EUC_2D,50,5.458667884171651,5.988879076919589,9.7132%,237.8469204902649,"[34, 18, 11, 23, 13, 29, 49, 17, 5, 2, 45, 4, 12, 40, 8, 41, 25, 10, 21, 44, 32, 38, 16, 6, 22, 33, 3, 35, 43, 28, 14, 31, 36, 24, 48, 47, 42, 20, 50, 39, 19, 46, 37, 9, 1, 30, 15, 27, 26, 7, 34]"
EUC_2D8124,random_instance_8124_nodes_80,8124,EUC_2D,80,6.953822762941792,7.527335366134008,8.2474%,2440.3407554626465,"[53, 75, 66, 51, 13, 44, 19, 28, 14, 15, 60, 36, 41, 23, 71, 6, 59, 20, 5, 64, 54, 63, 74, 35, 3, 80, 42, 9, 31, 62, 25, 26, 12, 67, 49, 73, 58, 46, 56, 76, 24, 52, 32, 68, 21, 37, 27, 11, 22, 70, 16, 78, 61, 1, 8, 29, 50, 10, 77, 55, 18, 33, 72, 47, 2, 57, 7, 79, 39, 65, 38, 4, 17, 34, 48, 69, 43, 30, 40, 45, 53]"
EUC_2D2533,random_instance_2533_nodes_30,2533,EUC_2D,30,4.681343457529574,5.059139066409209,8.0702%,25.797691106796265,"[22, 25, 9, 18, 15, 2, 20, 10, 12, 8, 24, 28, 21, 7, 29, 30, 14, 16, 4, 26, 11, 17, 5, 1, 13, 19, 27, 6, 23, 3, 22]"
EUC_2D450,random_instance_450_nodes_10,450,EUC_2D,10,3.0856395330255335,3.0856395330255335,0.0000%,0.3054354190826416,"[9, 10, 1, 2, 3, 8, 7, 4, 5, 6, 9]"
EUC_2D4987,random_instance_4987_nodes_50,4987,EUC_2D,50,5.759342474086708,6.01813018464445,4.4934%,349.61424684524536,"[47, 36, 37, 7, 19, 15, 5, 43, 41, 17, 44, 22, 6, 13, 14, 49, 42, 32, 31, 3, 30, 1, 24, 33, 23, 28, 11, 45, 35, 29, 10, 20, 4, 25, 46, 26, 34, 27, 8, 9, 40, 48, 21, 2, 50, 39, 16, 18, 38, 12, 47]"
EUC_2D7807,random_instance_7807_nodes_80,7807,EUC_2D,80,6.728171310404515,6.751810418607023,0.3513%,2342.383955717087,"[12, 30, 65, 59, 49, 78, 33, 16, 53, 3, 63, 77, 13, 17, 32, 60, 4, 24, 6, 67, 14, 51, 79, 7, 23, 8, 28, 42, 22, 72, 52, 74, 2, 55, 34, 26, 45, 39, 54, 25, 64, 68, 20, 73, 62, 35, 19, 37, 15, 44, 9, 29, 71, 47, 43, 5, 41, 56, 58, 66, 76, 40, 50, 61, 57, 69, 80, 10, 21, 36, 75, 31, 48, 18, 46, 70, 27, 11, 38, 1, 12]"
EUC_2D5015,random_instance_5015_nodes_50,5015,EUC_2D,50,5.964984346479527,6.081349720353965,1.9508%,200.819659948349,"[26, 39, 33, 40, 7, 22, 12, 2, 41, 8, 18, 11, 42, 30, 49, 27, 10, 47, 25, 50, 15, 43, 48, 14, 9, 31, 32, 13, 16, 28, 38, 35, 45, 4, 23, 3, 19, 1, 36, 5, 6, 29, 34, 46, 20, 37, 21, 24, 17, 44, 26]"
EUC_2D950,random_instance_950_nodes_10,950,EUC_2D,10,3.5096141196438726,3.509614119643872,-0.0000%,1.4481065273284912,"[1, 8, 2, 10, 5, 3, 6, 7, 9, 4, 1]"
EUC_2D9831,random_instance_9831_nodes_90,9831,EUC_2D,90,7.808377149988603,7.981863702637231,2.2218%,3793.2918055057526,"[84, 75, 29, 85, 15, 81, 12, 17, 27, 82, 45, 19, 20, 80, 58, 37, 60, 79, 86, 9, 1, 65, 77, 31, 90, 66, 44, 68, 6, 52, 7, 57, 67, 89, 73, 13, 24, 71, 34, 63, 62, 48, 56, 42, 78, 49, 70, 53, 55, 87, 14, 72, 50, 54, 39, 74, 76, 64, 11, 21, 38, 35, 18, 5, 41, 88, 30, 43, 28, 83, 26, 16, 36, 23, 40, 8, 4, 46, 69, 51, 59, 61, 33, 32, 47, 25, 10, 3, 2, 22, 84]"
EUC_2D3714,random_instance_3714_nodes_40,3714,EUC_2D,40,5.258562106733128,5.31944729474144,1.1578%,224.6283483505249,"[29, 18, 20, 37, 33, 10, 32, 34, 12, 15, 14, 26, 6, 8, 1, 7, 30, 11, 5, 9, 38, 40, 4, 23, 25, 28, 21, 16, 39, 13, 2, 17, 31, 36, 24, 35, 27, 19, 3, 22, 29]"
EUC_2D706,random_instance_706_nodes_10,706,EUC_2D,10,2.535343405887252,2.5353434058872515,-0.0000%,1.8674020767211914,"[9, 1, 7, 5, 8, 3, 4, 2, 6, 10, 9]"
EUC_2D6075,random_instance_6075_nodes_60,6075,EUC_2D,60,6.4718146166606285,6.537740487413556,1.0187%,1028.92520570755,"[4, 51, 38, 22, 47, 15, 33, 5, 54, 8, 31, 21, 45, 34, 12, 55, 40, 13, 11, 29, 58, 7, 17, 36, 26, 32, 10, 50, 18, 46, 57, 2, 49, 3, 52, 25, 9, 24, 48, 19, 41, 16, 23, 42, 30, 28, 6, 20, 43, 53, 44, 60, 27, 14, 37, 1, 35, 56, 39, 59, 4]"
EUC_2D6067,random_instance_6067_nodes_60,6067,EUC_2D,60,6.084378272568128,6.188906055983727,1.7180%,1263.51163315773,"[3, 43, 59, 21, 31, 40, 57, 25, 45, 28, 19, 14, 32, 34, 50, 51, 8, 5, 44, 58, 1, 20, 60, 54, 16, 6, 53, 35, 55, 23, 26, 47, 27, 56, 12, 38, 7, 13, 39, 36, 15, 18, 42, 9, 17, 30, 46, 41, 29, 4, 49, 33, 48, 24, 22, 2, 11, 10, 52, 37, 3]"
EUC_2D1954,random_instance_1954_nodes_20,1954,EUC_2D,20,4.055572264224737,4.055572264224737,0.0000%,9.448741674423218,"[8, 17, 18, 15, 12, 5, 4, 2, 9, 20, 3, 19, 14, 10, 6, 11, 16, 13, 1, 7, 8]"
EUC_2D9834,random_instance_9834_nodes_90,9834,EUC_2D,90,7.750322439207891,8.361533638196297,7.8863%,2644.5158784389496,"[2, 10, 57, 64, 17, 74, 73, 24, 62, 15, 34, 12, 45, 44, 49, 83, 14, 23, 18, 60, 33, 82, 70, 43, 84, 85, 48, 27, 19, 9, 13, 26, 5, 22, 59, 41, 36, 31, 46, 58, 75, 63, 77, 52, 42, 89, 69, 78, 21, 53, 40, 16, 11, 47, 54, 90, 76, 3, 4, 67, 72, 50, 88, 55, 79, 25, 6, 65, 87, 51, 7, 37, 32, 39, 30, 68, 29, 1, 80, 61, 81, 56, 20, 86, 8, 66, 38, 35, 28, 71, 2]"
EUC_2D9217,random_instance_9217_nodes_90,9217,EUC_2D,90,7.240810196010883,7.255763031283586,0.2065%,1982.348156929016,"[48, 15, 40, 83, 8, 73, 12, 65, 29, 80, 42, 56, 36, 1, 26, 82, 57, 32, 37, 16, 45, 18, 75, 81, 34, 71, 86, 44, 53, 35, 51, 63, 33, 5, 30, 77, 19, 31, 61, 87, 2, 54, 9, 50, 23, 10, 14, 90, 3, 6, 74, 58, 21, 78, 47, 52, 60, 4, 76, 64, 62, 7, 22, 46, 85, 11, 49, 55, 66, 59, 25, 20, 13, 70, 24, 88, 89, 39, 79, 17, 72, 68, 27, 28, 41, 43, 38, 84, 69, 67, 48]"
EUC_2D7574,random_instance_7574_nodes_70,7574,EUC_2D,70,6.6182058841523315,6.896145081230446,4.1996%,879.3057124614716,"[27, 40, 9, 11, 16, 47, 36, 26, 70, 46, 50, 44, 7, 18, 39, 32, 53, 19, 69, 4, 43, 59, 54, 63, 20, 45, 42, 10, 30, 25, 58, 14, 13, 38, 1, 29, 12, 17, 5, 15, 52, 66, 8, 33, 68, 62, 28, 64, 34, 24, 31, 35, 51, 48, 60, 2, 55, 67, 22, 56, 41, 57, 6, 23, 61, 65, 37, 49, 21, 3, 27]"
EUC_2D5979,random_instance_5979_nodes_60,5979,EUC_2D,60,6.12572553318569,6.209066730061109,1.3605%,514.5234756469727,"[46, 42, 44, 56, 5, 7, 53, 18, 19, 6, 25, 29, 36, 41, 32, 34, 48, 27, 40, 30, 22, 51, 8, 21, 4, 23, 2, 31, 47, 54, 35, 45, 13, 60, 50, 59, 10, 28, 57, 33, 39, 38, 1, 24, 58, 55, 26, 49, 43, 52, 3, 11, 14, 12, 20, 37, 16, 15, 9, 17, 46]"
EUC_2D10710,random_instance_10710_nodes_100,10710,EUC_2D,100,7.96294710596277,8.192241733957779,2.8795%,7458.043625354767,"[4, 100, 17, 67, 5, 42, 93, 82, 52, 41, 70, 15, 1, 55, 86, 94, 83, 85, 84, 75, 26, 33, 22, 3, 18, 8, 45, 80, 53, 87, 99, 68, 64, 37, 35, 38, 19, 54, 14, 7, 91, 47, 27, 51, 20, 63, 34, 28, 90, 48, 71, 49, 72, 77, 79, 81, 40, 74, 97, 65, 30, 39, 56, 44, 92, 9, 10, 32, 95, 66, 78, 6, 11, 36, 21, 76, 23, 12, 73, 31, 2, 57, 61, 29, 25, 50, 24, 46, 88, 69, 58, 59, 89, 60, 43, 13, 98, 16, 62, 96, 4]"
EUC_2D2540,random_instance_2540_nodes_30,2540,EUC_2D,30,4.726447071978823,4.856822031319638,2.7584%,64.01520490646362,"[26, 7, 24, 6, 25, 1, 21, 13, 4, 8, 16, 18, 12, 20, 3, 28, 22, 23, 14, 27, 5, 19, 9, 10, 30, 17, 15, 29, 2, 11, 26]"
EUC_2D541,random_instance_541_nodes_10,541,EUC_2D,10,2.985244593584421,2.985244593584421,0.0000%,0.5730040073394775,"[3, 6, 10, 1, 8, 2, 4, 7, 5, 9, 3]"
EUC_2D5723,random_instance_5723_nodes_60,5723,EUC_2D,60,6.197752075075277,6.276992142357596,1.2785%,414.2522625923157,"[14, 6, 50, 27, 51, 58, 48, 17, 19, 41, 8, 4, 15, 2, 55, 40, 36, 52, 45, 33, 32, 43, 24, 10, 29, 47, 46, 18, 22, 53, 44, 7, 13, 42, 57, 26, 34, 28, 5, 20, 39, 12, 23, 11, 49, 16, 35, 37, 3, 21, 9, 1, 56, 60, 54, 59, 31, 30, 25, 38, 14]"
EUC_2D5268,random_instance_5268_nodes_50,5268,EUC_2D,50,5.83850175043418,5.838501750434178,-0.0000%,212.25460934638977,"[34, 32, 9, 36, 37, 30, 3, 8, 13, 39, 12, 38, 2, 21, 24, 43, 48, 26, 44, 6, 18, 35, 1, 5, 46, 41, 4, 22, 29, 25, 10, 15, 27, 23, 47, 20, 19, 11, 49, 42, 50, 14, 17, 7, 16, 40, 28, 33, 31, 45, 34]"
EUC_2D8604,random_instance_8604_nodes_80,8604,EUC_2D,80,7.277994569236307,7.441939812833326,2.2526%,845.4938073158264,"[24, 56, 31, 77, 45, 15, 10, 43, 4, 46, 26, 42, 41, 18, 71, 60, 78, 6, 57, 79, 17, 59, 9, 7, 1, 33, 73, 8, 72, 76, 36, 12, 38, 21, 64, 80, 32, 16, 35, 74, 14, 67, 53, 61, 39, 63, 48, 44, 34, 27, 5, 3, 11, 49, 51, 40, 20, 37, 25, 52, 29, 2, 19, 68, 69, 62, 13, 75, 50, 55, 28, 23, 30, 54, 65, 47, 58, 66, 22, 70, 24]"
EUC_2D9762,random_instance_9762_nodes_90,9762,EUC_2D,90,7.33986428415193,7.543638761381785,2.7763%,2466.0517189502716,"[79, 73, 89, 81, 85, 6, 30, 43, 71, 48, 78, 75, 37, 59, 50, 55, 1, 65, 70, 16, 25, 63, 33, 18, 47, 46, 24, 19, 15, 60, 14, 67, 52, 56, 41, 13, 62, 12, 44, 29, 20, 53, 39, 64, 17, 68, 2, 80, 28, 38, 66, 36, 76, 49, 58, 31, 9, 54, 57, 72, 35, 87, 5, 26, 11, 61, 23, 4, 32, 45, 34, 83, 82, 42, 69, 88, 40, 22, 74, 84, 90, 10, 51, 77, 8, 21, 7, 86, 3, 27, 79]"
EUC_2D5579,random_instance_5579_nodes_60,5579,EUC_2D,60,6.004007632270627,6.186097977729944,3.0328%,368.4196753501892,"[32, 3, 49, 50, 2, 26, 11, 20, 45, 14, 18, 60, 40, 7, 15, 19, 24, 59, 8, 42, 41, 28, 12, 31, 43, 4, 38, 58, 5, 9, 37, 29, 47, 23, 16, 51, 25, 27, 54, 56, 36, 6, 22, 30, 48, 34, 53, 57, 46, 39, 1, 44, 10, 55, 35, 21, 33, 52, 17, 13, 32]"
EUC_2D5323,random_instance_5323_nodes_50,5323,EUC_2D,50,5.633754096336549,6.054162935144646,7.4623%,448.6004331111908,"[18, 13, 2, 23, 37, 5, 26, 14, 32, 1, 20, 19, 7, 33, 30, 39, 42, 11, 50, 17, 36, 21, 29, 34, 35, 44, 48, 15, 9, 40, 45, 25, 31, 22, 46, 6, 27, 28, 47, 38, 49, 8, 41, 12, 24, 3, 43, 10, 16, 4, 18]"
EUC_2D9385,random_instance_9385_nodes_90,9385,EUC_2D,90,7.374496903613622,7.822601156833881,6.0764%,2077.924033164978,"[86, 45, 39, 18, 21, 7, 61, 51, 16, 47, 19, 70, 59, 10, 42, 87, 74, 6, 65, 3, 30, 72, 22, 38, 79, 17, 55, 24, 85, 9, 63, 57, 64, 27, 29, 82, 8, 37, 56, 12, 2, 33, 32, 36, 43, 23, 46, 14, 73, 78, 53, 80, 41, 76, 67, 49, 75, 77, 4, 54, 50, 11, 40, 35, 15, 62, 34, 25, 69, 13, 60, 88, 20, 90, 52, 58, 68, 44, 84, 1, 26, 66, 48, 83, 71, 89, 28, 81, 5, 31, 86]"
EUC_2D8731,random_instance_8731_nodes_80,8731,EUC_2D,80,6.528307376557616,6.799527671433707,4.1545%,2315.1126511096954,"[58, 46, 69, 2, 72, 10, 79, 1, 30, 36, 68, 63, 70, 26, 78, 76, 37, 9, 47, 19, 56, 66, 55, 6, 41, 53, 50, 71, 27, 48, 49, 64, 73, 22, 65, 13, 4, 16, 80, 74, 3, 60, 34, 28, 75, 23, 5, 38, 15, 18, 33, 61, 35, 51, 25, 43, 12, 11, 39, 32, 29, 14, 44, 77, 57, 45, 67, 40, 59, 31, 54, 8, 21, 20, 62, 17, 24, 52, 42, 7, 58]"
EUC_2D3200,random_instance_3200_nodes_30,3200,EUC_2D,30,4.800039161686205,4.800039161686205,0.0000%,59.62069892883301,"[25, 24, 7, 1, 11, 19, 9, 6, 16, 4, 26, 29, 2, 14, 20, 15, 5, 22, 12, 13, 18, 30, 21, 23, 10, 27, 8, 28, 17, 3, 25]"
EUC_2D2676,random_instance_2676_nodes_30,2676,EUC_2D,30,5.024152783479706,5.024152783479705,-0.0000%,37.93254590034485,"[5, 9, 8, 4, 11, 20, 22, 1, 24, 25, 23, 12, 17, 29, 15, 26, 30, 7, 3, 13, 18, 27, 10, 21, 28, 2, 14, 19, 16, 6, 5]"
EUC_2D1272,random_instance_1272_nodes_20,1272,EUC_2D,20,3.9742401989682348,4.044052585235929,1.7566%,10.434430837631226,"[2, 13, 18, 14, 19, 15, 12, 6, 9, 5, 17, 7, 16, 10, 4, 1, 8, 20, 3, 11, 2]"
EUC_2D4804,random_instance_4804_nodes_50,4804,EUC_2D,50,5.853784372184704,6.134999388420602,4.8040%,241.03973603248596,"[22, 28, 6, 24, 38, 42, 30, 25, 40, 39, 34, 8, 48, 3, 46, 47, 31, 21, 37, 29, 44, 9, 43, 4, 19, 50, 32, 45, 23, 7, 35, 14, 49, 27, 13, 5, 1, 16, 26, 12, 2, 18, 17, 10, 11, 15, 33, 36, 20, 41, 22]"
EUC_2D1664,random_instance_1664_nodes_20,1664,EUC_2D,20,4.324565859643694,4.324565859643694,0.0000%,9.608872413635254,"[1, 14, 4, 3, 19, 7, 6, 20, 10, 12, 13, 15, 16, 11, 18, 8, 5, 9, 17, 2, 1]"
EUC_2D5196,random_instance_5196_nodes_50,5196,EUC_2D,50,6.137510434615586,6.294670363211126,2.5606%,410.84252524375916,"[29, 7, 17, 28, 43, 44, 16, 37, 6, 9, 15, 35, 30, 24, 8, 18, 41, 20, 47, 5, 34, 45, 25, 21, 3, 4, 36, 49, 39, 48, 40, 1, 22, 12, 46, 2, 11, 33, 27, 13, 32, 26, 19, 10, 42, 50, 23, 31, 38, 14, 29]"
EUC_2D6836,random_instance_6836_nodes_70,6836,EUC_2D,70,6.551999765528886,7.104772986807915,8.4367%,769.3491513729095,"[35, 49, 16, 18, 50, 4, 62, 15, 19, 51, 55, 63, 34, 8, 24, 13, 2, 38, 57, 21, 25, 14, 69, 1, 26, 58, 11, 52, 17, 67, 45, 40, 47, 37, 10, 20, 42, 64, 68, 59, 29, 48, 53, 27, 56, 28, 5, 44, 54, 7, 12, 36, 23, 33, 39, 32, 66, 6, 65, 60, 31, 61, 3, 46, 41, 9, 70, 22, 43, 30, 35]"
EUC_2D4188,random_instance_4188_nodes_40,4188,EUC_2D,40,4.931085093042581,5.131520736709266,4.0647%,133.00360226631165,"[5, 39, 13, 30, 31, 22, 14, 10, 28, 1, 32, 21, 25, 17, 26, 19, 7, 15, 18, 40, 29, 11, 27, 8, 34, 16, 6, 2, 37, 4, 20, 12, 9, 3, 24, 36, 38, 35, 23, 33, 5]"
EUC_2D4394,random_instance_4394_nodes_40,4394,EUC_2D,40,5.377965761533253,5.5398296621555225,3.0098%,244.72002577781677,"[25, 20, 3, 32, 31, 1, 21, 2, 18, 5, 13, 24, 23, 30, 35, 11, 40, 39, 6, 38, 15, 16, 27, 29, 17, 37, 4, 7, 26, 34, 12, 33, 28, 14, 36, 10, 8, 9, 22, 19, 25]"
EUC_2D684,random_instance_684_nodes_10,684,EUC_2D,10,3.855718617390897,3.855718617390897,0.0000%,0.8625121116638184,"[6, 7, 9, 10, 5, 1, 8, 4, 2, 3, 6]"
EUC_2D6619,random_instance_6619_nodes_60,6619,EUC_2D,60,5.903389284919398,6.116069808903003,3.6027%,422.3577244281769,"[15, 21, 5, 57, 38, 56, 42, 10, 1, 4, 7, 23, 48, 33, 12, 28, 13, 59, 34, 19, 40, 54, 32, 20, 49, 37, 31, 47, 36, 14, 30, 27, 60, 22, 45, 50, 43, 8, 58, 17, 39, 16, 18, 44, 24, 29, 9, 51, 35, 3, 52, 26, 2, 25, 46, 41, 55, 53, 11, 6, 15]"
EUC_2D1250,random_instance_1250_nodes_20,1250,EUC_2D,20,3.7807687523699722,3.7807687523699713,-0.0000%,9.444984197616577,"[14, 19, 20, 8, 6, 5, 1, 13, 7, 9, 16, 15, 17, 10, 2, 3, 18, 11, 12, 4, 14]"
EUC_2D9730,random_instance_9730_nodes_90,9730,EUC_2D,90,7.337207463664418,7.576106020976403,3.2560%,2731.442169904709,"[15, 12, 81, 7, 27, 10, 33, 20, 36, 18, 83, 69, 62, 67, 9, 42, 41, 61, 59, 30, 89, 88, 43, 29, 13, 46, 21, 38, 54, 24, 39, 77, 48, 71, 57, 35, 72, 32, 56, 6, 23, 31, 55, 16, 51, 75, 86, 79, 28, 73, 5, 85, 44, 26, 2, 22, 52, 34, 58, 11, 80, 19, 25, 66, 3, 53, 84, 70, 4, 82, 37, 49, 63, 45, 64, 60, 76, 78, 8, 87, 40, 90, 65, 74, 1, 17, 47, 50, 68, 14, 15]"
EUC_2D9702,random_instance_9702_nodes_90,9702,EUC_2D,90,7.102478292597855,7.318183114870217,3.0370%,2712.428969860077,"[56, 42, 2, 18, 23, 15, 53, 88, 90, 81, 86, 40, 19, 59, 16, 79, 13, 3, 39, 30, 28, 44, 87, 51, 35, 68, 83, 49, 5, 1, 36, 21, 64, 57, 20, 76, 60, 66, 54, 82, 27, 52, 14, 47, 37, 33, 6, 74, 65, 25, 50, 10, 12, 71, 9, 4, 48, 85, 75, 62, 84, 78, 69, 29, 70, 32, 63, 22, 89, 58, 17, 55, 43, 61, 31, 8, 46, 24, 34, 45, 11, 73, 38, 77, 41, 80, 26, 67, 7, 72, 56]"
EUC_2D4395,random_instance_4395_nodes_40,4395,EUC_2D,40,4.622333340419097,5.546891131957541,20.0020%,85.43008470535278,"[36, 8, 6, 23, 32, 26, 2, 13, 29, 12, 3, 10, 1, 28, 25, 38, 19, 14, 16, 11, 30, 37, 20, 4, 9, 33, 5, 7, 27, 31, 21, 40, 17, 22, 24, 39, 18, 35, 34, 15, 36]"
EUC_2D4404,random_instance_4404_nodes_40,4404,EUC_2D,40,5.199259727353679,5.19925972735368,0.0000%,110.64739966392517,"[30, 29, 7, 10, 1, 39, 27, 13, 40, 16, 35, 28, 26, 34, 25, 15, 36, 21, 4, 11, 14, 32, 18, 5, 3, 31, 20, 9, 22, 12, 37, 2, 23, 24, 38, 8, 17, 19, 6, 33, 30]"
EUC_2D5247,random_instance_5247_nodes_50,5247,EUC_2D,50,5.754458671355132,5.95245665588053,3.4408%,224.6513237953186,"[29, 36, 22, 13, 17, 45, 14, 32, 23, 39, 15, 38, 8, 11, 46, 26, 31, 25, 30, 50, 28, 12, 9, 27, 20, 34, 35, 5, 10, 19, 49, 41, 37, 3, 40, 7, 1, 43, 21, 18, 48, 2, 42, 47, 33, 4, 44, 6, 16, 24, 29]"
EUC_2D7544,random_instance_7544_nodes_70,7544,EUC_2D,70,6.311277909341335,6.671219733307971,5.7032%,1518.4561207294464,"[22, 19, 21, 62, 26, 52, 54, 1, 20, 40, 36, 69, 25, 17, 66, 6, 44, 23, 60, 18, 49, 45, 2, 56, 42, 33, 53, 9, 51, 46, 48, 38, 14, 5, 57, 55, 31, 3, 41, 68, 47, 32, 27, 50, 7, 63, 8, 24, 58, 11, 16, 35, 65, 29, 43, 28, 61, 67, 10, 13, 4, 64, 39, 37, 15, 59, 34, 70, 30, 12, 22]"
EUC_2D8676,random_instance_8676_nodes_80,8676,EUC_2D,80,7.1846966234465075,7.7106180422873125,7.3200%,1407.651568889618,"[8, 22, 7, 3, 4, 18, 11, 76, 24, 64, 61, 50, 71, 56, 37, 6, 52, 35, 19, 49, 74, 62, 32, 63, 57, 26, 17, 68, 30, 2, 41, 43, 67, 47, 55, 54, 14, 79, 78, 70, 13, 51, 48, 5, 16, 59, 15, 21, 69, 29, 46, 44, 25, 12, 77, 65, 9, 36, 28, 42, 10, 20, 38, 58, 72, 1, 34, 33, 75, 45, 27, 66, 23, 80, 73, 53, 40, 39, 60, 31, 8]"
EUC_2D3469,random_instance_3469_nodes_40,3469,EUC_2D,40,5.059774111843177,5.716714037777037,12.9836%,127.4844880104065,"[18, 26, 27, 15, 12, 8, 24, 5, 20, 38, 10, 1, 2, 4, 31, 29, 30, 13, 6, 17, 34, 37, 36, 22, 33, 14, 7, 32, 28, 11, 35, 21, 23, 16, 40, 9, 3, 39, 19, 25, 18]"
EUC_2D7810,random_instance_7810_nodes_80,7810,EUC_2D,80,6.78482269690628,7.168619447397223,5.6567%,3622.3883459568024,"[9, 7, 12, 13, 49, 34, 48, 29, 20, 80, 21, 10, 15, 35, 16, 61, 17, 8, 46, 68, 24, 33, 60, 40, 53, 65, 11, 18, 44, 71, 69, 74, 1, 39, 66, 41, 52, 26, 58, 27, 59, 50, 22, 28, 73, 19, 72, 56, 67, 47, 37, 64, 6, 14, 42, 31, 45, 36, 63, 77, 25, 62, 79, 32, 76, 5, 78, 23, 2, 4, 75, 30, 54, 57, 55, 70, 3, 51, 43, 38, 9]"
EUC_2D8144,random_instance_8144_nodes_80,8144,EUC_2D,80,6.75719581848838,6.848248240823355,1.3475%,1110.3885247707367,"[4, 28, 34, 33, 36, 73, 15, 19, 44, 12, 6, 80, 67, 66, 49, 39, 40, 48, 57, 43, 25, 62, 70, 27, 14, 16, 52, 69, 41, 26, 78, 1, 42, 24, 45, 65, 51, 64, 47, 72, 68, 32, 75, 58, 76, 30, 77, 56, 50, 31, 11, 17, 46, 18, 60, 79, 59, 10, 53, 13, 54, 61, 38, 5, 3, 23, 8, 63, 22, 20, 35, 9, 71, 2, 37, 29, 7, 55, 74, 21, 4]"
EUC_2D3403,random_instance_3403_nodes_40,3403,EUC_2D,40,4.648282149799016,4.722366416598918,1.5938%,136.79232954978943,"[27, 24, 33, 36, 21, 22, 32, 25, 34, 10, 1, 30, 20, 35, 31, 2, 37, 40, 8, 4, 38, 29, 9, 14, 15, 6, 7, 17, 12, 11, 3, 18, 13, 26, 19, 16, 23, 5, 28, 39, 27]"
EUC_2D4104,random_instance_4104_nodes_40,4104,EUC_2D,40,5.164103631444137,5.172224697188682,0.1573%,119.00247144699097,"[35, 24, 21, 11, 26, 33, 18, 8, 16, 32, 1, 25, 4, 38, 27, 34, 5, 37, 2, 9, 3, 13, 30, 7, 10, 14, 22, 12, 19, 39, 36, 15, 6, 31, 17, 29, 23, 28, 20, 40, 35]"
EUC_2D5149,random_instance_5149_nodes_50,5149,EUC_2D,50,6.156802345819475,6.161209963681913,0.0716%,182.91613340377808,"[46, 20, 30, 25, 40, 34, 15, 22, 11, 35, 17, 42, 27, 41, 33, 16, 23, 26, 6, 10, 37, 47, 31, 4, 29, 44, 13, 3, 36, 39, 8, 28, 24, 32, 2, 12, 45, 48, 14, 50, 18, 38, 43, 7, 5, 21, 1, 19, 9, 49, 46]"
EUC_2D2346,random_instance_2346_nodes_30,2346,EUC_2D,30,5.0106180612227424,5.067807535394248,1.1414%,43.11415100097656,"[28, 21, 2, 25, 17, 5, 22, 20, 24, 7, 14, 13, 23, 1, 6, 12, 3, 4, 16, 11, 27, 29, 18, 15, 26, 10, 19, 9, 8, 30, 28]"
EUC_2D10974,random_instance_10974_nodes_100,10974,EUC_2D,100,7.890188209264449,7.962145157794902,0.9120%,2884.7832956314087,"[2, 48, 50, 78, 12, 92, 100, 80, 49, 27, 30, 60, 89, 76, 20, 87, 56, 91, 52, 98, 21, 25, 64, 47, 29, 55, 26, 14, 19, 3, 54, 17, 36, 5, 34, 70, 37, 94, 45, 72, 86, 57, 65, 79, 85, 53, 93, 88, 59, 90, 41, 69, 15, 44, 81, 13, 9, 46, 61, 97, 66, 6, 68, 67, 39, 62, 75, 28, 18, 32, 51, 84, 82, 58, 38, 74, 73, 83, 43, 95, 99, 35, 1, 31, 8, 24, 33, 23, 77, 10, 7, 96, 71, 40, 4, 11, 42, 22, 16, 63, 2]"
EUC_2D3260,random_instance_3260_nodes_30,3260,EUC_2D,30,4.267046236676195,4.43411147265983,3.9152%,30.58145570755005,"[18, 14, 20, 23, 2, 17, 27, 26, 3, 7, 8, 13, 15, 4, 25, 12, 6, 30, 28, 29, 5, 9, 22, 24, 19, 16, 21, 10, 11, 1, 18]"
EUC_2D5749,random_instance_5749_nodes_60,5749,EUC_2D,60,6.0428834977580905,6.1948992713150055,2.5156%,775.8768048286438,"[40, 15, 43, 11, 19, 41, 28, 33, 52, 57, 24, 56, 37, 35, 44, 16, 23, 4, 26, 13, 48, 9, 12, 60, 55, 47, 54, 18, 50, 25, 58, 10, 21, 36, 53, 17, 3, 46, 2, 31, 14, 20, 49, 27, 34, 5, 8, 51, 42, 45, 29, 39, 32, 6, 22, 7, 59, 30, 1, 38, 40]"
EUC_2D9477,random_instance_9477_nodes_90,9477,EUC_2D,90,7.30456431979086,7.3908621043791225,1.1814%,2301.958952665329,"[90, 36, 42, 68, 2, 79, 85, 48, 3, 28, 83, 11, 61, 54, 62, 89, 71, 50, 84, 58, 75, 35, 6, 40, 9, 33, 51, 26, 18, 43, 1, 16, 87, 47, 80, 8, 44, 78, 76, 39, 4, 72, 10, 5, 69, 23, 57, 66, 60, 46, 22, 17, 64, 7, 63, 59, 25, 37, 24, 38, 49, 73, 81, 31, 53, 41, 19, 74, 15, 45, 34, 12, 14, 32, 70, 27, 86, 77, 67, 13, 30, 88, 20, 65, 29, 52, 21, 82, 56, 55, 90]"
EUC_2D495,random_instance_495_nodes_10,495,EUC_2D,10,2.5736041608833724,2.573604160883372,-0.0000%,0.959963321685791,"[8, 1, 3, 5, 4, 2, 7, 9, 10, 6, 8]"
EUC_2D5837,random_instance_5837_nodes_60,5837,EUC_2D,60,6.22766427096961,6.3821126071869205,2.4800%,710.9192683696747,"[27, 36, 14, 18, 29, 38, 60, 44, 50, 9, 57, 30, 37, 12, 39, 52, 1, 42, 8, 3, 54, 4, 47, 16, 17, 32, 45, 21, 55, 2, 7, 46, 10, 48, 59, 11, 33, 40, 51, 49, 22, 34, 58, 24, 26, 19, 5, 53, 15, 25, 23, 43, 41, 35, 28, 6, 13, 56, 31, 20, 27]"
EUC_2D326,random_instance_326_nodes_10,326,EUC_2D,10,2.941281335920178,2.9412813359201775,-0.0000%,1.316560983657837,"[2, 10, 5, 3, 8, 4, 1, 9, 6, 7, 2]"
EUC_2D1767,random_instance_1767_nodes_20,1767,EUC_2D,20,3.623378994246189,3.6233789942461887,-0.0000%,20.467512130737305,"[11, 19, 20, 2, 17, 14, 18, 16, 10, 4, 13, 3, 12, 8, 1, 7, 15, 5, 9, 6, 11]"
EUC_2D10251,random_instance_10251_nodes_100,10251,EUC_2D,100,7.442845094632231,7.5196620972271875,1.0321%,8033.52827000618,"[90, 46, 31, 16, 8, 30, 50, 13, 4, 32, 70, 17, 19, 36, 92, 20, 80, 49, 81, 37, 60, 66, 24, 85, 56, 67, 14, 12, 5, 57, 62, 39, 9, 65, 53, 64, 44, 100, 1, 22, 72, 63, 78, 96, 7, 26, 41, 21, 98, 69, 84, 95, 3, 99, 27, 89, 51, 11, 61, 33, 40, 47, 54, 87, 38, 43, 10, 15, 86, 58, 42, 75, 34, 59, 29, 74, 93, 55, 77, 83, 18, 23, 91, 71, 88, 52, 35, 2, 79, 73, 68, 45, 76, 94, 82, 6, 25, 48, 28, 97, 90]"
EUC_2D112,random_instance_112_nodes_10,112,EUC_2D,10,2.671182571407255,2.6711825714072552,0.0000%,0.7289009094238281,"[4, 9, 5, 3, 8, 2, 10, 6, 7, 1, 4]"
EUC_2D553,random_instance_553_nodes_10,553,EUC_2D,10,2.379139491435918,2.3791394914359176,-0.0000%,1.0867912769317627,"[6, 7, 3, 1, 9, 2, 10, 4, 5, 8, 6]"
EUC_2D7771,random_instance_7771_nodes_70,7771,EUC_2D,70,6.4328220101933375,6.562951131738984,2.0229%,944.343248128891,"[21, 67, 39, 19, 43, 28, 44, 52, 40, 11, 10, 30, 48, 54, 59, 41, 15, 51, 6, 23, 37, 5, 20, 36, 65, 29, 14, 58, 61, 47, 2, 33, 8, 60, 18, 38, 42, 56, 55, 32, 57, 49, 62, 68, 53, 46, 34, 1, 22, 35, 70, 63, 50, 31, 26, 13, 45, 12, 3, 25, 27, 9, 64, 4, 66, 7, 69, 17, 24, 16, 21]"
EUC_2D136,random_instance_136_nodes_10,136,EUC_2D,10,3.1251664214499892,3.1251664214499897,0.0000%,1.565195083618164,"[5, 1, 6, 7, 4, 3, 2, 10, 8, 9, 5]"
EUC_2D597,random_instance_597_nodes_10,597,EUC_2D,10,2.4078213835559494,2.4078213835559494,0.0000%,1.9793674945831299,"[4, 5, 8, 10, 9, 7, 3, 2, 6, 1, 4]"
EUC_2D8858,random_instance_8858_nodes_80,8858,EUC_2D,80,6.861405772176487,7.141035817868985,4.0754%,1730.8791177272797,"[6, 55, 22, 68, 17, 47, 43, 73, 21, 71, 28, 57, 70, 51, 76, 69, 14, 33, 37, 19, 52, 12, 54, 10, 42, 11, 41, 20, 46, 34, 78, 24, 40, 23, 80, 60, 58, 67, 53, 77, 35, 8, 30, 13, 32, 62, 44, 4, 26, 27, 1, 25, 56, 18, 36, 7, 74, 5, 79, 65, 66, 59, 9, 63, 50, 45, 72, 31, 64, 38, 39, 2, 48, 3, 15, 16, 49, 29, 61, 75, 6]"
EUC_2D9396,random_instance_9396_nodes_90,9396,EUC_2D,90,7.123558955997517,7.421160574228298,4.1777%,3274.60018157959,"[66, 32, 75, 88, 72, 73, 47, 44, 60, 43, 30, 84, 48, 83, 69, 45, 61, 78, 11, 68, 54, 53, 38, 62, 15, 77, 74, 27, 7, 65, 59, 19, 56, 64, 76, 23, 13, 81, 22, 29, 2, 46, 39, 51, 40, 50, 6, 36, 24, 89, 85, 31, 87, 90, 14, 37, 86, 9, 80, 57, 67, 55, 79, 18, 4, 1, 21, 16, 42, 17, 70, 26, 12, 63, 41, 3, 20, 5, 58, 25, 35, 8, 49, 34, 52, 71, 82, 28, 33, 10, 66]"
EUC_2D4811,random_instance_4811_nodes_50,4811,EUC_2D,50,5.6401102575592725,5.781156531117154,2.5008%,379.72084164619446,"[29, 36, 4, 46, 19, 37, 34, 13, 47, 14, 31, 27, 40, 7, 41, 32, 5, 39, 26, 9, 28, 18, 15, 33, 1, 48, 50, 42, 35, 30, 2, 23, 3, 8, 17, 20, 22, 12, 25, 6, 45, 49, 44, 16, 11, 38, 10, 43, 21, 24, 29]"
EUC_2D6465,random_instance_6465_nodes_60,6465,EUC_2D,60,5.982933074453403,6.07946261433709,1.6134%,1615.8507544994354,"[27, 57, 60, 16, 5, 3, 19, 7, 25, 41, 15, 56, 28, 32, 40, 4, 53, 35, 43, 39, 17, 13, 8, 6, 9, 44, 36, 26, 2, 34, 1, 24, 31, 49, 21, 51, 52, 45, 33, 55, 14, 12, 18, 50, 20, 23, 59, 38, 10, 22, 37, 11, 30, 46, 48, 29, 47, 58, 54, 42, 27]"
EUC_2D1415,random_instance_1415_nodes_20,1415,EUC_2D,20,3.6219516242298444,3.7622743017591995,3.8742%,33.909504413604736,"[11, 5, 8, 14, 15, 3, 4, 17, 1, 16, 10, 9, 20, 12, 7, 18, 19, 6, 13, 2, 11]"
EUC_2D6310,random_instance_6310_nodes_60,6310,EUC_2D,60,6.0181686616137275,6.224034608332831,3.4207%,752.0089359283447,"[48, 29, 27, 54, 36, 34, 38, 41, 31, 51, 40, 59, 28, 23, 33, 15, 24, 21, 12, 57, 13, 5, 52, 35, 47, 10, 1, 46, 55, 17, 37, 3, 43, 26, 8, 25, 49, 6, 18, 2, 30, 50, 44, 56, 7, 22, 32, 4, 16, 14, 11, 58, 42, 60, 19, 53, 39, 9, 45, 20, 48]"
EUC_2D9312,random_instance_9312_nodes_90,9312,EUC_2D,90,7.312361078310832,7.482153682092997,2.3220%,2019.344566822052,"[32, 13, 24, 88, 58, 37, 3, 41, 31, 28, 48, 4, 66, 42, 22, 79, 63, 11, 75, 86, 74, 87, 50, 14, 52, 70, 7, 17, 90, 27, 38, 34, 81, 26, 39, 6, 71, 72, 62, 73, 80, 25, 1, 18, 69, 9, 36, 15, 12, 19, 64, 60, 8, 21, 89, 56, 44, 51, 65, 84, 47, 29, 83, 10, 53, 43, 57, 45, 54, 82, 76, 61, 5, 55, 78, 16, 59, 23, 46, 35, 67, 68, 49, 77, 20, 30, 85, 40, 2, 33, 32]"
EUC_2D2993,random_instance_2993_nodes_30,2993,EUC_2D,30,3.8852123138817354,3.9311472825850218,1.1823%,45.02095031738281,"[20, 5, 27, 25, 24, 30, 7, 9, 6, 12, 19, 2, 23, 26, 4, 29, 8, 22, 13, 18, 15, 10, 1, 28, 11, 3, 16, 17, 14, 21, 20]"
EUC_2D7557,random_instance_7557_nodes_70,7557,EUC_2D,70,6.493604318000479,6.862062841864047,5.6742%,1701.3876905441284,"[32, 23, 5, 6, 60, 40, 22, 4, 54, 15, 42, 61, 9, 30, 50, 55, 24, 38, 12, 3, 67, 70, 7, 29, 20, 56, 36, 59, 11, 69, 45, 64, 17, 18, 53, 16, 57, 37, 14, 10, 68, 25, 44, 27, 1, 33, 66, 47, 58, 52, 63, 31, 19, 34, 43, 26, 49, 21, 65, 62, 51, 39, 28, 35, 46, 13, 41, 8, 2, 48, 32]"
EUC_2D3447,random_instance_3447_nodes_40,3447,EUC_2D,40,5.32496725549809,5.526785566562814,3.7900%,97.94809079170227,"[15, 20, 23, 11, 10, 2, 26, 16, 37, 13, 28, 30, 31, 32, 33, 29, 3, 39, 35, 1, 18, 9, 7, 22, 36, 8, 6, 38, 21, 14, 19, 17, 34, 40, 24, 25, 12, 5, 4, 27, 15]"
EUC_2D5594,random_instance_5594_nodes_60,5594,EUC_2D,60,6.09242991429591,6.160727061096691,1.1210%,452.03199005126953,"[48, 44, 17, 35, 58, 56, 50, 12, 21, 19, 29, 18, 3, 32, 51, 31, 37, 47, 24, 4, 52, 28, 46, 16, 27, 42, 43, 14, 41, 15, 7, 33, 10, 2, 49, 23, 26, 30, 55, 5, 8, 11, 6, 40, 54, 34, 59, 1, 53, 38, 39, 20, 60, 9, 25, 22, 45, 13, 57, 36, 48]"
EUC_2D7818,random_instance_7818_nodes_80,7818,EUC_2D,80,6.430445810769635,6.892403104152621,7.1839%,1093.7292850017548,"[50, 10, 72, 65, 26, 57, 8, 7, 40, 32, 16, 20, 45, 49, 4, 77, 39, 38, 43, 55, 47, 58, 62, 6, 15, 69, 21, 31, 79, 5, 80, 37, 36, 22, 25, 60, 23, 54, 51, 78, 14, 63, 66, 11, 24, 74, 41, 52, 56, 59, 76, 30, 34, 48, 13, 64, 42, 33, 27, 29, 67, 3, 73, 2, 75, 71, 70, 19, 18, 44, 35, 28, 46, 61, 53, 12, 9, 17, 1, 68, 50]"
EUC_2D3168,random_instance_3168_nodes_30,3168,EUC_2D,30,4.29865064564529,4.365169796436287,1.5474%,37.579254150390625,"[28, 25, 10, 27, 1, 7, 29, 19, 3, 16, 15, 24, 14, 11, 23, 20, 26, 17, 9, 30, 2, 6, 4, 12, 18, 21, 22, 5, 13, 8, 28]"
EUC_2D9721,random_instance_9721_nodes_90,9721,EUC_2D,90,7.540445265447866,7.793390065173883,3.3545%,2027.6194767951965,"[38, 44, 62, 74, 26, 17, 88, 72, 49, 78, 73, 32, 84, 20, 43, 86, 58, 63, 90, 71, 68, 33, 4, 41, 31, 14, 51, 8, 54, 67, 13, 34, 3, 69, 83, 28, 85, 5, 6, 36, 1, 42, 79, 45, 60, 82, 89, 16, 2, 53, 57, 40, 27, 35, 55, 52, 76, 18, 30, 59, 56, 66, 61, 22, 46, 65, 24, 23, 39, 11, 25, 47, 75, 7, 77, 87, 64, 10, 29, 12, 19, 80, 70, 21, 81, 9, 50, 48, 37, 15, 38]"
EUC_2D1081,random_instance_1081_nodes_10,1081,EUC_2D,10,2.677707145079913,2.677707145079913,0.0000%,0.9901087284088135,"[1, 4, 7, 10, 6, 8, 3, 2, 5, 9, 1]"
EUC_2D4656,random_instance_4656_nodes_50,4656,EUC_2D,50,5.886113632807973,6.019817124431468,2.2715%,413.3984127044678,"[13, 41, 4, 8, 32, 45, 23, 49, 16, 25, 36, 31, 47, 26, 30, 14, 9, 22, 50, 10, 1, 19, 15, 7, 48, 44, 46, 37, 34, 20, 29, 38, 3, 43, 21, 2, 5, 18, 40, 27, 11, 42, 12, 35, 24, 6, 39, 33, 17, 28, 13]"
EUC_2D2592,random_instance_2592_nodes_30,2592,EUC_2D,30,4.166343340812764,4.166343340812763,-0.0000%,40.16627860069275,"[1, 29, 30, 14, 10, 20, 9, 27, 22, 15, 5, 16, 23, 21, 26, 24, 13, 6, 11, 3, 19, 4, 12, 18, 8, 28, 17, 7, 25, 2, 1]"
EUC_2D98,random_instance_98_nodes_10,98,EUC_2D,10,2.8390982759891505,2.8390982759891505,0.0000%,1.9994285106658936,"[6, 5, 8, 10, 4, 3, 2, 7, 1, 9, 6]"
EUC_2D2958,random_instance_2958_nodes_30,2958,EUC_2D,30,4.745658028432319,4.868521341503039,2.5890%,41.905895471572876,"[7, 27, 17, 26, 3, 28, 11, 15, 13, 9, 16, 23, 14, 22, 4, 18, 2, 25, 29, 30, 8, 21, 24, 19, 10, 12, 5, 1, 6, 20, 7]"
EUC_2D9225,random_instance_9225_nodes_90,9225,EUC_2D,90,7.494102546643047,8.342242821495539,11.3174%,4297.671904563904,"[37, 17, 40, 86, 41, 23, 74, 16, 24, 6, 58, 76, 52, 43, 46, 13, 4, 60, 89, 44, 54, 26, 59, 62, 65, 61, 15, 85, 75, 1, 55, 32, 20, 39, 12, 31, 80, 35, 66, 11, 83, 14, 63, 48, 53, 50, 19, 34, 51, 38, 78, 79, 5, 67, 70, 2, 3, 49, 47, 10, 29, 77, 36, 88, 81, 56, 45, 42, 68, 90, 22, 28, 71, 73, 30, 9, 21, 27, 72, 87, 33, 84, 25, 69, 82, 7, 64, 57, 18, 8, 37]"
EUC_2D4327,random_instance_4327_nodes_40,4327,EUC_2D,40,5.035082564298169,5.418001176539003,7.6050%,70.92920279502869,"[7, 31, 12, 26, 32, 10, 19, 28, 33, 36, 24, 14, 8, 38, 20, 29, 5, 21, 18, 9, 13, 3, 35, 1, 15, 39, 27, 4, 22, 16, 34, 6, 23, 2, 30, 37, 25, 40, 17, 11, 7]"
EUC_2D581,random_instance_581_nodes_10,581,EUC_2D,10,3.2819205084755274,3.2819205084755274,0.0000%,1.2801177501678467,"[5, 8, 6, 4, 7, 10, 1, 3, 9, 2, 5]"
EUC_2D4865,random_instance_4865_nodes_50,4865,EUC_2D,50,5.555278724266446,5.555278724266447,0.0000%,171.44475555419922,"[4, 42, 23, 16, 12, 17, 47, 2, 29, 41, 30, 32, 48, 20, 27, 18, 49, 21, 37, 25, 35, 36, 50, 31, 40, 26, 1, 22, 3, 28, 15, 7, 8, 10, 34, 24, 46, 33, 45, 43, 6, 38, 39, 44, 9, 11, 14, 5, 13, 19, 4]"
EUC_2D5227,random_instance_5227_nodes_50,5227,EUC_2D,50,5.3867046340075,5.843264578547708,8.4757%,211.27240324020386,"[24, 39, 29, 31, 16, 41, 49, 9, 19, 5, 22, 48, 18, 32, 11, 30, 8, 25, 26, 43, 23, 50, 40, 47, 27, 35, 33, 7, 17, 34, 14, 12, 21, 37, 28, 13, 10, 38, 3, 15, 44, 4, 36, 6, 2, 45, 42, 46, 1, 20, 24]"
EUC_2D1974,random_instance_1974_nodes_20,1974,EUC_2D,20,3.481188395424073,3.5643671745009984,2.3894%,11.520929336547852,"[10, 13, 14, 12, 7, 11, 19, 6, 20, 15, 1, 2, 17, 5, 8, 3, 18, 4, 16, 9, 10]"
EUC_2D923,random_instance_923_nodes_10,923,EUC_2D,10,2.966767881194491,2.966767881194491,0.0000%,0.35524868965148926,"[10, 3, 7, 5, 2, 4, 1, 6, 8, 9, 10]"
EUC_2D8857,random_instance_8857_nodes_80,8857,EUC_2D,80,7.037500097551383,7.244723094597115,2.9446%,1511.14511013031,"[24, 55, 35, 40, 44, 42, 9, 15, 60, 17, 23, 34, 31, 51, 6, 12, 49, 18, 7, 4, 62, 25, 58, 65, 79, 30, 68, 22, 75, 26, 50, 36, 80, 33, 19, 8, 67, 59, 46, 63, 10, 57, 39, 16, 53, 20, 52, 76, 69, 45, 56, 43, 28, 5, 27, 1, 2, 41, 3, 47, 70, 66, 77, 78, 32, 29, 13, 37, 74, 54, 61, 14, 11, 48, 38, 71, 72, 21, 64, 73, 24]"
EUC_2D3161,random_instance_3161_nodes_30,3161,EUC_2D,30,4.766841295539438,4.766841295539438,0.0000%,44.20352387428284,"[15, 2, 4, 26, 11, 12, 9, 6, 13, 28, 19, 14, 18, 10, 20, 25, 30, 22, 16, 29, 27, 17, 23, 24, 8, 3, 1, 7, 21, 5, 15]"
EUC_2D1960,random_instance_1960_nodes_20,1960,EUC_2D,20,3.752700083131957,3.7527000831319564,-0.0000%,10.737110614776611,"[18, 4, 3, 20, 12, 6, 13, 5, 8, 7, 10, 15, 16, 11, 19, 2, 9, 1, 14, 17, 18]"
EUC_2D9961,random_instance_9961_nodes_90,9961,EUC_2D,90,7.137564692710823,7.578399320537823,6.1763%,1754.3467240333557,"[70, 77, 55, 82, 76, 81, 45, 68, 60, 89, 46, 53, 58, 22, 13, 73, 20, 40, 18, 86, 17, 64, 52, 57, 26, 10, 12, 29, 48, 80, 8, 7, 16, 35, 11, 9, 5, 47, 39, 69, 56, 36, 84, 75, 33, 71, 90, 79, 25, 28, 23, 6, 37, 54, 14, 21, 15, 59, 41, 63, 31, 66, 38, 24, 51, 49, 78, 61, 42, 67, 19, 34, 83, 50, 43, 74, 88, 65, 87, 44, 2, 1, 4, 3, 30, 85, 27, 72, 62, 32, 70]"
EUC_2D6872,random_instance_6872_nodes_70,6872,EUC_2D,70,6.977937684210488,7.449133698788765,6.7527%,1213.178415775299,"[69, 22, 59, 66, 23, 24, 13, 61, 43, 40, 21, 58, 26, 60, 3, 6, 31, 18, 30, 45, 14, 55, 38, 27, 20, 44, 46, 28, 2, 56, 16, 32, 12, 54, 1, 70, 68, 39, 48, 15, 34, 50, 25, 7, 35, 65, 51, 11, 8, 19, 9, 37, 4, 41, 47, 17, 10, 53, 52, 29, 64, 49, 57, 62, 63, 36, 33, 42, 5, 67, 69]"
EUC_2D7650,random_instance_7650_nodes_70,7650,EUC_2D,70,6.622363029423198,6.9016526991554805,4.2174%,882.504819393158,"[5, 55, 16, 40, 68, 28, 70, 15, 12, 56, 25, 23, 2, 47, 17, 21, 30, 66, 22, 58, 39, 49, 24, 51, 38, 65, 18, 19, 26, 62, 10, 6, 64, 59, 63, 3, 48, 57, 43, 8, 9, 35, 14, 46, 4, 11, 32, 29, 27, 7, 20, 67, 33, 36, 60, 52, 37, 61, 44, 45, 41, 53, 1, 69, 31, 54, 50, 13, 42, 34, 5]"
EUC_2D10911,random_instance_10911_nodes_100,10911,EUC_2D,100,7.770595824828728,8.07904759221822,3.9695%,4919.741209030151,"[30, 67, 68, 93, 24, 42, 36, 97, 95, 78, 59, 53, 46, 14, 31, 61, 56, 35, 90, 22, 49, 5, 69, 8, 65, 28, 21, 48, 33, 15, 11, 16, 41, 50, 92, 2, 60, 52, 18, 13, 23, 98, 10, 26, 75, 3, 91, 1, 87, 64, 100, 81, 54, 25, 70, 19, 82, 29, 86, 72, 99, 40, 83, 73, 58, 6, 89, 85, 20, 80, 32, 4, 63, 27, 94, 17, 77, 37, 47, 62, 9, 43, 76, 84, 12, 39, 96, 74, 55, 66, 57, 51, 45, 38, 79, 34, 7, 71, 44, 88, 30]"
EUC_2D447,random_instance_447_nodes_10,447,EUC_2D,10,3.3638993012725087,3.3638993012725087,0.0000%,2.456306219100952,"[5, 1, 9, 4, 6, 2, 7, 3, 8, 10, 5]"
EUC_2D6420,random_instance_6420_nodes_60,6420,EUC_2D,60,6.162989370927538,6.405722755958355,3.9386%,475.3049666881561,"[35, 41, 9, 38, 56, 2, 59, 47, 54, 51, 28, 37, 60, 58, 7, 21, 19, 20, 3, 55, 22, 15, 14, 10, 45, 42, 25, 50, 34, 5, 48, 29, 31, 40, 16, 30, 12, 36, 17, 52, 27, 23, 44, 46, 39, 43, 6, 26, 53, 24, 57, 32, 1, 8, 33, 13, 18, 49, 4, 11, 35]"
EUC_2D8826,random_instance_8826_nodes_80,8826,EUC_2D,80,7.1453507348770815,7.48009173716884,4.6847%,1007.6910283565521,"[41, 56, 20, 17, 10, 75, 6, 19, 65, 45, 72, 29, 28, 37, 60, 66, 58, 3, 61, 31, 55, 57, 30, 74, 4, 11, 12, 23, 77, 44, 18, 52, 1, 78, 67, 40, 69, 54, 15, 27, 25, 71, 73, 51, 5, 8, 48, 63, 49, 36, 9, 34, 46, 39, 68, 70, 7, 35, 76, 2, 33, 38, 42, 59, 13, 21, 16, 47, 64, 32, 43, 26, 79, 62, 50, 53, 14, 22, 80, 24, 41]"
EUC_2D3209,random_instance_3209_nodes_30,3209,EUC_2D,30,3.8259086584658157,4.31892556728046,12.8863%,34.31035923957825,"[15, 19, 2, 9, 26, 22, 24, 4, 11, 3, 13, 21, 6, 20, 5, 7, 17, 28, 30, 23, 25, 8, 27, 18, 16, 10, 12, 1, 29, 14, 15]"
EUC_2D7280,random_instance_7280_nodes_70,7280,EUC_2D,70,6.574996382283639,6.621482468261948,0.7070%,1570.4581451416016,"[11, 19, 32, 17, 18, 38, 23, 2, 50, 64, 66, 15, 27, 14, 59, 8, 5, 3, 22, 51, 33, 34, 60, 31, 39, 62, 53, 58, 52, 42, 36, 25, 46, 57, 26, 43, 28, 37, 13, 24, 45, 7, 30, 67, 48, 44, 63, 68, 9, 1, 55, 35, 47, 16, 49, 21, 56, 54, 41, 70, 61, 65, 20, 29, 6, 4, 69, 40, 12, 10, 11]"
EUC_2D5293,random_instance_5293_nodes_50,5293,EUC_2D,50,5.69552466742926,6.095339049693452,7.0198%,456.2360906600952,"[42, 4, 15, 18, 16, 35, 50, 39, 43, 31, 10, 49, 6, 21, 47, 7, 9, 14, 8, 46, 1, 24, 38, 32, 37, 41, 33, 13, 26, 25, 17, 40, 22, 27, 36, 28, 23, 11, 45, 29, 19, 30, 48, 44, 5, 3, 12, 2, 20, 34, 42]"
EUC_2D4174,random_instance_4174_nodes_40,4174,EUC_2D,40,4.9787988651000035,5.013618196159121,0.6994%,130.91154956817627,"[7, 14, 39, 36, 4, 9, 8, 20, 38, 25, 24, 1, 11, 13, 34, 27, 19, 37, 10, 40, 2, 28, 3, 18, 6, 31, 35, 15, 33, 22, 26, 16, 12, 30, 29, 32, 17, 5, 21, 23, 7]"
EUC_2D7820,random_instance_7820_nodes_80,7820,EUC_2D,80,7.185248083846481,7.291403463234498,1.4774%,1561.20272397995,"[68, 18, 57, 52, 64, 67, 12, 79, 60, 25, 62, 36, 75, 70, 49, 46, 5, 51, 58, 26, 4, 31, 56, 19, 43, 7, 80, 22, 38, 53, 76, 21, 61, 29, 66, 27, 33, 13, 20, 28, 41, 78, 35, 10, 40, 24, 2, 77, 59, 30, 15, 55, 73, 32, 44, 72, 71, 39, 23, 14, 17, 47, 65, 74, 54, 6, 48, 16, 1, 34, 45, 50, 11, 3, 69, 37, 63, 42, 8, 9, 68]"
EUC_2D9664,random_instance_9664_nodes_90,9664,EUC_2D,90,7.75508792853327,8.268111713657062,6.6153%,2727.023873567581,"[26, 27, 54, 57, 76, 11, 61, 1, 79, 25, 83, 73, 32, 77, 30, 3, 58, 12, 50, 5, 78, 59, 56, 4, 7, 84, 43, 19, 60, 13, 39, 64, 89, 62, 37, 68, 51, 87, 22, 90, 85, 6, 14, 42, 53, 72, 65, 28, 71, 2, 36, 35, 75, 45, 20, 49, 86, 15, 9, 46, 29, 40, 34, 80, 10, 82, 74, 16, 31, 47, 48, 88, 8, 18, 23, 81, 24, 41, 52, 55, 44, 66, 17, 33, 67, 63, 38, 69, 70, 21, 26]"
EUC_2D1683,random_instance_1683_nodes_20,1683,EUC_2D,20,3.9438225449991853,3.9438225449991857,0.0000%,17.932133436203003,"[10, 11, 8, 16, 4, 1, 15, 20, 7, 19, 17, 3, 13, 6, 5, 14, 12, 9, 18, 2, 10]"
EUC_2D7051,random_instance_7051_nodes_70,7051,EUC_2D,70,6.577307195808217,6.8301031913647865,3.8435%,2498.5162262916565,"[27, 1, 47, 62, 49, 34, 39, 2, 52, 21, 3, 60, 61, 5, 13, 4, 53, 37, 55, 57, 43, 68, 6, 41, 19, 31, 45, 9, 23, 65, 18, 54, 24, 48, 33, 42, 32, 17, 30, 16, 50, 38, 64, 15, 29, 20, 67, 63, 12, 70, 8, 40, 59, 28, 11, 69, 7, 44, 36, 35, 25, 46, 58, 51, 10, 22, 66, 26, 56, 14, 27]"
EUC_2D4971,random_instance_4971_nodes_50,4971,EUC_2D,50,5.758852768491376,6.04451123473547,4.9603%,583.6521747112274,"[46, 15, 19, 16, 45, 1, 9, 37, 18, 20, 50, 11, 10, 36, 23, 6, 34, 28, 4, 22, 13, 12, 43, 39, 2, 40, 31, 3, 7, 8, 44, 30, 29, 24, 27, 48, 33, 21, 5, 35, 14, 42, 38, 47, 25, 49, 17, 41, 26, 32, 46]"
EUC_2D4241,random_instance_4241_nodes_40,4241,EUC_2D,40,4.640016337481343,4.640016337481341,-0.0000%,367.1806001663208,"[36, 22, 31, 15, 38, 6, 8, 28, 2, 33, 11, 4, 34, 35, 19, 12, 29, 18, 30, 14, 21, 37, 40, 16, 39, 27, 10, 17, 3, 1, 32, 23, 26, 9, 20, 24, 5, 13, 7, 25, 36]"
EUC_2D5393,random_instance_5393_nodes_50,5393,EUC_2D,50,5.59061615797802,5.6044928251418895,0.2482%,175.7800509929657,"[43, 35, 2, 15, 19, 30, 46, 36, 47, 12, 33, 24, 11, 22, 14, 5, 21, 16, 31, 34, 25, 7, 6, 50, 41, 20, 9, 18, 10, 45, 3, 23, 28, 32, 40, 49, 17, 29, 13, 38, 1, 8, 4, 44, 37, 42, 48, 27, 39, 26, 43]"
EUC_2D7174,random_instance_7174_nodes_70,7174,EUC_2D,70,6.917107836502083,7.338449732981838,6.0913%,831.6470944881439,"[56, 31, 38, 18, 39, 8, 40, 58, 27, 13, 25, 49, 6, 42, 15, 19, 43, 47, 36, 44, 33, 48, 53, 34, 16, 17, 1, 50, 57, 5, 54, 7, 28, 30, 59, 68, 3, 26, 21, 61, 67, 11, 69, 60, 23, 55, 29, 66, 14, 2, 20, 65, 64, 9, 62, 10, 70, 24, 41, 4, 63, 22, 32, 46, 51, 45, 12, 52, 37, 35, 56]"
EUC_2D219,random_instance_219_nodes_10,219,EUC_2D,10,2.847147289662301,2.847147289662301,0.0000%,2.045522689819336,"[9, 8, 7, 6, 4, 10, 1, 2, 5, 3, 9]"
EUC_2D8578,random_instance_8578_nodes_80,8578,EUC_2D,80,6.807567318006918,6.920585627011655,1.6602%,2706.579473733902,"[39, 74, 45, 7, 71, 36, 51, 20, 26, 61, 80, 13, 48, 32, 41, 66, 72, 59, 34, 17, 21, 1, 40, 60, 8, 46, 24, 67, 6, 3, 19, 42, 44, 64, 47, 50, 31, 29, 75, 77, 22, 33, 27, 62, 43, 69, 37, 76, 4, 5, 14, 10, 12, 38, 18, 9, 16, 68, 35, 79, 25, 70, 73, 11, 63, 54, 56, 28, 58, 55, 78, 23, 53, 2, 30, 15, 65, 52, 57, 49, 39]"
EUC_2D6945,random_instance_6945_nodes_70,6945,EUC_2D,70,6.506941175770627,6.549374389317189,0.6521%,1308.9335322380066,"[66, 29, 68, 14, 28, 41, 67, 25, 5, 51, 54, 3, 15, 56, 62, 4, 23, 42, 18, 43, 30, 20, 12, 55, 64, 34, 2, 38, 47, 13, 65, 59, 63, 69, 6, 19, 50, 39, 60, 52, 10, 31, 27, 44, 48, 49, 45, 9, 53, 61, 21, 26, 70, 46, 7, 57, 8, 35, 32, 22, 16, 1, 58, 36, 37, 17, 33, 11, 40, 24, 66]"
EUC_2D5656,random_instance_5656_nodes_60,5656,EUC_2D,60,6.212651967969283,6.495574079403103,4.5540%,699.8641936779022,"[1, 50, 48, 4, 57, 42, 40, 58, 46, 47, 23, 20, 16, 11, 33, 60, 31, 14, 52, 30, 8, 2, 22, 59, 32, 45, 55, 29, 34, 49, 25, 54, 26, 39, 19, 44, 7, 41, 24, 13, 10, 36, 21, 27, 51, 56, 37, 18, 9, 15, 38, 5, 28, 43, 12, 17, 6, 35, 53, 3, 1]"
EUC_2D2334,random_instance_2334_nodes_30,2334,EUC_2D,30,5.010864563042675,5.010864563042675,0.0000%,39.4092903137207,"[18, 16, 17, 30, 1, 4, 25, 3, 28, 20, 15, 10, 27, 26, 12, 22, 6, 8, 5, 2, 7, 24, 11, 14, 23, 9, 21, 19, 13, 29, 18]"
EUC_2D4977,random_instance_4977_nodes_50,4977,EUC_2D,50,5.300474457741751,5.619857302008005,6.0256%,225.60044503211975,"[13, 10, 42, 5, 36, 27, 28, 49, 48, 2, 32, 24, 9, 25, 8, 14, 21, 46, 30, 22, 33, 43, 1, 4, 47, 20, 45, 23, 31, 34, 11, 39, 6, 19, 26, 29, 12, 50, 37, 3, 16, 38, 41, 17, 40, 7, 35, 15, 44, 18, 13]"
EUC_2D9411,random_instance_9411_nodes_90,9411,EUC_2D,90,7.853897499148321,8.514615537870187,8.4126%,2794.0412259101868,"[3, 40, 56, 46, 10, 41, 12, 24, 58, 14, 67, 48, 82, 79, 35, 21, 72, 5, 71, 53, 64, 84, 62, 88, 69, 54, 76, 61, 34, 90, 16, 26, 36, 63, 77, 37, 23, 19, 86, 50, 59, 28, 11, 75, 66, 22, 8, 43, 18, 4, 33, 73, 83, 1, 29, 87, 20, 60, 15, 68, 27, 13, 47, 30, 42, 2, 45, 6, 51, 9, 44, 55, 25, 74, 31, 70, 52, 57, 49, 80, 38, 89, 81, 17, 7, 65, 85, 39, 32, 78, 3]"
EUC_2D5907,random_instance_5907_nodes_60,5907,EUC_2D,60,5.733510481915911,5.738735222883435,0.0911%,546.5473375320435,"[15, 58, 30, 5, 46, 10, 41, 21, 22, 16, 60, 28, 48, 19, 59, 37, 13, 52, 38, 42, 31, 29, 44, 11, 7, 8, 43, 36, 49, 57, 39, 32, 20, 14, 12, 55, 6, 2, 53, 56, 27, 40, 18, 54, 35, 17, 26, 33, 1, 3, 23, 45, 47, 50, 4, 24, 34, 25, 9, 51, 15]"
EUC_2D10843,random_instance_10843_nodes_100,10843,EUC_2D,100,7.84919123096035,8.065124509328875,2.7510%,4583.587326288223,"[66, 87, 17, 41, 40, 21, 62, 3, 64, 39, 12, 4, 73, 85, 43, 16, 99, 18, 93, 55, 6, 11, 81, 50, 32, 10, 83, 59, 7, 95, 31, 38, 46, 77, 53, 91, 89, 86, 54, 82, 25, 63, 5, 88, 42, 13, 69, 79, 1, 35, 34, 100, 70, 97, 52, 57, 48, 80, 51, 45, 23, 9, 56, 47, 84, 27, 37, 29, 96, 67, 26, 78, 44, 49, 58, 14, 90, 71, 60, 15, 28, 33, 75, 72, 22, 30, 8, 94, 2, 65, 98, 74, 19, 92, 36, 76, 24, 61, 20, 68, 66]"
EUC_2D9455,random_instance_9455_nodes_90,9455,EUC_2D,90,7.413780465653676,7.463823955725009,0.6750%,4124.2729461193085,"[40, 35, 55, 37, 54, 34, 28, 33, 19, 24, 44, 46, 5, 67, 62, 11, 39, 61, 90, 51, 71, 17, 10, 32, 4, 45, 3, 15, 16, 66, 89, 59, 8, 42, 50, 38, 69, 52, 41, 6, 47, 23, 31, 20, 80, 18, 26, 29, 60, 7, 13, 88, 2, 12, 21, 84, 56, 22, 86, 82, 75, 14, 70, 81, 9, 43, 48, 73, 57, 85, 25, 64, 76, 49, 36, 87, 83, 72, 74, 79, 68, 27, 78, 1, 65, 77, 30, 63, 53, 58, 40]"
EUC_2D2032,random_instance_2032_nodes_20,2032,EUC_2D,20,4.186382409827042,4.186382409827042,0.0000%,7.196217060089111,"[10, 14, 9, 19, 5, 3, 1, 15, 20, 4, 13, 2, 7, 8, 18, 11, 16, 12, 17, 6, 10]"
EUC_2D690,random_instance_690_nodes_10,690,EUC_2D,10,2.7444333748261704,2.74443337482617,-0.0000%,1.2416377067565918,"[3, 5, 10, 9, 4, 6, 2, 1, 8, 7, 3]"
EUC_2D10869,random_instance_10869_nodes_100,10869,EUC_2D,100,7.587359311769288,8.339051117699505,9.9072%,3951.942369222641,"[43, 27, 11, 16, 46, 3, 41, 22, 38, 45, 70, 66, 56, 28, 82, 83, 73, 30, 47, 64, 44, 54, 97, 8, 91, 12, 51, 4, 96, 95, 35, 24, 29, 1, 84, 74, 25, 13, 79, 60, 21, 14, 90, 6, 65, 49, 94, 57, 17, 98, 9, 67, 55, 36, 75, 100, 62, 77, 48, 18, 93, 76, 81, 72, 32, 52, 89, 7, 99, 68, 37, 87, 63, 85, 34, 69, 26, 19, 10, 86, 31, 40, 59, 39, 15, 88, 2, 53, 71, 78, 61, 58, 23, 80, 42, 92, 50, 5, 20, 33, 43]"
EUC_2D2268,random_instance_2268_nodes_30,2268,EUC_2D,30,4.500016179476817,4.500016179476818,0.0000%,38.38156723976135,"[12, 14, 28, 6, 1, 8, 17, 3, 4, 21, 19, 23, 30, 7, 11, 29, 22, 13, 27, 16, 24, 10, 20, 26, 25, 5, 15, 2, 18, 9, 12]"
EUC_2D2029,random_instance_2029_nodes_20,2029,EUC_2D,20,3.8735213742743477,3.873521374274348,0.0000%,24.403934001922607,"[19, 20, 3, 2, 14, 9, 7, 6, 17, 18, 1, 5, 16, 10, 13, 11, 12, 8, 4, 15, 19]"
EUC_2D1145,random_instance_1145_nodes_20,1145,EUC_2D,20,3.9846248792539205,3.984624879253921,0.0000%,10.740325450897217,"[2, 19, 15, 6, 5, 13, 14, 10, 1, 17, 16, 8, 12, 18, 11, 4, 9, 3, 7, 20, 2]"
EUC_2D9536,random_instance_9536_nodes_90,9536,EUC_2D,90,7.422802458684327,8.113718564773626,9.3080%,3835.0892589092255,"[86, 77, 7, 74, 58, 85, 72, 66, 37, 4, 70, 26, 79, 32, 89, 84, 42, 54, 10, 27, 3, 2, 15, 16, 17, 69, 90, 45, 62, 25, 55, 47, 5, 29, 56, 82, 52, 48, 71, 28, 33, 21, 59, 31, 49, 36, 24, 50, 51, 57, 40, 6, 88, 39, 41, 1, 61, 23, 67, 75, 80, 34, 46, 8, 83, 38, 44, 87, 43, 18, 30, 64, 65, 73, 68, 81, 11, 78, 53, 60, 76, 12, 35, 9, 14, 22, 19, 13, 63, 20, 86]"
EUC_2D2576,random_instance_2576_nodes_30,2576,EUC_2D,30,4.458141603714303,4.794005069454181,7.5337%,37.95554709434509,"[11, 25, 30, 15, 20, 13, 27, 29, 18, 1, 10, 21, 23, 17, 7, 9, 22, 6, 5, 19, 8, 14, 2, 28, 26, 24, 12, 3, 16, 4, 11]"
EUC_2D3517,random_instance_3517_nodes_40,3517,EUC_2D,40,5.3642006049531705,5.364200604953169,-0.0000%,126.4114420413971,"[13, 19, 38, 24, 25, 30, 8, 6, 23, 12, 9, 28, 11, 5, 29, 34, 3, 10, 27, 22, 15, 33, 37, 26, 4, 16, 14, 1, 40, 21, 32, 36, 31, 39, 7, 17, 18, 20, 2, 35, 13]"
EUC_2D8999,random_instance_8999_nodes_90,8999,EUC_2D,90,7.450305790469238,7.690991718399028,3.2306%,4865.19198513031,"[29, 11, 75, 87, 66, 22, 6, 57, 26, 60, 68, 65, 88, 81, 90, 76, 80, 79, 8, 39, 46, 69, 47, 45, 10, 89, 41, 71, 40, 73, 63, 70, 30, 50, 42, 64, 84, 1, 43, 9, 3, 58, 77, 27, 32, 24, 4, 59, 19, 38, 28, 20, 12, 23, 31, 16, 5, 55, 21, 52, 2, 44, 85, 54, 35, 48, 33, 74, 17, 25, 61, 13, 15, 36, 49, 67, 51, 7, 62, 56, 18, 78, 82, 37, 72, 53, 83, 14, 86, 34, 29]"
EUC_2D2879,random_instance_2879_nodes_30,2879,EUC_2D,30,4.747042569631487,4.8330186960334185,1.8112%,35.84768056869507,"[6, 17, 27, 8, 9, 4, 24, 13, 15, 25, 11, 20, 12, 21, 29, 3, 18, 22, 14, 19, 1, 30, 7, 23, 2, 28, 16, 26, 10, 5, 6]"
EUC_2D6480,random_instance_6480_nodes_60,6480,EUC_2D,60,5.642527469793066,5.956651413666279,5.5671%,773.4870252609253,"[51, 45, 34, 26, 17, 8, 39, 41, 18, 54, 42, 50, 13, 7, 22, 33, 57, 32, 36, 27, 1, 60, 49, 9, 58, 6, 55, 5, 35, 19, 2, 10, 30, 15, 31, 28, 20, 25, 47, 46, 52, 11, 23, 43, 38, 29, 56, 24, 21, 59, 3, 16, 4, 44, 53, 37, 14, 48, 40, 12, 51]"
EUC_2D8717,random_instance_8717_nodes_80,8717,EUC_2D,80,6.94356778510545,7.438911700801387,7.1339%,1986.523957490921,"[40, 50, 7, 49, 31, 29, 37, 11, 61, 44, 66, 77, 64, 25, 70, 79, 46, 51, 17, 22, 27, 45, 24, 78, 62, 69, 1, 55, 38, 80, 53, 74, 19, 48, 68, 23, 20, 35, 26, 10, 63, 56, 71, 21, 14, 16, 60, 59, 2, 58, 43, 33, 67, 6, 18, 13, 52, 73, 5, 4, 54, 3, 9, 65, 76, 15, 75, 47, 8, 36, 12, 28, 72, 30, 32, 57, 41, 39, 34, 42, 40]"
EUC_2D4829,random_instance_4829_nodes_50,4829,EUC_2D,50,6.038093898579483,6.1057298222335605,1.1202%,188.17869400978088,"[4, 31, 25, 48, 23, 34, 36, 12, 44, 40, 46, 22, 32, 8, 43, 2, 18, 7, 16, 10, 41, 19, 6, 21, 1, 3, 28, 17, 42, 30, 11, 29, 39, 37, 26, 24, 5, 49, 14, 38, 33, 15, 13, 35, 47, 9, 45, 27, 20, 50, 4]"
EUC_2D1008,random_instance_1008_nodes_10,1008,EUC_2D,10,3.0318661729079235,3.0318661729079226,-0.0000%,2.227842092514038,"[9, 6, 5, 2, 10, 3, 8, 1, 7, 4, 9]"
EUC_2D10489,random_instance_10489_nodes_100,10489,EUC_2D,100,7.633007839353262,8.095652035208488,6.0611%,3464.1132934093475,"[28, 86, 88, 40, 11, 23, 60, 79, 1, 14, 33, 35, 57, 27, 99, 69, 65, 24, 90, 98, 13, 92, 61, 46, 74, 49, 93, 47, 89, 44, 67, 82, 31, 85, 54, 55, 41, 15, 25, 66, 18, 87, 3, 10, 100, 48, 8, 83, 29, 43, 2, 73, 34, 84, 51, 91, 30, 75, 68, 77, 53, 96, 17, 72, 7, 9, 80, 26, 16, 76, 71, 50, 38, 4, 62, 64, 12, 78, 39, 6, 95, 94, 5, 21, 19, 63, 45, 32, 36, 58, 37, 81, 59, 42, 97, 52, 20, 56, 70, 22, 28]"
EUC_2D6164,random_instance_6164_nodes_60,6164,EUC_2D,60,6.425701595522248,6.610713581311181,2.8792%,469.1929304599762,"[52, 20, 59, 22, 57, 36, 27, 18, 50, 15, 60, 37, 45, 46, 14, 9, 39, 40, 51, 43, 11, 19, 24, 55, 2, 6, 35, 47, 17, 33, 8, 3, 12, 28, 26, 53, 5, 4, 23, 13, 25, 38, 10, 7, 1, 31, 48, 54, 16, 41, 29, 44, 56, 32, 42, 34, 49, 30, 58, 21, 52]"
EUC_2D9072,random_instance_9072_nodes_90,9072,EUC_2D,90,7.611760579486721,8.24269620644386,8.2890%,4001.5335776805878,"[75, 14, 40, 22, 38, 37, 86, 60, 33, 1, 68, 2, 47, 49, 28, 52, 54, 8, 89, 71, 9, 27, 36, 5, 43, 34, 17, 79, 72, 64, 41, 73, 30, 90, 85, 63, 44, 46, 24, 21, 59, 50, 57, 29, 69, 10, 51, 39, 81, 18, 55, 25, 13, 11, 48, 58, 65, 80, 20, 6, 66, 15, 4, 82, 83, 53, 77, 35, 78, 7, 12, 84, 32, 56, 42, 70, 3, 76, 67, 88, 31, 45, 61, 62, 19, 23, 16, 74, 87, 26, 75]"
EUC_2D10768,random_instance_10768_nodes_100,10768,EUC_2D,100,7.662973295321829,7.853147506518036,2.4817%,3675.1937477588654,"[17, 79, 98, 34, 44, 10, 11, 64, 95, 25, 100, 39, 45, 33, 52, 38, 6, 99, 61, 22, 78, 56, 21, 92, 62, 51, 37, 41, 20, 35, 14, 80, 32, 50, 8, 68, 53, 76, 55, 96, 46, 93, 18, 94, 49, 31, 90, 73, 74, 12, 30, 63, 58, 7, 1, 87, 91, 82, 88, 48, 65, 83, 4, 42, 66, 89, 86, 59, 23, 75, 40, 15, 84, 36, 71, 27, 2, 54, 81, 43, 70, 13, 28, 29, 97, 85, 57, 19, 26, 5, 47, 67, 3, 16, 24, 69, 60, 77, 72, 9, 17]"
EUC_2D7890,random_instance_7890_nodes_80,7890,EUC_2D,80,7.010346413450764,7.192568628242076,2.5993%,1836.6695232391357,"[6, 25, 47, 57, 38, 4, 11, 26, 62, 48, 30, 2, 5, 40, 9, 69, 23, 75, 32, 27, 42, 59, 16, 44, 54, 29, 22, 51, 28, 34, 74, 33, 61, 36, 46, 73, 79, 43, 64, 8, 52, 77, 71, 80, 37, 17, 1, 56, 67, 20, 18, 66, 78, 14, 70, 3, 24, 41, 39, 19, 50, 21, 49, 13, 63, 58, 35, 60, 65, 12, 68, 10, 76, 7, 15, 45, 31, 53, 72, 55, 6]"
EUC_2D1779,random_instance_1779_nodes_20,1779,EUC_2D,20,3.6328014307172025,3.9642307601539652,9.1232%,15.85049319267273,"[15, 20, 4, 8, 2, 19, 3, 13, 12, 14, 11, 16, 17, 7, 18, 1, 6, 5, 10, 9, 15]"
EUC_2D8421,random_instance_8421_nodes_80,8421,EUC_2D,80,6.813090868261761,6.914847233398044,1.4935%,2770.708906173706,"[7, 21, 40, 23, 22, 26, 47, 27, 14, 63, 52, 35, 67, 73, 78, 30, 29, 24, 32, 54, 34, 59, 48, 44, 71, 17, 19, 58, 28, 64, 74, 56, 10, 8, 60, 61, 70, 2, 15, 76, 50, 77, 80, 75, 49, 51, 39, 33, 68, 53, 13, 25, 66, 16, 9, 4, 18, 36, 72, 5, 55, 79, 69, 31, 3, 65, 11, 1, 46, 20, 43, 42, 6, 62, 57, 37, 45, 41, 38, 12, 7]"
EUC_2D3624,random_instance_3624_nodes_40,3624,EUC_2D,40,4.804246262870485,4.896300021177113,1.9161%,73.06910991668701,"[33, 14, 34, 1, 16, 29, 24, 13, 12, 32, 37, 6, 22, 23, 25, 20, 17, 18, 36, 27, 38, 5, 9, 28, 4, 26, 40, 35, 11, 39, 3, 30, 31, 21, 2, 19, 8, 7, 10, 15, 33]"
EUC_2D10717,random_instance_10717_nodes_100,10717,EUC_2D,100,7.59885221212353,7.67255879519224,0.9700%,7090.90228676796,"[75, 40, 24, 15, 4, 44, 48, 76, 42, 25, 30, 85, 100, 74, 53, 54, 21, 1, 65, 5, 69, 57, 97, 20, 2, 51, 37, 91, 62, 82, 7, 18, 27, 34, 17, 86, 13, 58, 87, 81, 59, 16, 78, 72, 9, 46, 41, 79, 11, 22, 33, 93, 8, 99, 3, 95, 66, 19, 61, 96, 26, 84, 77, 94, 56, 47, 83, 63, 52, 55, 98, 88, 36, 31, 68, 49, 6, 10, 39, 70, 29, 35, 92, 14, 50, 89, 80, 38, 67, 12, 45, 73, 43, 28, 64, 90, 71, 32, 23, 60, 75]"
EUC_2D5046,random_instance_5046_nodes_50,5046,EUC_2D,50,5.7211769858386035,5.721176985838606,0.0000%,206.11331248283386,"[48, 17, 4, 34, 25, 47, 44, 21, 49, 45, 41, 11, 32, 1, 42, 14, 12, 35, 5, 13, 18, 39, 27, 37, 28, 7, 2, 23, 24, 9, 31, 50, 46, 43, 20, 15, 30, 6, 29, 8, 26, 38, 22, 3, 33, 36, 40, 19, 10, 16, 48]"
EUC_2D3372,random_instance_3372_nodes_40,3372,EUC_2D,40,5.1485224963043175,5.355067113342364,4.0117%,177.58661675453186,"[37, 20, 32, 26, 34, 5, 6, 14, 28, 8, 25, 11, 23, 12, 13, 9, 1, 18, 7, 31, 22, 10, 19, 3, 30, 16, 15, 24, 2, 40, 33, 36, 39, 4, 35, 29, 21, 38, 27, 17, 37]"
EUC_2D7044,random_instance_7044_nodes_70,7044,EUC_2D,70,6.355531077673932,6.603085523699789,3.8951%,1823.314248085022,"[2, 4, 69, 19, 32, 57, 61, 45, 22, 5, 52, 17, 60, 16, 37, 26, 53, 67, 10, 36, 44, 54, 48, 11, 50, 1, 43, 70, 6, 51, 25, 9, 68, 38, 35, 30, 20, 39, 49, 63, 18, 65, 64, 29, 15, 59, 33, 47, 42, 27, 40, 56, 28, 58, 21, 46, 24, 13, 8, 14, 12, 3, 55, 31, 41, 62, 66, 7, 34, 23, 2]"
EUC_2D5624,random_instance_5624_nodes_60,5624,EUC_2D,60,5.632615120865091,5.704229538877921,1.2714%,610.5995056629181,"[7, 4, 55, 52, 2, 16, 11, 1, 43, 58, 57, 34, 44, 20, 19, 39, 12, 3, 22, 15, 32, 60, 46, 35, 50, 10, 37, 27, 26, 28, 8, 30, 5, 24, 6, 40, 25, 31, 56, 47, 36, 53, 17, 14, 21, 29, 51, 38, 41, 45, 54, 33, 49, 48, 23, 18, 9, 42, 13, 59, 7]"
EUC_2D1240,random_instance_1240_nodes_20,1240,EUC_2D,20,4.097370359344993,4.097370359344993,0.0000%,11.0160813331604,"[20, 13, 8, 15, 16, 11, 12, 2, 4, 1, 9, 10, 5, 18, 19, 7, 17, 14, 6, 3, 20]"
EUC_2D9792,random_instance_9792_nodes_90,9792,EUC_2D,90,7.629783483323058,7.743758501032131,1.4938%,2074.0700073242188,"[18, 33, 4, 68, 5, 38, 81, 35, 37, 40, 87, 79, 32, 11, 43, 51, 56, 20, 1, 75, 85, 54, 55, 42, 29, 16, 48, 57, 61, 65, 50, 70, 89, 34, 39, 30, 49, 45, 14, 77, 25, 76, 78, 10, 22, 59, 72, 21, 63, 84, 46, 36, 71, 8, 41, 86, 3, 9, 31, 74, 2, 80, 12, 62, 52, 83, 24, 44, 73, 64, 69, 67, 60, 82, 58, 90, 47, 7, 88, 6, 28, 15, 26, 13, 53, 19, 27, 23, 17, 66, 18]"
EUC_2D5145,random_instance_5145_nodes_50,5145,EUC_2D,50,5.522753206512112,5.6469522654410005,2.2489%,178.9420027732849,"[48, 47, 46, 50, 3, 19, 2, 7, 42, 21, 31, 37, 14, 34, 49, 29, 17, 18, 24, 45, 22, 6, 44, 4, 40, 28, 1, 41, 20, 12, 11, 16, 8, 39, 25, 32, 35, 43, 38, 23, 10, 15, 5, 27, 36, 26, 30, 9, 33, 13, 48]"
EUC_2D10450,random_instance_10450_nodes_100,10450,EUC_2D,100,7.645395973170454,7.866231354776619,2.8885%,3443.252313375473,"[49, 29, 73, 40, 100, 27, 26, 91, 6, 13, 43, 56, 59, 17, 37, 69, 99, 31, 81, 44, 22, 88, 97, 72, 75, 18, 21, 82, 67, 79, 50, 70, 46, 62, 25, 1, 84, 2, 42, 47, 28, 36, 57, 15, 61, 64, 93, 80, 71, 34, 38, 74, 58, 48, 87, 85, 77, 12, 9, 68, 32, 14, 60, 54, 8, 41, 95, 65, 19, 7, 35, 96, 11, 94, 20, 83, 52, 92, 24, 3, 90, 45, 30, 53, 89, 4, 33, 10, 5, 55, 86, 51, 16, 76, 63, 23, 78, 66, 39, 98, 49]"
EUC_2D5918,random_instance_5918_nodes_60,5918,EUC_2D,60,6.524508844221491,7.211484575937128,10.5292%,725.227995634079,"[8, 26, 57, 49, 9, 35, 52, 24, 1, 60, 47, 28, 27, 2, 55, 10, 40, 34, 15, 5, 6, 12, 14, 21, 46, 7, 45, 53, 25, 56, 44, 16, 38, 39, 20, 4, 32, 19, 50, 3, 43, 33, 17, 51, 42, 41, 22, 58, 37, 30, 59, 31, 23, 18, 48, 54, 29, 13, 36, 11, 8]"
EUC_2D2876,random_instance_2876_nodes_30,2876,EUC_2D,30,4.18827099010062,4.302407591470928,2.7251%,29.894017696380615,"[8, 6, 25, 10, 27, 14, 18, 19, 11, 16, 12, 23, 9, 7, 13, 4, 30, 21, 15, 28, 29, 3, 24, 5, 22, 20, 17, 1, 26, 2, 8]"
EUC_2D7535,random_instance_7535_nodes_70,7535,EUC_2D,70,6.2880186015122606,7.286569597473907,15.8802%,1045.6563420295715,"[51, 59, 53, 16, 30, 42, 11, 22, 13, 10, 9, 55, 32, 25, 37, 1, 54, 47, 69, 19, 8, 36, 57, 2, 3, 33, 27, 34, 63, 68, 58, 67, 60, 26, 38, 44, 64, 7, 20, 4, 18, 43, 45, 24, 29, 14, 5, 6, 49, 48, 39, 40, 62, 12, 50, 31, 65, 21, 52, 28, 56, 66, 23, 70, 61, 46, 17, 15, 35, 41, 51]"
EUC_2D3605,random_instance_3605_nodes_40,3605,EUC_2D,40,5.111331743356476,5.230719607703965,2.3357%,147.2122962474823,"[33, 15, 5, 21, 23, 6, 12, 37, 14, 3, 36, 27, 35, 22, 32, 20, 30, 17, 40, 28, 10, 13, 25, 19, 31, 26, 29, 24, 2, 34, 8, 7, 1, 38, 39, 4, 18, 16, 11, 9, 33]"
EUC_2D9480,random_instance_9480_nodes_90,9480,EUC_2D,90,7.691776836088721,8.658665851506461,12.5704%,4689.4066960811615,"[39, 42, 34, 75, 77, 25, 30, 64, 49, 8, 23, 3, 69, 16, 86, 36, 90, 14, 84, 85, 18, 54, 4, 66, 78, 48, 74, 63, 80, 79, 40, 6, 11, 89, 59, 67, 46, 52, 45, 32, 61, 24, 72, 31, 50, 9, 62, 87, 68, 1, 27, 26, 22, 35, 83, 13, 21, 55, 56, 43, 81, 17, 70, 65, 53, 5, 19, 60, 33, 20, 82, 88, 51, 15, 73, 12, 29, 10, 41, 28, 2, 57, 47, 7, 38, 44, 58, 37, 76, 71, 39]"
EUC_2D69,random_instance_69_nodes_10,69,EUC_2D,10,2.8742037131459277,2.8742037131459277,0.0000%,1.4038543701171875,"[8, 6, 2, 10, 7, 4, 5, 3, 9, 1, 8]"
EUC_2D8499,random_instance_8499_nodes_80,8499,EUC_2D,80,7.312802956150928,7.58376833863505,3.7054%,1097.158432483673,"[26, 34, 73, 27, 56, 16, 53, 77, 17, 57, 69, 9, 70, 40, 38, 66, 25, 62, 30, 10, 21, 32, 65, 1, 71, 54, 5, 12, 44, 33, 48, 80, 2, 20, 76, 58, 61, 46, 50, 59, 8, 3, 35, 36, 63, 79, 45, 72, 47, 4, 31, 28, 64, 15, 60, 22, 19, 24, 42, 43, 68, 74, 6, 18, 51, 41, 11, 49, 78, 13, 67, 52, 29, 39, 37, 7, 55, 14, 23, 75, 26]"
EUC_2D4614,random_instance_4614_nodes_50,4614,EUC_2D,50,5.788143323430012,5.949607090045138,2.7896%,347.4608418941498,"[18, 4, 29, 36, 11, 32, 40, 42, 48, 46, 21, 47, 6, 35, 33, 49, 19, 13, 45, 41, 34, 15, 30, 28, 9, 10, 16, 7, 26, 12, 27, 38, 31, 50, 43, 8, 25, 14, 3, 37, 1, 24, 22, 39, 17, 5, 2, 20, 44, 23, 18]"
EUC_2D560,random_instance_560_nodes_10,560,EUC_2D,10,2.6045311966583373,2.6045311966583373,0.0000%,1.2193832397460938,"[5, 4, 1, 6, 8, 2, 10, 3, 7, 9, 5]"
EUC_2D1170,random_instance_1170_nodes_20,1170,EUC_2D,20,3.5937479097698226,3.5937479097698226,0.0000%,10.866679906845093,"[11, 14, 17, 19, 20, 4, 15, 1, 3, 2, 18, 12, 16, 9, 7, 8, 10, 6, 5, 13, 11]"
EUC_2D4999,random_instance_4999_nodes_50,4999,EUC_2D,50,5.655747886029697,5.729873944446087,1.3106%,411.0049469470978,"[33, 45, 32, 17, 12, 1, 35, 48, 22, 31, 28, 19, 47, 10, 5, 40, 39, 30, 43, 7, 9, 6, 42, 14, 18, 26, 49, 8, 37, 2, 11, 21, 38, 13, 44, 27, 46, 15, 25, 36, 29, 20, 4, 24, 23, 3, 50, 16, 34, 41, 33]"
EUC_2D10716,random_instance_10716_nodes_100,10716,EUC_2D,100,7.711689160733914,7.9792682161256945,3.4698%,6593.600015163422,"[51, 46, 31, 61, 77, 29, 14, 12, 74, 89, 4, 66, 85, 41, 13, 90, 40, 55, 9, 93, 91, 26, 20, 96, 97, 11, 21, 24, 1, 82, 17, 28, 33, 22, 34, 68, 64, 15, 52, 45, 99, 10, 79, 100, 25, 94, 53, 23, 70, 39, 69, 48, 81, 6, 42, 58, 3, 84, 49, 47, 83, 37, 7, 98, 57, 95, 18, 30, 63, 80, 88, 60, 27, 75, 5, 92, 87, 71, 8, 43, 2, 72, 86, 67, 62, 38, 56, 44, 35, 54, 19, 78, 16, 59, 32, 50, 73, 36, 65, 76, 51]"
EUC_2D1090,random_instance_1090_nodes_10,1090,EUC_2D,10,3.176025028849781,3.1760250288497813,0.0000%,1.0883815288543701,"[6, 5, 9, 2, 3, 1, 8, 10, 7, 4, 6]"
EUC_2D5255,random_instance_5255_nodes_50,5255,EUC_2D,50,5.782901782966929,6.159794716909198,6.5174%,248.63124227523804,"[31, 37, 24, 29, 6, 1, 36, 25, 47, 22, 13, 3, 10, 14, 30, 15, 19, 38, 45, 16, 27, 5, 35, 2, 4, 50, 17, 23, 20, 34, 18, 21, 39, 43, 9, 11, 49, 32, 44, 42, 33, 28, 7, 8, 41, 40, 26, 48, 46, 12, 31]"
EUC_2D5547,random_instance_5547_nodes_50,5547,EUC_2D,50,5.972312383446827,6.073622196996314,1.6963%,281.9441375732422,"[36, 49, 11, 39, 34, 8, 32, 44, 2, 41, 27, 10, 28, 45, 5, 35, 46, 9, 29, 1, 31, 26, 19, 18, 30, 37, 40, 12, 43, 20, 24, 23, 25, 50, 22, 17, 6, 4, 33, 7, 3, 38, 15, 42, 14, 48, 13, 21, 16, 47, 36]"
EUC_2D8377,random_instance_8377_nodes_80,8377,EUC_2D,80,6.830161430485403,6.913115090361384,1.2145%,2041.3934412002563,"[30, 72, 11, 55, 53, 50, 12, 54, 46, 79, 51, 44, 19, 20, 77, 38, 76, 45, 26, 41, 35, 24, 33, 14, 8, 62, 32, 4, 70, 23, 61, 74, 43, 67, 18, 78, 57, 13, 52, 48, 59, 49, 68, 64, 10, 5, 56, 17, 28, 39, 25, 16, 29, 22, 9, 47, 34, 3, 66, 69, 27, 37, 63, 36, 71, 65, 6, 58, 7, 31, 60, 15, 2, 40, 73, 75, 80, 42, 1, 21, 30]"
EUC_2D8136,random_instance_8136_nodes_80,8136,EUC_2D,80,7.087865603172741,7.58615700275481,7.0302%,1100.8954315185547,"[40, 14, 61, 47, 76, 48, 38, 11, 22, 36, 55, 60, 13, 74, 52, 42, 16, 54, 27, 25, 9, 4, 62, 20, 57, 32, 65, 10, 26, 53, 33, 77, 49, 8, 73, 6, 64, 58, 19, 7, 44, 5, 63, 56, 2, 51, 35, 23, 12, 34, 43, 15, 28, 17, 21, 78, 70, 67, 59, 1, 80, 30, 68, 72, 75, 24, 29, 45, 41, 79, 3, 66, 31, 18, 46, 71, 69, 37, 50, 39, 40]"
EUC_2D3135,random_instance_3135_nodes_30,3135,EUC_2D,30,4.895284220581484,4.895284220581485,0.0000%,33.25197792053223,"[24, 27, 8, 12, 28, 4, 16, 21, 17, 23, 29, 15, 13, 3, 1, 30, 11, 22, 26, 10, 25, 7, 5, 9, 14, 6, 20, 2, 18, 19, 24]"
EUC_2D6169,random_instance_6169_nodes_60,6169,EUC_2D,60,6.1629074097788985,6.454802290445971,4.7363%,441.84109902381897,"[19, 53, 15, 20, 16, 50, 27, 51, 60, 13, 56, 35, 59, 33, 8, 42, 47, 37, 3, 39, 12, 23, 10, 14, 21, 9, 7, 38, 58, 6, 36, 17, 18, 54, 5, 34, 49, 4, 43, 57, 25, 22, 52, 11, 30, 44, 24, 40, 26, 45, 55, 29, 32, 46, 28, 48, 41, 1, 31, 2, 19]"
EUC_2D1123,random_instance_1123_nodes_20,1123,EUC_2D,20,4.0293531203560145,4.0293531203560145,0.0000%,11.206190347671509,"[19, 8, 4, 17, 5, 1, 11, 15, 14, 7, 9, 2, 18, 3, 20, 12, 10, 6, 13, 16, 19]"
EUC_2D9800,random_instance_9800_nodes_90,9800,EUC_2D,90,7.232393864085524,7.353352093189605,1.6725%,4553.601219177246,"[12, 27, 20, 55, 43, 1, 59, 42, 7, 68, 34, 65, 41, 76, 82, 50, 32, 16, 79, 70, 73, 24, 11, 37, 75, 77, 90, 66, 89, 22, 86, 40, 49, 10, 26, 39, 21, 51, 74, 69, 54, 13, 18, 46, 72, 58, 63, 62, 15, 48, 3, 19, 25, 87, 44, 61, 78, 17, 88, 64, 80, 33, 52, 38, 81, 85, 35, 31, 36, 45, 28, 8, 5, 6, 60, 84, 29, 71, 14, 47, 4, 23, 56, 57, 2, 9, 30, 67, 83, 53, 12]"
EUC_2D2451,random_instance_2451_nodes_30,2451,EUC_2D,30,4.587338485389697,4.587338485389697,0.0000%,49.62676119804382,"[14, 27, 7, 2, 4, 18, 9, 29, 10, 19, 26, 15, 8, 24, 16, 12, 3, 17, 20, 30, 21, 23, 28, 11, 5, 13, 1, 22, 6, 25, 14]"
EUC_2D3011,random_instance_3011_nodes_30,3011,EUC_2D,30,4.2523690970825525,4.252369097082552,-0.0000%,40.56494975090027,"[13, 16, 6, 1, 10, 7, 15, 3, 4, 17, 2, 30, 29, 24, 26, 28, 8, 21, 22, 20, 27, 25, 23, 11, 5, 12, 14, 19, 18, 9, 13]"
EUC_2D2566,random_instance_2566_nodes_30,2566,EUC_2D,30,3.821182437269668,3.855177675061965,0.8897%,46.36765646934509,"[2, 30, 16, 1, 15, 27, 9, 6, 23, 12, 18, 14, 24, 11, 22, 10, 4, 7, 25, 13, 28, 8, 17, 19, 26, 29, 3, 20, 5, 21, 2]"
EUC_2D839,random_instance_839_nodes_10,839,EUC_2D,10,2.2813863594860138,2.347765418287343,2.9096%,0.9150643348693848,"[5, 3, 6, 9, 4, 2, 10, 1, 7, 8, 5]"
EUC_2D6336,random_instance_6336_nodes_60,6336,EUC_2D,60,6.666106681354288,7.029715072485288,5.4546%,366.8575463294983,"[52, 17, 39, 12, 43, 26, 53, 55, 14, 24, 45, 28, 21, 42, 54, 4, 1, 7, 38, 6, 30, 40, 60, 34, 33, 18, 11, 58, 32, 3, 9, 16, 29, 22, 5, 41, 19, 15, 46, 10, 35, 8, 27, 57, 51, 50, 47, 44, 31, 23, 25, 48, 49, 20, 36, 59, 13, 56, 37, 2, 52]"
EUC_2D6663,random_instance_6663_nodes_60,6663,EUC_2D,60,6.268271098910072,6.412928996229698,2.3078%,1104.1444611549377,"[11, 29, 47, 10, 52, 8, 25, 46, 6, 50, 43, 24, 15, 26, 37, 16, 53, 18, 23, 7, 56, 3, 27, 58, 42, 9, 36, 54, 19, 51, 38, 22, 33, 28, 21, 13, 12, 57, 44, 30, 45, 34, 39, 40, 49, 31, 60, 41, 35, 14, 32, 1, 4, 59, 55, 2, 48, 5, 17, 20, 11]"
EUC_2D731,random_instance_731_nodes_10,731,EUC_2D,10,2.00366323861808,2.00366323861808,0.0000%,2.3722126483917236,"[2, 9, 3, 10, 6, 4, 7, 5, 1, 8, 2]"
EUC_2D7217,random_instance_7217_nodes_70,7217,EUC_2D,70,6.34225666028953,6.821026414506952,7.5489%,769.8124392032623,"[61, 9, 2, 35, 53, 32, 24, 36, 1, 10, 43, 67, 49, 42, 3, 57, 55, 21, 69, 16, 52, 38, 50, 11, 51, 22, 60, 20, 44, 23, 62, 31, 59, 68, 47, 58, 25, 19, 34, 63, 13, 18, 45, 56, 70, 65, 29, 46, 40, 8, 12, 48, 54, 30, 28, 5, 41, 7, 37, 27, 64, 14, 6, 39, 66, 4, 33, 26, 15, 17, 61]"
EUC_2D1875,random_instance_1875_nodes_20,1875,EUC_2D,20,3.9742364747786807,4.2346561124478015,6.5527%,8.143415451049805,"[8, 15, 14, 19, 5, 11, 16, 10, 13, 1, 2, 4, 9, 7, 12, 18, 6, 20, 17, 3, 8]"
EUC_2D580,random_instance_580_nodes_10,580,EUC_2D,10,2.6663057099024376,2.6663057099024376,0.0000%,1.1418864727020264,"[3, 9, 8, 7, 4, 2, 5, 10, 6, 1, 3]"
EUC_2D6602,random_instance_6602_nodes_60,6602,EUC_2D,60,6.497408928029819,6.650036347824049,2.3491%,744.299721956253,"[2, 25, 21, 49, 46, 34, 5, 35, 57, 7, 12, 51, 18, 38, 1, 32, 42, 22, 41, 20, 54, 28, 36, 50, 55, 44, 15, 13, 10, 27, 11, 43, 58, 56, 31, 3, 59, 4, 60, 26, 8, 48, 17, 6, 19, 9, 16, 39, 47, 53, 14, 30, 52, 23, 33, 45, 24, 37, 40, 29, 2]"
EUC_2D1082,random_instance_1082_nodes_10,1082,EUC_2D,10,2.6293365120858074,2.6293365120858074,0.0000%,0.893751859664917,"[8, 1, 3, 5, 2, 10, 4, 9, 6, 7, 8]"
EUC_2D5986,random_instance_5986_nodes_60,5986,EUC_2D,60,6.491006479061182,6.612129023225237,1.8660%,642.5139229297638,"[19, 41, 13, 29, 37, 4, 20, 3, 55, 28, 1, 35, 30, 12, 31, 39, 44, 53, 56, 60, 49, 51, 38, 52, 36, 21, 33, 6, 14, 8, 16, 7, 26, 42, 59, 54, 34, 23, 15, 46, 22, 47, 9, 40, 10, 25, 50, 27, 5, 48, 43, 45, 18, 17, 24, 57, 11, 2, 32, 58, 19]"
EUC_2D3913,random_instance_3913_nodes_40,3913,EUC_2D,40,4.9470077182784475,4.9470077182784475,0.0000%,113.99873113632202,"[4, 25, 35, 34, 20, 19, 27, 8, 15, 11, 16, 17, 24, 23, 39, 5, 13, 32, 37, 28, 26, 36, 12, 31, 40, 6, 22, 14, 29, 7, 18, 2, 38, 1, 33, 3, 9, 10, 21, 30, 4]"
EUC_2D8133,random_instance_8133_nodes_80,8133,EUC_2D,80,7.13444226076357,7.1901852782420415,0.7813%,1446.969479560852,"[46, 64, 6, 23, 33, 53, 70, 2, 11, 12, 30, 77, 49, 27, 37, 57, 66, 15, 20, 28, 14, 10, 65, 68, 26, 63, 52, 75, 69, 48, 25, 47, 51, 43, 55, 50, 38, 21, 72, 74, 18, 4, 80, 67, 62, 40, 79, 16, 61, 71, 78, 76, 1, 29, 56, 45, 7, 42, 73, 9, 60, 41, 58, 39, 13, 3, 36, 24, 32, 19, 44, 22, 5, 8, 54, 34, 59, 31, 35, 17, 46]"
EUC_2D3459,random_instance_3459_nodes_40,3459,EUC_2D,40,5.251952087079237,5.857367458536562,11.5274%,104.36938977241516,"[38, 40, 14, 21, 22, 13, 34, 20, 9, 15, 30, 1, 17, 6, 31, 8, 11, 16, 28, 25, 33, 2, 4, 36, 26, 23, 39, 12, 18, 3, 35, 10, 32, 7, 24, 37, 29, 5, 27, 19, 38]"
EUC_2D7047,random_instance_7047_nodes_70,7047,EUC_2D,70,6.567436006810357,6.749195899665394,2.7676%,601.1975338459015,"[38, 25, 39, 14, 46, 62, 30, 12, 45, 10, 7, 21, 56, 51, 64, 52, 24, 35, 37, 3, 27, 48, 8, 29, 16, 67, 33, 44, 13, 70, 26, 17, 63, 49, 6, 40, 9, 32, 50, 53, 15, 11, 41, 65, 1, 54, 68, 34, 61, 4, 23, 66, 20, 5, 2, 59, 69, 22, 18, 19, 57, 36, 42, 47, 43, 58, 31, 60, 28, 55, 38]"
EUC_2D2814,random_instance_2814_nodes_30,2814,EUC_2D,30,4.122395351706678,4.122395351706679,0.0000%,45.91819620132446,"[12, 5, 26, 20, 27, 10, 14, 3, 9, 30, 19, 7, 16, 28, 8, 15, 29, 6, 21, 24, 13, 17, 25, 4, 1, 2, 18, 22, 11, 23, 12]"
EUC_2D5685,random_instance_5685_nodes_60,5685,EUC_2D,60,6.5125098122012535,6.665127691665309,2.3435%,932.8898637294769,"[60, 37, 39, 12, 56, 5, 51, 9, 59, 2, 32, 18, 14, 49, 13, 7, 19, 24, 3, 35, 21, 4, 42, 55, 15, 1, 38, 31, 58, 11, 6, 17, 45, 30, 29, 25, 43, 16, 34, 23, 28, 8, 50, 57, 54, 20, 27, 10, 44, 52, 53, 22, 47, 36, 48, 46, 26, 40, 33, 41, 60]"
EUC_2D66,random_instance_66_nodes_10,66,EUC_2D,10,2.9651883450367706,2.96518834503677,-0.0000%,0.5881588459014893,"[5, 2, 4, 9, 7, 3, 10, 8, 6, 1, 5]"
EUC_2D76,random_instance_76_nodes_10,76,EUC_2D,10,2.7723741645419646,2.7723741645419646,0.0000%,0.6712684631347656,"[4, 6, 10, 7, 9, 1, 5, 3, 8, 2, 4]"
EUC_2D3645,random_instance_3645_nodes_40,3645,EUC_2D,40,5.136341334378854,5.181234213384568,0.8740%,131.57936024665833,"[40, 35, 19, 21, 39, 4, 10, 8, 12, 33, 22, 37, 14, 23, 32, 36, 28, 15, 26, 17, 9, 30, 1, 18, 27, 25, 29, 16, 5, 13, 20, 7, 38, 3, 24, 11, 2, 31, 34, 6, 40]"
EUC_2D5698,random_instance_5698_nodes_60,5698,EUC_2D,60,6.328678123838243,6.404170404206479,1.1929%,458.28985834121704,"[37, 30, 55, 9, 24, 18, 34, 3, 28, 25, 45, 53, 48, 50, 21, 43, 5, 20, 26, 10, 57, 6, 40, 15, 31, 33, 51, 12, 17, 32, 39, 59, 13, 29, 54, 14, 58, 8, 4, 44, 42, 35, 56, 11, 38, 23, 27, 22, 7, 1, 16, 46, 36, 49, 2, 41, 60, 47, 19, 52, 37]"
EUC_2D4255,random_instance_4255_nodes_40,4255,EUC_2D,40,4.701958850774029,4.7255423148548195,0.5016%,121.96561026573181,"[22, 36, 35, 37, 31, 21, 38, 39, 15, 17, 5, 34, 8, 14, 16, 28, 24, 25, 12, 3, 4, 27, 30, 7, 10, 11, 19, 6, 13, 29, 23, 32, 33, 9, 2, 40, 1, 20, 18, 26, 22]"
EUC_2D1852,random_instance_1852_nodes_20,1852,EUC_2D,20,3.8403193948578735,3.8705216436945937,0.7865%,11.844149351119995,"[6, 10, 11, 18, 13, 4, 15, 9, 16, 7, 14, 12, 5, 8, 1, 20, 17, 2, 19, 3, 6]"
EUC_2D4863,random_instance_4863_nodes_50,4863,EUC_2D,50,5.343737197156423,5.615017984465666,5.0766%,197.40354943275452,"[32, 9, 26, 3, 16, 49, 44, 36, 46, 27, 8, 20, 7, 40, 31, 50, 28, 14, 21, 29, 30, 38, 13, 18, 39, 37, 48, 41, 15, 10, 33, 5, 19, 45, 43, 12, 11, 22, 34, 17, 4, 2, 6, 42, 25, 24, 23, 1, 47, 35, 32]"
EUC_2D1087,random_instance_1087_nodes_10,1087,EUC_2D,10,2.725717778247802,2.7257177782478026,0.0000%,0.589714527130127,"[9, 6, 4, 5, 3, 2, 8, 10, 1, 7, 9]"
EUC_2D638,random_instance_638_nodes_10,638,EUC_2D,10,3.1271566016311567,3.1271566016311567,0.0000%,0.1074972152709961,"[6, 3, 2, 4, 10, 1, 7, 9, 8, 5, 6]"
EUC_2D9293,random_instance_9293_nodes_90,9293,EUC_2D,90,7.381948690840286,7.949230387397556,7.6847%,3781.420233488083,"[37, 80, 17, 20, 35, 45, 32, 89, 46, 30, 1, 77, 82, 9, 22, 7, 84, 26, 56, 48, 31, 19, 6, 58, 5, 28, 62, 29, 90, 38, 39, 81, 33, 44, 65, 83, 11, 50, 36, 51, 76, 12, 2, 14, 75, 10, 15, 41, 66, 74, 70, 43, 68, 24, 67, 64, 54, 42, 63, 8, 59, 78, 53, 85, 16, 55, 69, 4, 71, 13, 57, 79, 47, 52, 60, 40, 87, 88, 73, 18, 21, 34, 72, 27, 49, 86, 61, 23, 3, 25, 37]"
EUC_2D1748,random_instance_1748_nodes_20,1748,EUC_2D,20,3.569483683716592,3.5694836837165917,-0.0000%,6.419061899185181,"[20, 11, 14, 8, 15, 16, 3, 10, 4, 9, 5, 12, 1, 17, 18, 19, 6, 13, 2, 7, 20]"
EUC_2D8,random_instance_8_nodes_10,8,EUC_2D,10,2.5855290657391428,2.5855290657391423,-0.0000%,0.3085806369781494,"[3, 9, 4, 8, 5, 10, 1, 6, 2, 7, 3]"
EUC_2D779,random_instance_779_nodes_10,779,EUC_2D,10,2.670440865242974,2.670440865242974,0.0000%,0.4586474895477295,"[3, 4, 7, 10, 6, 9, 5, 1, 2, 8, 3]"
EUC_2D8784,random_instance_8784_nodes_80,8784,EUC_2D,80,6.953652663431947,7.176741055182277,3.2082%,1777.2016434669495,"[54, 8, 77, 25, 43, 59, 35, 11, 14, 55, 58, 33, 24, 7, 22, 56, 79, 74, 13, 78, 41, 29, 49, 64, 10, 69, 12, 20, 46, 28, 67, 30, 39, 32, 9, 75, 51, 71, 73, 68, 60, 18, 23, 40, 65, 16, 36, 66, 62, 38, 4, 80, 48, 1, 6, 76, 27, 52, 3, 44, 57, 63, 47, 72, 50, 45, 61, 53, 70, 31, 2, 15, 42, 17, 21, 5, 34, 26, 37, 19, 54]"
EUC_2D747,random_instance_747_nodes_10,747,EUC_2D,10,2.9093753649463383,2.9093753649463387,0.0000%,1.180631399154663,"[2, 8, 10, 5, 6, 4, 9, 1, 7, 3, 2]"
EUC_2D5570,random_instance_5570_nodes_60,5570,EUC_2D,60,6.4846867164561885,6.5169754985810995,0.4979%,881.3658599853516,"[52, 14, 19, 40, 57, 43, 20, 51, 3, 2, 48, 4, 34, 15, 23, 5, 8, 49, 41, 32, 54, 16, 26, 36, 22, 6, 33, 44, 27, 59, 12, 24, 30, 45, 17, 31, 29, 53, 50, 25, 37, 10, 35, 13, 21, 60, 58, 56, 46, 18, 38, 9, 55, 1, 7, 28, 39, 47, 11, 42, 52]"
EUC_2D3516,random_instance_3516_nodes_40,3516,EUC_2D,40,5.546876318658945,5.721697999630158,3.1517%,121.43333339691162,"[14, 2, 3, 36, 15, 1, 7, 33, 40, 22, 9, 16, 34, 39, 4, 17, 19, 27, 25, 21, 18, 6, 32, 10, 23, 37, 5, 31, 29, 30, 35, 38, 24, 11, 12, 8, 20, 28, 13, 26, 14]"
EUC_2D1918,random_instance_1918_nodes_20,1918,EUC_2D,20,3.703566901199767,3.7247041491262447,0.5707%,12.487253904342651,"[16, 4, 12, 14, 10, 18, 1, 8, 15, 13, 20, 7, 6, 11, 9, 2, 5, 19, 17, 3, 16]"
EUC_2D5369,random_instance_5369_nodes_50,5369,EUC_2D,50,5.427419318938743,5.594086745925166,3.0708%,411.6063814163208,"[7, 34, 4, 32, 23, 28, 35, 11, 18, 22, 6, 40, 42, 48, 24, 8, 45, 25, 13, 9, 16, 12, 27, 10, 31, 29, 21, 33, 47, 44, 38, 43, 17, 19, 36, 50, 26, 2, 37, 49, 39, 14, 20, 30, 1, 15, 41, 46, 5, 3, 7]"
EUC_2D6186,random_instance_6186_nodes_60,6186,EUC_2D,60,6.121374494743879,6.383501146674397,4.2822%,479.4597656726837,"[27, 60, 50, 40, 16, 48, 32, 44, 8, 46, 37, 18, 42, 33, 1, 53, 7, 51, 12, 39, 55, 2, 4, 22, 41, 28, 6, 21, 45, 54, 13, 31, 29, 38, 11, 15, 35, 26, 36, 56, 19, 9, 59, 14, 17, 43, 10, 25, 23, 57, 52, 47, 34, 49, 24, 30, 3, 20, 5, 58, 27]"
EUC_2D10616,random_instance_10616_nodes_100,10616,EUC_2D,100,7.7963424478911225,8.231080589670832,5.5762%,8225.501497268677,"[61, 29, 83, 87, 93, 86, 40, 16, 8, 44, 96, 27, 67, 70, 35, 19, 65, 26, 38, 31, 30, 59, 11, 68, 42, 99, 23, 53, 6, 81, 46, 20, 5, 52, 100, 72, 24, 39, 69, 37, 17, 57, 56, 12, 10, 66, 48, 82, 36, 76, 73, 64, 15, 97, 54, 58, 84, 71, 80, 79, 32, 94, 89, 91, 14, 92, 75, 3, 33, 2, 49, 95, 18, 7, 45, 22, 77, 50, 63, 41, 62, 34, 88, 28, 55, 74, 60, 9, 4, 43, 51, 21, 85, 1, 90, 47, 25, 13, 98, 78, 61]"
EUC_2D2502,random_instance_2502_nodes_30,2502,EUC_2D,30,5.244725173619543,5.482168186570788,4.5273%,41.475205421447754,"[13, 4, 28, 27, 29, 3, 20, 9, 1, 18, 8, 24, 15, 23, 26, 12, 7, 25, 16, 22, 2, 5, 6, 10, 30, 21, 17, 11, 19, 14, 13]"
EUC_2D10176,random_instance_10176_nodes_100,10176,EUC_2D,100,7.615568015158607,8.121935608549478,6.6491%,10679.803195238113,"[65, 78, 89, 36, 67, 99, 5, 28, 31, 77, 91, 92, 72, 40, 34, 43, 10, 13, 47, 42, 33, 2, 57, 98, 87, 68, 55, 100, 66, 86, 52, 45, 58, 6, 62, 39, 71, 48, 95, 61, 59, 9, 1, 46, 84, 83, 4, 25, 88, 73, 7, 81, 82, 51, 3, 50, 27, 41, 38, 29, 94, 14, 17, 35, 93, 26, 22, 53, 76, 20, 30, 60, 11, 8, 54, 16, 19, 80, 90, 56, 21, 44, 12, 37, 85, 69, 97, 63, 15, 75, 24, 18, 74, 79, 96, 70, 32, 64, 49, 23, 65]"
EUC_2D3246,random_instance_3246_nodes_30,3246,EUC_2D,30,4.439551142796886,4.611136495194891,3.8649%,64.39650893211365,"[25, 18, 20, 21, 10, 7, 5, 12, 28, 3, 23, 9, 17, 1, 14, 22, 27, 19, 26, 2, 6, 24, 16, 15, 8, 11, 13, 4, 30, 29, 25]"
EUC_2D5729,random_instance_5729_nodes_60,5729,EUC_2D,60,6.251841205729368,6.304470851243904,0.8418%,711.1365377902985,"[21, 28, 49, 48, 46, 42, 27, 7, 1, 18, 56, 12, 4, 11, 59, 8, 37, 45, 40, 5, 53, 52, 10, 43, 54, 3, 30, 31, 2, 20, 9, 16, 32, 25, 41, 51, 15, 6, 33, 44, 39, 22, 23, 36, 60, 55, 14, 13, 58, 17, 50, 19, 57, 47, 34, 35, 38, 26, 29, 24, 21]"
EUC_2D1355,random_instance_1355_nodes_20,1355,EUC_2D,20,4.630781933884313,4.630781933884315,0.0000%,15.173990488052368,"[5, 15, 17, 6, 19, 9, 2, 8, 1, 16, 4, 12, 3, 20, 13, 7, 10, 14, 18, 11, 5]"
EUC_2D10755,random_instance_10755_nodes_100,10755,EUC_2D,100,7.57175918090069,8.507321885658731,12.3559%,4804.3449676036835,"[32, 4, 2, 22, 6, 39, 85, 21, 55, 12, 84, 41, 81, 11, 57, 47, 16, 74, 33, 89, 36, 26, 76, 28, 59, 43, 13, 23, 40, 31, 79, 63, 64, 73, 72, 92, 60, 10, 14, 27, 19, 100, 65, 18, 61, 86, 70, 42, 8, 91, 90, 44, 58, 46, 66, 77, 7, 3, 99, 94, 38, 71, 75, 24, 35, 20, 1, 29, 53, 15, 95, 96, 45, 17, 69, 48, 83, 49, 9, 51, 82, 97, 88, 37, 34, 52, 50, 80, 5, 68, 93, 98, 87, 62, 25, 67, 54, 56, 30, 78, 32]"
EUC_2D10300,random_instance_10300_nodes_100,10300,EUC_2D,100,7.298636924418657,7.957195040331003,9.0230%,3216.088609933853,"[31, 99, 15, 52, 28, 88, 37, 90, 77, 16, 75, 47, 22, 11, 34, 32, 17, 80, 98, 94, 78, 39, 46, 69, 93, 9, 89, 23, 36, 4, 95, 73, 2, 97, 7, 76, 42, 13, 20, 66, 82, 45, 87, 44, 83, 60, 61, 57, 96, 49, 64, 71, 25, 18, 21, 67, 33, 26, 53, 3, 48, 92, 10, 8, 51, 50, 86, 62, 65, 58, 100, 27, 6, 91, 1, 24, 79, 41, 43, 40, 81, 54, 35, 84, 72, 70, 56, 55, 63, 5, 74, 38, 59, 14, 29, 68, 30, 12, 85, 19, 31]"
EUC_2D5124,random_instance_5124_nodes_50,5124,EUC_2D,50,5.7721721353335065,6.0732626369722595,5.2162%,375.9841818809509,"[27, 39, 30, 31, 18, 20, 33, 49, 12, 32, 15, 37, 24, 45, 1, 5, 2, 10, 41, 44, 9, 50, 6, 46, 19, 38, 25, 16, 36, 34, 47, 14, 35, 11, 43, 29, 21, 13, 48, 3, 17, 22, 26, 28, 4, 8, 23, 7, 42, 40, 27]"
EUC_2D3046,random_instance_3046_nodes_30,3046,EUC_2D,30,4.2032199905896945,4.203219990589694,-0.0000%,33.95672845840454,"[18, 29, 14, 12, 15, 10, 19, 7, 28, 5, 4, 21, 25, 2, 6, 24, 22, 23, 27, 16, 9, 8, 1, 13, 11, 3, 17, 20, 26, 30, 18]"
EUC_2D675,random_instance_675_nodes_10,675,EUC_2D,10,2.3851991950987683,2.385199195098768,-0.0000%,3.1050302982330322,"[4, 8, 3, 1, 9, 5, 6, 2, 10, 7, 4]"
EUC_2D2051,random_instance_2051_nodes_20,2051,EUC_2D,20,3.6051607511699504,3.644962112184751,1.1040%,11.937037706375122,"[11, 6, 2, 1, 20, 14, 16, 9, 3, 17, 7, 4, 15, 18, 5, 12, 10, 13, 8, 19, 11]"
EUC_2D2952,random_instance_2952_nodes_30,2952,EUC_2D,30,4.609061214494086,4.609061214494086,0.0000%,34.236396074295044,"[8, 3, 28, 20, 14, 26, 4, 27, 19, 18, 6, 21, 22, 15, 9, 13, 30, 24, 7, 11, 2, 17, 23, 29, 16, 1, 12, 10, 25, 5, 8]"
EUC_2D10219,random_instance_10219_nodes_100,10219,EUC_2D,100,7.989705819042728,8.263088132891202,3.4217%,3925.0917341709137,"[47, 31, 61, 34, 93, 1, 82, 66, 96, 3, 75, 21, 37, 42, 60, 64, 41, 56, 52, 17, 91, 15, 12, 79, 74, 7, 92, 27, 97, 13, 44, 78, 90, 48, 98, 46, 32, 14, 86, 22, 67, 87, 18, 50, 81, 25, 6, 71, 10, 84, 63, 65, 70, 55, 100, 35, 45, 59, 30, 69, 5, 36, 16, 73, 85, 77, 40, 83, 4, 51, 26, 89, 39, 20, 2, 94, 49, 11, 8, 95, 53, 28, 58, 99, 76, 88, 33, 23, 68, 57, 9, 29, 62, 80, 19, 72, 24, 43, 54, 38, 47]"
EUC_2D764,random_instance_764_nodes_10,764,EUC_2D,10,3.184456909256359,3.18445690925636,0.0000%,0.07337403297424316,"[6, 3, 4, 10, 5, 7, 2, 1, 9, 8, 6]"
EUC_2D2244,random_instance_2244_nodes_30,2244,EUC_2D,30,4.566895175836396,4.573398200660097,0.1424%,64.29669761657715,"[10, 16, 22, 13, 26, 6, 18, 7, 27, 5, 11, 17, 8, 2, 20, 1, 14, 24, 29, 30, 3, 15, 28, 4, 12, 19, 21, 23, 25, 9, 10]"
EUC_2D9378,random_instance_9378_nodes_90,9378,EUC_2D,90,7.22526910624576,7.503999654079254,3.8577%,2748.7395539283752,"[61, 72, 23, 31, 47, 11, 27, 35, 88, 57, 52, 39, 46, 50, 45, 34, 53, 2, 8, 33, 3, 55, 14, 70, 42, 6, 36, 22, 59, 13, 67, 71, 87, 60, 75, 37, 76, 43, 84, 79, 85, 20, 69, 48, 40, 51, 89, 5, 38, 44, 62, 90, 21, 73, 65, 80, 78, 4, 9, 83, 74, 54, 12, 49, 28, 17, 18, 56, 58, 68, 30, 66, 64, 25, 19, 1, 16, 7, 86, 10, 77, 81, 24, 41, 26, 32, 29, 15, 63, 82, 61]"
EUC_2D7403,random_instance_7403_nodes_70,7403,EUC_2D,70,6.721241908340175,6.877230588399375,2.3208%,1544.7086622714996,"[16, 33, 20, 27, 53, 29, 23, 46, 21, 26, 17, 65, 48, 2, 43, 39, 35, 5, 42, 18, 24, 67, 66, 13, 36, 52, 9, 40, 15, 70, 25, 11, 63, 60, 56, 68, 50, 61, 69, 37, 28, 49, 57, 58, 62, 34, 19, 3, 12, 7, 41, 22, 47, 4, 59, 31, 64, 51, 44, 30, 38, 54, 6, 55, 1, 14, 32, 45, 10, 8, 16]"
EUC_2D8194,random_instance_8194_nodes_80,8194,EUC_2D,80,6.6590448824778985,7.22137332350885,8.4446%,1553.4813406467438,"[24, 47, 37, 17, 42, 31, 64, 45, 34, 61, 9, 35, 66, 72, 23, 20, 5, 22, 16, 74, 62, 55, 2, 68, 59, 41, 30, 32, 14, 6, 57, 54, 15, 50, 4, 76, 63, 38, 27, 7, 58, 52, 46, 40, 70, 11, 43, 80, 13, 18, 10, 33, 8, 28, 1, 51, 77, 12, 39, 25, 53, 56, 69, 78, 3, 48, 44, 21, 75, 26, 73, 29, 65, 36, 67, 19, 49, 60, 71, 79, 24]"
EUC_2D1302,random_instance_1302_nodes_20,1302,EUC_2D,20,3.666060247045554,3.666060247045553,-0.0000%,10.068614482879639,"[4, 6, 3, 18, 2, 16, 10, 9, 8, 17, 13, 11, 7, 15, 12, 20, 14, 1, 5, 19, 4]"
EUC_2D10122,random_instance_10122_nodes_100,10122,EUC_2D,100,7.49658886394569,7.866461636525467,4.9339%,5513.679032564163,"[38, 39, 68, 29, 41, 26, 35, 79, 13, 33, 62, 73, 22, 63, 36, 54, 87, 5, 32, 61, 81, 27, 59, 16, 37, 84, 34, 8, 56, 66, 89, 80, 94, 40, 52, 60, 92, 28, 46, 4, 100, 45, 74, 19, 69, 1, 24, 78, 90, 44, 83, 42, 70, 96, 85, 31, 30, 9, 48, 95, 20, 47, 25, 86, 67, 71, 75, 7, 97, 43, 82, 23, 58, 88, 49, 14, 17, 76, 57, 93, 12, 98, 64, 50, 11, 99, 2, 21, 55, 51, 77, 3, 6, 72, 91, 65, 18, 15, 53, 10, 38]"
EUC_2D2472,random_instance_2472_nodes_30,2472,EUC_2D,30,4.879086545724772,5.094208690883002,4.4091%,63.61810374259949,"[20, 1, 27, 7, 9, 16, 14, 15, 23, 21, 11, 12, 8, 30, 10, 18, 26, 13, 6, 4, 5, 24, 28, 22, 25, 17, 19, 29, 2, 3, 20]"
