Full ID,Name,ID,Type,Dimension,Optimal Cost,Best Cost,Gap,Time,Best Tour
EUC_2D6,random_instance_6_nodes_10,6,EUC_2D,10,2.834036031150731,2.83403603115073,-0.0000%,0.11256933212280273,"[5, 9, 2, 6, 10, 1, 7, 8, 4, 3, 5]"
EUC_2D9,random_instance_9_nodes_10,9,EUC_2D,10,2.4949642589149383,2.494964258914938,-0.0000%,0.12068295478820801,"[2, 3, 4, 6, 9, 8, 10, 1, 7, 5, 2]"
EUC_2D18,random_instance_18_nodes_10,18,EUC_2D,10,2.675573962339385,2.6755739623393846,-0.0000%,0.1107943058013916,"[5, 1, 9, 8, 2, 7, 6, 10, 3, 4, 5]"
EUC_2D27,random_instance_27_nodes_10,27,EUC_2D,10,2.51847490304278,2.518474903042779,-0.0000%,0.12807083129882812,"[2, 1, 10, 7, 4, 9, 3, 8, 5, 6, 2]"
EUC_2D35,random_instance_35_nodes_10,35,EUC_2D,10,2.5922061164418997,2.592206116441899,-0.0000%,0.12054586410522461,"[8, 4, 5, 10, 3, 6, 1, 7, 9, 2, 8]"
EUC_2D42,random_instance_42_nodes_10,42,EUC_2D,10,2.9989800775250797,2.9989800775250792,-0.0000%,0.09754467010498047,"[7, 9, 8, 6, 2, 1, 4, 5, 10, 3, 7]"
EUC_2D43,random_instance_43_nodes_10,43,EUC_2D,10,2.672990388791656,2.7477001779062746,2.7950%,0.11658883094787598,"[5, 1, 7, 2, 3, 9, 4, 8, 10, 6, 5]"
EUC_2D53,random_instance_53_nodes_10,53,EUC_2D,10,2.7129549118621084,2.7129549118621075,-0.0000%,0.0634763240814209,"[7, 4, 10, 2, 5, 3, 6, 8, 9, 1, 7]"
EUC_2D58,random_instance_58_nodes_10,58,EUC_2D,10,2.9998324866534474,2.9998324866534465,-0.0000%,0.07709574699401855,"[4, 2, 8, 5, 3, 7, 1, 9, 6, 10, 4]"
EUC_2D90,random_instance_90_nodes_10,90,EUC_2D,10,2.8498677555059118,2.849867755505911,-0.0000%,0.0500180721282959,"[10, 4, 8, 2, 5, 9, 6, 7, 1, 3, 10]"
EUC_2D96,random_instance_96_nodes_10,96,EUC_2D,10,3.1527222181097256,3.1527222181097247,-0.0000%,0.0750126838684082,"[3, 6, 4, 8, 2, 10, 9, 1, 5, 7, 3]"
EUC_2D106,random_instance_106_nodes_10,106,EUC_2D,10,3.424235427886592,3.424235427886591,-0.0000%,0.10660982131958008,"[10, 2, 1, 7, 8, 3, 6, 5, 4, 9, 10]"
EUC_2D117,random_instance_117_nodes_10,117,EUC_2D,10,3.260227153549792,3.277418573542784,0.5273%,0.0662071704864502,"[9, 3, 4, 2, 8, 7, 10, 1, 6, 5, 9]"
EUC_2D128,random_instance_128_nodes_10,128,EUC_2D,10,3.2459264908193113,3.2459264908193104,-0.0000%,0.062142372131347656,"[5, 8, 3, 6, 4, 1, 9, 2, 7, 10, 5]"
EUC_2D152,random_instance_152_nodes_10,152,EUC_2D,10,3.1734638009674905,3.17346380096749,-0.0000%,0.08150029182434082,"[1, 3, 5, 2, 10, 4, 8, 7, 6, 9, 1]"
EUC_2D158,random_instance_158_nodes_10,158,EUC_2D,10,3.0792906546867846,3.079290654686784,-0.0000%,0.03534269332885742,"[6, 7, 1, 8, 3, 9, 2, 10, 4, 5, 6]"
EUC_2D166,random_instance_166_nodes_10,166,EUC_2D,10,3.202779124742197,3.202779124742196,-0.0000%,0.04212069511413574,"[1, 8, 5, 10, 4, 7, 6, 3, 9, 2, 1]"
EUC_2D188,random_instance_188_nodes_10,188,EUC_2D,10,2.8397089150227957,2.8397089150227948,-0.0000%,0.03478860855102539,"[2, 6, 1, 5, 7, 3, 8, 9, 10, 4, 2]"
EUC_2D200,random_instance_200_nodes_10,200,EUC_2D,10,2.936165173730022,2.9361651737300214,-0.0000%,0.033151865005493164,"[6, 4, 2, 9, 1, 8, 3, 7, 5, 10, 6]"
EUC_2D207,random_instance_207_nodes_10,207,EUC_2D,10,2.8415631769709293,2.8415631769709284,-0.0000%,0.03339266777038574,"[8, 7, 4, 9, 10, 6, 3, 5, 2, 1, 8]"
EUC_2D224,random_instance_224_nodes_10,224,EUC_2D,10,3.3241183549766253,3.3241183549766244,-0.0000%,0.041233062744140625,"[4, 8, 3, 9, 5, 2, 1, 6, 7, 10, 4]"
EUC_2D231,random_instance_231_nodes_10,231,EUC_2D,10,2.9953458075937283,2.9953458075937274,-0.0000%,0.026239871978759766,"[1, 7, 6, 3, 9, 4, 5, 10, 8, 2, 1]"
EUC_2D241,random_instance_241_nodes_10,241,EUC_2D,10,3.2697088101414127,3.269708810141412,-0.0000%,0.036309003829956055,"[1, 10, 4, 6, 7, 3, 5, 8, 9, 2, 1]"
EUC_2D251,random_instance_251_nodes_10,251,EUC_2D,10,3.16407587841673,3.164075878416729,-0.0000%,0.08384895324707031,"[1, 10, 9, 3, 6, 4, 5, 8, 7, 2, 1]"
EUC_2D282,random_instance_282_nodes_10,282,EUC_2D,10,3.256831269488311,3.2568312694883104,-0.0000%,0.024822473526000977,"[8, 10, 7, 3, 6, 5, 4, 1, 2, 9, 8]"
EUC_2D317,random_instance_317_nodes_10,317,EUC_2D,10,2.650470185017511,2.65047018501751,-0.0000%,0.03178048133850098,"[10, 6, 9, 3, 8, 1, 7, 4, 5, 2, 10]"
EUC_2D319,random_instance_319_nodes_10,319,EUC_2D,10,2.937965760886506,2.937965760886505,-0.0000%,0.03482174873352051,"[3, 6, 9, 2, 7, 5, 10, 4, 1, 8, 3]"
EUC_2D320,random_instance_320_nodes_10,320,EUC_2D,10,3.256319344073366,3.2563193440733658,-0.0000%,0.02675652503967285,"[2, 9, 7, 3, 8, 1, 5, 6, 10, 4, 2]"
EUC_2D333,random_instance_333_nodes_10,333,EUC_2D,10,2.913138615849042,2.913138615849042,0.0000%,0.01797962188720703,"[8, 7, 4, 6, 3, 10, 5, 9, 2, 1, 8]"
EUC_2D339,random_instance_339_nodes_10,339,EUC_2D,10,2.5595998929974786,2.559599892997478,-0.0000%,0.04016304016113281,"[7, 9, 6, 2, 10, 8, 3, 4, 1, 5, 7]"
EUC_2D344,random_instance_344_nodes_10,344,EUC_2D,10,2.9392280082863214,2.9392280082863205,-0.0000%,0.03896665573120117,"[5, 10, 4, 2, 6, 1, 8, 3, 7, 9, 5]"
EUC_2D387,random_instance_387_nodes_10,387,EUC_2D,10,2.564424936531904,2.5644249365319034,-0.0000%,0.021915197372436523,"[4, 8, 9, 1, 3, 7, 6, 10, 2, 5, 4]"
EUC_2D400,random_instance_400_nodes_10,400,EUC_2D,10,2.744156920015815,2.744156920015814,-0.0000%,0.026482820510864258,"[1, 4, 3, 9, 6, 2, 10, 7, 8, 5, 1]"
EUC_2D406,random_instance_406_nodes_10,406,EUC_2D,10,3.0729184499920934,3.0729184499920925,-0.0000%,0.04759788513183594,"[7, 3, 10, 9, 4, 2, 1, 8, 5, 6, 7]"
EUC_2D409,random_instance_409_nodes_10,409,EUC_2D,10,2.7670718071122677,2.7670718071122677,0.0000%,0.021218538284301758,"[10, 6, 3, 2, 8, 7, 4, 1, 5, 9, 10]"
EUC_2D420,random_instance_420_nodes_10,420,EUC_2D,10,2.637950918752608,2.6379509187526073,-0.0000%,0.028423547744750977,"[5, 8, 1, 6, 7, 2, 10, 9, 4, 3, 5]"
EUC_2D423,random_instance_423_nodes_10,423,EUC_2D,10,3.024082064545967,3.0240820645459663,-0.0000%,0.026646852493286133,"[9, 2, 7, 6, 3, 10, 5, 8, 4, 1, 9]"
EUC_2D434,random_instance_434_nodes_10,434,EUC_2D,10,2.743221107419644,2.7432211074196435,-0.0000%,0.01495814323425293,"[1, 8, 10, 4, 3, 6, 2, 9, 7, 5, 1]"
EUC_2D441,random_instance_441_nodes_10,441,EUC_2D,10,2.765087791675889,2.7650877916758887,-0.0000%,0.046114206314086914,"[3, 9, 5, 1, 2, 6, 7, 8, 4, 10, 3]"
EUC_2D444,random_instance_444_nodes_10,444,EUC_2D,10,2.3271504139556587,2.3271504139556587,0.0000%,0.027650117874145508,"[8, 7, 4, 6, 2, 9, 1, 10, 5, 3, 8]"
EUC_2D452,random_instance_452_nodes_10,452,EUC_2D,10,3.137004855547662,3.1370048555476617,-0.0000%,0.042724609375,"[10, 1, 5, 8, 2, 3, 7, 9, 4, 6, 10]"
EUC_2D470,random_instance_470_nodes_10,470,EUC_2D,10,3.1941026922718296,3.194102692271829,-0.0000%,0.028209924697875977,"[5, 3, 1, 2, 7, 9, 10, 8, 4, 6, 5]"
EUC_2D472,random_instance_472_nodes_10,472,EUC_2D,10,2.653128249152852,2.65312824915285,-0.0000%,0.048607826232910156,"[3, 7, 6, 10, 5, 1, 9, 4, 8, 2, 3]"
EUC_2D474,random_instance_474_nodes_10,474,EUC_2D,10,2.6540317579950754,2.654031757995075,-0.0000%,0.024100542068481445,"[4, 10, 8, 7, 2, 5, 6, 9, 3, 1, 4]"
EUC_2D475,random_instance_475_nodes_10,475,EUC_2D,10,3.1104313810307085,3.1104313810307076,-0.0000%,0.01901865005493164,"[6, 9, 7, 2, 1, 3, 5, 8, 4, 10, 6]"
EUC_2D488,random_instance_488_nodes_10,488,EUC_2D,10,2.4676961354143048,2.544843873780102,3.1263%,0.02758002281188965,"[9, 3, 7, 8, 10, 6, 5, 2, 4, 1, 9]"
EUC_2D508,random_instance_508_nodes_10,508,EUC_2D,10,3.1788159585370166,3.2083480605209425,0.9290%,0.024793386459350586,"[3, 2, 9, 4, 7, 1, 5, 6, 10, 8, 3]"
EUC_2D514,random_instance_514_nodes_10,514,EUC_2D,10,3.091376345889178,3.091376345889177,-0.0000%,0.028206348419189453,"[1, 2, 9, 5, 10, 7, 3, 4, 8, 6, 1]"
EUC_2D520,random_instance_520_nodes_10,520,EUC_2D,10,2.6360661164343995,2.6360661164343995,0.0000%,0.028512239456176758,"[2, 4, 9, 1, 3, 7, 6, 8, 5, 10, 2]"
EUC_2D525,random_instance_525_nodes_10,525,EUC_2D,10,2.518737297662412,2.5187372976624114,-0.0000%,0.03133106231689453,"[6, 4, 2, 3, 8, 10, 5, 7, 9, 1, 6]"
EUC_2D534,random_instance_534_nodes_10,534,EUC_2D,10,2.5708296469553154,2.570829646955315,-0.0000%,0.02154994010925293,"[4, 7, 3, 5, 8, 6, 10, 2, 1, 9, 4]"
EUC_2D588,random_instance_588_nodes_10,588,EUC_2D,10,3.394550909320223,3.394550909320222,-0.0000%,0.030346393585205078,"[7, 4, 9, 10, 2, 5, 8, 1, 6, 3, 7]"
EUC_2D590,random_instance_590_nodes_10,590,EUC_2D,10,3.129823311890781,3.12982331189078,-0.0000%,0.030128955841064453,"[5, 9, 3, 7, 2, 10, 1, 6, 8, 4, 5]"
EUC_2D601,random_instance_601_nodes_10,601,EUC_2D,10,3.0705208889776427,3.070520888977642,-0.0000%,0.039530038833618164,"[5, 1, 2, 8, 4, 9, 7, 6, 3, 10, 5]"
EUC_2D606,random_instance_606_nodes_10,606,EUC_2D,10,2.6487079335026613,2.648707933502661,-0.0000%,0.03146052360534668,"[7, 1, 10, 4, 2, 5, 9, 3, 8, 6, 7]"
EUC_2D626,random_instance_626_nodes_10,626,EUC_2D,10,3.3746441427408826,3.374644142740882,-0.0000%,0.0429074764251709,"[8, 7, 1, 9, 4, 6, 10, 2, 3, 5, 8]"
EUC_2D634,random_instance_634_nodes_10,634,EUC_2D,10,2.9035813919593854,2.903581391959385,-0.0000%,0.0390167236328125,"[6, 4, 10, 3, 8, 5, 9, 1, 7, 2, 6]"
EUC_2D651,random_instance_651_nodes_10,651,EUC_2D,10,3.0236319222441184,3.0236319222441175,-0.0000%,0.030224323272705078,"[9, 7, 5, 4, 10, 3, 8, 1, 6, 2, 9]"
EUC_2D653,random_instance_653_nodes_10,653,EUC_2D,10,2.945354425490894,2.9453544254908937,-0.0000%,0.029422998428344727,"[7, 4, 6, 10, 9, 2, 1, 8, 3, 5, 7]"
EUC_2D659,random_instance_659_nodes_10,659,EUC_2D,10,2.9221785245273386,2.9221785245273377,-0.0000%,0.042903900146484375,"[7, 10, 8, 3, 2, 1, 6, 9, 4, 5, 7]"
EUC_2D672,random_instance_672_nodes_10,672,EUC_2D,10,3.1696224062299536,3.169622406229953,-0.0000%,0.038626909255981445,"[6, 4, 3, 2, 7, 9, 5, 8, 1, 10, 6]"
EUC_2D685,random_instance_685_nodes_10,685,EUC_2D,10,3.1731697290433885,3.1731697290433876,-0.0000%,0.053449153900146484,"[8, 4, 10, 3, 2, 7, 6, 9, 1, 5, 8]"
EUC_2D711,random_instance_711_nodes_10,711,EUC_2D,10,2.8829031027722283,2.882903102772228,-0.0000%,0.03702044486999512,"[4, 1, 7, 10, 3, 2, 5, 9, 8, 6, 4]"
EUC_2D715,random_instance_715_nodes_10,715,EUC_2D,10,3.156307707834782,3.1563077078347814,-0.0000%,0.036960601806640625,"[7, 8, 3, 6, 9, 2, 5, 1, 10, 4, 7]"
EUC_2D722,random_instance_722_nodes_10,722,EUC_2D,10,3.205779854800938,3.2057798548009373,-0.0000%,0.018492698669433594,"[7, 1, 8, 5, 2, 3, 4, 9, 10, 6, 7]"
EUC_2D727,random_instance_727_nodes_10,727,EUC_2D,10,2.698878924719374,2.6988789247193736,-0.0000%,0.016724109649658203,"[4, 5, 10, 6, 8, 7, 9, 1, 3, 2, 4]"
EUC_2D745,random_instance_745_nodes_10,745,EUC_2D,10,3.133490749670664,3.1334907496706634,-0.0000%,0.012441873550415039,"[10, 1, 4, 8, 3, 6, 2, 5, 7, 9, 10]"
EUC_2D750,random_instance_750_nodes_10,750,EUC_2D,10,2.4812336400017605,2.48123364000176,-0.0000%,0.016268491744995117,"[4, 8, 5, 1, 7, 3, 10, 9, 2, 6, 4]"
EUC_2D753,random_instance_753_nodes_10,753,EUC_2D,10,3.2245181185360288,3.2245181185360283,-0.0000%,0.017688274383544922,"[8, 4, 10, 2, 6, 9, 7, 5, 3, 1, 8]"
EUC_2D757,random_instance_757_nodes_10,757,EUC_2D,10,2.982739316548405,2.982739316548404,-0.0000%,0.02508997917175293,"[4, 10, 1, 3, 8, 7, 5, 6, 2, 9, 4]"
EUC_2D771,random_instance_771_nodes_10,771,EUC_2D,10,3.6548336833923263,3.6548336833923254,-0.0000%,0.03277873992919922,"[5, 8, 3, 1, 10, 4, 9, 2, 6, 7, 5]"
EUC_2D821,random_instance_821_nodes_10,821,EUC_2D,10,1.856846349166761,1.8568463491667606,-0.0000%,0.03695392608642578,"[8, 6, 2, 7, 5, 1, 4, 9, 3, 10, 8]"
EUC_2D822,random_instance_822_nodes_10,822,EUC_2D,10,2.830213409956575,2.8302134099565746,-0.0000%,0.046973466873168945,"[9, 5, 7, 3, 4, 1, 8, 2, 10, 6, 9]"
EUC_2D823,random_instance_823_nodes_10,823,EUC_2D,10,1.8815703476903987,1.8815703476903982,-0.0000%,0.06861209869384766,"[8, 6, 9, 1, 10, 7, 4, 5, 3, 2, 8]"
EUC_2D828,random_instance_828_nodes_10,828,EUC_2D,10,3.0578011684172193,3.0578011684172184,-0.0000%,0.054457664489746094,"[10, 7, 6, 9, 1, 8, 4, 2, 5, 3, 10]"
EUC_2D832,random_instance_832_nodes_10,832,EUC_2D,10,3.4082886977214186,3.408288697721418,-0.0000%,0.05083489418029785,"[10, 7, 6, 5, 8, 4, 9, 3, 2, 1, 10]"
EUC_2D841,random_instance_841_nodes_10,841,EUC_2D,10,2.9514194046429183,2.951419404642918,-0.0000%,0.041822195053100586,"[1, 4, 2, 7, 9, 5, 6, 8, 3, 10, 1]"
EUC_2D845,random_instance_845_nodes_10,845,EUC_2D,10,2.3531655111417864,2.3531655111417855,-0.0000%,0.05876803398132324,"[9, 7, 2, 3, 4, 6, 1, 8, 10, 5, 9]"
EUC_2D853,random_instance_853_nodes_10,853,EUC_2D,10,3.027056282434243,3.027056282434242,-0.0000%,0.03998899459838867,"[3, 9, 10, 1, 4, 5, 2, 6, 7, 8, 3]"
EUC_2D878,random_instance_878_nodes_10,878,EUC_2D,10,2.6672380114260936,2.6672380114260936,0.0000%,0.04172086715698242,"[9, 1, 10, 3, 8, 4, 6, 2, 5, 7, 9]"
EUC_2D887,random_instance_887_nodes_10,887,EUC_2D,10,2.327680874693554,2.3276808746935536,-0.0000%,0.020093202590942383,"[4, 6, 1, 5, 3, 2, 8, 10, 9, 7, 4]"
EUC_2D888,random_instance_888_nodes_10,888,EUC_2D,10,3.3021277151044908,3.30212771510449,-0.0000%,0.024816513061523438,"[4, 9, 1, 5, 2, 8, 10, 3, 7, 6, 4]"
EUC_2D893,random_instance_893_nodes_10,893,EUC_2D,10,2.982052070752259,2.982052070752258,-0.0000%,0.014787912368774414,"[5, 7, 10, 9, 1, 2, 6, 3, 4, 8, 5]"
EUC_2D916,random_instance_916_nodes_10,916,EUC_2D,10,2.745646684983759,2.7456466849837584,-0.0000%,0.013817071914672852,"[10, 1, 8, 9, 5, 4, 3, 7, 2, 6, 10]"
EUC_2D919,random_instance_919_nodes_10,919,EUC_2D,10,3.1634890764112455,3.1634890764112447,-0.0000%,0.04459238052368164,"[8, 1, 5, 2, 6, 4, 7, 3, 9, 10, 8]"
EUC_2D931,random_instance_931_nodes_10,931,EUC_2D,10,2.4694201007812278,2.469420100781227,-0.0000%,0.028599262237548828,"[10, 4, 9, 2, 8, 6, 1, 3, 7, 5, 10]"
EUC_2D936,random_instance_936_nodes_10,936,EUC_2D,10,2.2050703064321553,2.205070306432155,-0.0000%,0.014913320541381836,"[10, 3, 8, 2, 6, 5, 9, 7, 4, 1, 10]"
EUC_2D949,random_instance_949_nodes_10,949,EUC_2D,10,2.962091454864583,2.9620914548645825,-0.0000%,0.027817726135253906,"[8, 5, 9, 2, 3, 7, 4, 6, 10, 1, 8]"
EUC_2D958,random_instance_958_nodes_10,958,EUC_2D,10,2.8782695570817185,2.878269557081718,-0.0000%,0.022572040557861328,"[6, 4, 7, 1, 8, 3, 10, 2, 9, 5, 6]"
EUC_2D960,random_instance_960_nodes_10,960,EUC_2D,10,2.4449305300261353,2.444930530026135,-0.0000%,0.028339862823486328,"[10, 5, 7, 2, 6, 4, 1, 3, 8, 9, 10]"
EUC_2D964,random_instance_964_nodes_10,964,EUC_2D,10,2.967628494029866,2.9676284940298654,-0.0000%,0.029634952545166016,"[5, 4, 7, 8, 1, 6, 10, 3, 9, 2, 5]"
EUC_2D977,random_instance_977_nodes_10,977,EUC_2D,10,2.7917565679426524,2.791756567942652,-0.0000%,0.07937097549438477,"[1, 5, 9, 4, 2, 8, 6, 10, 7, 3, 1]"
EUC_2D986,random_instance_986_nodes_10,986,EUC_2D,10,3.0299545416988565,3.0299545416988556,-0.0000%,0.04388022422790527,"[2, 3, 9, 4, 7, 1, 6, 8, 10, 5, 2]"
EUC_2D993,random_instance_993_nodes_10,993,EUC_2D,10,2.8337194372982353,2.8337194372982344,-0.0000%,0.06620979309082031,"[5, 1, 6, 7, 2, 4, 10, 8, 9, 3, 5]"
EUC_2D998,random_instance_998_nodes_10,998,EUC_2D,10,2.1732479938169975,2.173247993816997,-0.0000%,0.03237271308898926,"[8, 2, 4, 1, 6, 3, 9, 5, 7, 10, 8]"
EUC_2D1020,random_instance_1020_nodes_10,1020,EUC_2D,10,3.6665318433683445,3.666531843368343,-0.0000%,0.07999849319458008,"[10, 3, 4, 8, 2, 5, 6, 9, 1, 7, 10]"
EUC_2D1040,random_instance_1040_nodes_10,1040,EUC_2D,10,2.7997384215893337,2.7997384215893337,0.0000%,0.04222369194030762,"[7, 8, 9, 1, 3, 6, 2, 10, 5, 4, 7]"
EUC_2D1049,random_instance_1049_nodes_10,1049,EUC_2D,10,2.793368619450636,2.7933686194506353,-0.0000%,0.05011630058288574,"[1, 8, 2, 4, 10, 7, 5, 6, 9, 3, 1]"
EUC_2D1052,random_instance_1052_nodes_10,1052,EUC_2D,10,2.757620438792442,2.7576204387924412,-0.0000%,0.028231143951416016,"[1, 4, 5, 2, 3, 8, 9, 6, 10, 7, 1]"
EUC_2D1070,random_instance_1070_nodes_10,1070,EUC_2D,10,2.57594931632331,2.57594931632331,0.0000%,0.04278898239135742,"[3, 1, 6, 4, 2, 10, 5, 7, 8, 9, 3]"
EUC_2D1084,random_instance_1084_nodes_10,1084,EUC_2D,10,2.666919525914627,2.6669195259146266,-0.0000%,0.02714991569519043,"[3, 2, 4, 1, 10, 7, 9, 6, 8, 5, 3]"
EUC_2D1104,random_instance_1104_nodes_10,1104,EUC_2D,10,2.9863366646964686,2.986336664696468,-0.0000%,0.039267778396606445,"[6, 2, 7, 4, 8, 1, 9, 3, 5, 10, 6]"
EUC_2D1113,random_instance_1113_nodes_20,1113,EUC_2D,20,3.7146892643759633,3.714689264375962,-0.0000%,0.14313936233520508,"[3, 18, 2, 12, 14, 9, 13, 8, 20, 5, 11, 16, 17, 10, 19, 4, 1, 7, 15, 6, 3]"
EUC_2D1121,random_instance_1121_nodes_20,1121,EUC_2D,20,3.73342870484621,3.733428704846209,-0.0000%,0.03867793083190918,"[17, 10, 5, 1, 15, 7, 12, 11, 2, 9, 3, 16, 20, 6, 19, 14, 4, 13, 18, 8, 17]"
EUC_2D1122,random_instance_1122_nodes_20,1122,EUC_2D,20,3.6119986261309593,3.6338068506514256,0.6038%,0.119659423828125,"[11, 10, 8, 4, 5, 1, 3, 13, 19, 12, 2, 15, 6, 9, 20, 16, 17, 14, 18, 7, 11]"
EUC_2D1124,random_instance_1124_nodes_20,1124,EUC_2D,20,3.2668041401538876,3.2828201610831966,0.4903%,0.14910626411437988,"[3, 4, 2, 20, 12, 9, 18, 17, 1, 10, 15, 5, 6, 14, 16, 13, 7, 8, 19, 11, 3]"
EUC_2D1127,random_instance_1127_nodes_20,1127,EUC_2D,20,3.969963171300862,3.9699631713008614,-0.0000%,0.04791426658630371,"[12, 13, 5, 15, 17, 14, 11, 16, 10, 20, 4, 1, 8, 19, 7, 2, 18, 6, 9, 3, 12]"
EUC_2D1129,random_instance_1129_nodes_20,1129,EUC_2D,20,3.652397579348953,3.6523975793489525,-0.0000%,0.09590840339660645,"[18, 19, 6, 16, 7, 11, 9, 4, 3, 10, 15, 5, 2, 13, 1, 14, 20, 12, 8, 17, 18]"
EUC_2D1133,random_instance_1133_nodes_20,1133,EUC_2D,20,3.9059910754191876,3.905991075419187,-0.0000%,0.07117176055908203,"[3, 6, 2, 12, 20, 10, 16, 9, 8, 7, 1, 13, 15, 4, 17, 5, 14, 11, 18, 19, 3]"
EUC_2D1137,random_instance_1137_nodes_20,1137,EUC_2D,20,3.9084000631820746,3.9084000631820737,-0.0000%,0.12810659408569336,"[15, 4, 7, 12, 13, 3, 14, 17, 18, 10, 9, 8, 19, 20, 5, 2, 1, 16, 11, 6, 15]"
EUC_2D1139,random_instance_1139_nodes_20,1139,EUC_2D,20,3.612416038045632,3.7024731915261775,2.4930%,0.20441675186157227,"[20, 11, 4, 1, 8, 7, 13, 15, 18, 14, 6, 3, 17, 2, 5, 19, 9, 16, 12, 10, 20]"
EUC_2D1143,random_instance_1143_nodes_20,1143,EUC_2D,20,3.2979367521968737,3.2979367521968728,-0.0000%,0.15866565704345703,"[7, 3, 9, 8, 5, 1, 11, 13, 18, 12, 10, 6, 17, 4, 19, 15, 20, 16, 14, 2, 7]"
EUC_2D1146,random_instance_1146_nodes_20,1146,EUC_2D,20,4.360819683065523,4.360819683065521,-0.0000%,0.2203972339630127,"[13, 18, 4, 14, 10, 15, 2, 8, 17, 19, 6, 5, 9, 1, 16, 12, 7, 11, 20, 3, 13]"
EUC_2D1160,random_instance_1160_nodes_20,1160,EUC_2D,20,3.650840056888787,3.684656296829291,0.9263%,0.11303949356079102,"[14, 1, 17, 9, 10, 7, 8, 19, 16, 13, 4, 6, 15, 2, 3, 11, 18, 5, 12, 20, 14]"
EUC_2D1163,random_instance_1163_nodes_20,1163,EUC_2D,20,3.865332124571161,3.879238638035761,0.3598%,0.17618727684020996,"[12, 8, 4, 17, 3, 13, 9, 1, 11, 10, 19, 18, 7, 14, 2, 20, 6, 15, 5, 16, 12]"
EUC_2D1166,random_instance_1166_nodes_20,1166,EUC_2D,20,3.961455926711191,3.9614559267111895,-0.0000%,0.17072248458862305,"[9, 13, 16, 8, 4, 11, 6, 5, 3, 10, 1, 15, 20, 19, 14, 7, 17, 12, 2, 18, 9]"
EUC_2D1169,random_instance_1169_nodes_20,1169,EUC_2D,20,3.3906107895313786,3.5046629387055077,3.3638%,0.20552802085876465,"[7, 4, 15, 6, 11, 1, 8, 5, 3, 19, 13, 12, 16, 2, 20, 9, 10, 14, 18, 17, 7]"
EUC_2D1188,random_instance_1188_nodes_20,1188,EUC_2D,20,3.8624235245458083,3.980789063744502,3.0645%,0.18744540214538574,"[13, 1, 3, 12, 2, 5, 9, 19, 11, 15, 4, 6, 18, 7, 8, 16, 17, 14, 20, 10, 13]"
EUC_2D1193,random_instance_1193_nodes_20,1193,EUC_2D,20,3.7364784564034887,3.7744053640034645,1.0150%,0.11187171936035156,"[18, 5, 4, 16, 9, 15, 12, 14, 8, 13, 17, 20, 10, 1, 3, 6, 11, 19, 2, 7, 18]"
EUC_2D1200,random_instance_1200_nodes_20,1200,EUC_2D,20,3.6116234678255554,3.6116234678255554,0.0000%,0.11924409866333008,"[16, 8, 5, 3, 6, 14, 18, 2, 7, 13, 10, 12, 20, 9, 1, 4, 15, 19, 11, 17, 16]"
EUC_2D1213,random_instance_1213_nodes_20,1213,EUC_2D,20,3.8372255609896406,3.911446094951174,1.9342%,0.06561779975891113,"[8, 9, 20, 5, 13, 7, 15, 12, 18, 16, 14, 10, 2, 11, 1, 17, 3, 4, 19, 6, 8]"
EUC_2D1225,random_instance_1225_nodes_20,1225,EUC_2D,20,3.276103600381235,3.37904553648986,3.1422%,0.0904238224029541,"[5, 1, 6, 18, 9, 14, 17, 19, 2, 13, 3, 10, 8, 15, 16, 11, 12, 7, 20, 4, 5]"
EUC_2D1229,random_instance_1229_nodes_20,1229,EUC_2D,20,3.9185598613859183,3.918559861385918,-0.0000%,0.045305490493774414,"[6, 20, 4, 18, 2, 8, 17, 7, 9, 5, 19, 13, 12, 3, 11, 15, 14, 1, 16, 10, 6]"
EUC_2D1232,random_instance_1232_nodes_20,1232,EUC_2D,20,3.671553890150132,3.73489822092478,1.7253%,0.09038257598876953,"[12, 1, 18, 9, 8, 14, 7, 15, 10, 6, 20, 2, 4, 3, 17, 5, 13, 19, 16, 11, 12]"
EUC_2D1235,random_instance_1235_nodes_20,1235,EUC_2D,20,4.090693513147628,4.206658979187547,2.8349%,0.32317399978637695,"[2, 14, 4, 15, 13, 10, 16, 9, 1, 7, 19, 3, 8, 5, 20, 6, 11, 12, 17, 18, 2]"
EUC_2D1245,random_instance_1245_nodes_20,1245,EUC_2D,20,4.265554369365056,4.2781667199665,0.2957%,0.10815763473510742,"[16, 9, 13, 20, 18, 2, 14, 17, 15, 1, 7, 6, 19, 12, 3, 11, 4, 10, 8, 5, 16]"
EUC_2D1269,random_instance_1269_nodes_20,1269,EUC_2D,20,3.60569599091794,3.62269081545465,0.4713%,0.20121002197265625,"[2, 10, 19, 4, 12, 18, 15, 8, 7, 1, 14, 9, 6, 5, 3, 11, 17, 13, 20, 16, 2]"
EUC_2D1290,random_instance_1290_nodes_20,1290,EUC_2D,20,3.8941239818191344,3.9188633335810437,0.6353%,0.08776593208312988,"[18, 15, 16, 1, 11, 14, 2, 3, 19, 12, 10, 8, 7, 17, 13, 9, 4, 5, 20, 6, 18]"
EUC_2D1291,random_instance_1291_nodes_20,1291,EUC_2D,20,3.9959205710220997,3.995920571022099,-0.0000%,0.16996407508850098,"[18, 17, 19, 1, 10, 8, 15, 6, 14, 16, 11, 13, 4, 5, 12, 7, 20, 3, 2, 9, 18]"
EUC_2D1307,random_instance_1307_nodes_20,1307,EUC_2D,20,4.146291387156706,4.1462913871567055,-0.0000%,0.2195425033569336,"[12, 15, 2, 5, 20, 4, 7, 9, 8, 13, 19, 14, 3, 16, 17, 10, 18, 11, 1, 6, 12]"
EUC_2D1312,random_instance_1312_nodes_20,1312,EUC_2D,20,3.9901473211233434,3.9901473211233425,-0.0000%,0.12093567848205566,"[9, 8, 19, 15, 2, 13, 7, 16, 4, 12, 14, 11, 1, 10, 3, 5, 17, 18, 6, 20, 9]"
EUC_2D1315,random_instance_1315_nodes_20,1315,EUC_2D,20,3.765445711156274,3.7654457111562736,-0.0000%,0.14943337440490723,"[16, 15, 17, 7, 9, 1, 14, 10, 5, 2, 13, 20, 8, 19, 12, 6, 18, 4, 3, 11, 16]"
EUC_2D1317,random_instance_1317_nodes_20,1317,EUC_2D,20,3.67486709349205,3.692903178146927,0.4908%,0.18468594551086426,"[9, 4, 8, 12, 20, 3, 1, 10, 14, 6, 11, 18, 7, 17, 16, 15, 13, 19, 5, 2, 9]"
EUC_2D1320,random_instance_1320_nodes_20,1320,EUC_2D,20,3.997325621511365,3.9973256215113633,-0.0000%,0.17902755737304688,"[19, 7, 13, 1, 8, 4, 5, 12, 3, 6, 11, 2, 16, 10, 9, 15, 17, 18, 14, 20, 19]"
EUC_2D1330,random_instance_1330_nodes_20,1330,EUC_2D,20,3.992388439681755,3.9923884396817533,-0.0000%,0.20126748085021973,"[1, 11, 12, 8, 15, 7, 3, 14, 2, 17, 16, 19, 6, 18, 13, 5, 20, 4, 10, 9, 1]"
EUC_2D1341,random_instance_1341_nodes_20,1341,EUC_2D,20,3.7544292931096863,3.754429293109685,-0.0000%,0.1179194450378418,"[18, 19, 16, 15, 13, 4, 1, 8, 14, 6, 17, 3, 20, 5, 10, 2, 9, 11, 7, 12, 18]"
EUC_2D1343,random_instance_1343_nodes_20,1343,EUC_2D,20,4.374915808733677,4.440006080289543,1.4878%,0.0922095775604248,"[7, 1, 2, 18, 13, 16, 14, 6, 5, 12, 8, 11, 20, 10, 3, 19, 9, 4, 15, 17, 7]"
EUC_2D1375,random_instance_1375_nodes_20,1375,EUC_2D,20,4.083697990676707,4.126331337584527,1.0440%,0.07634663581848145,"[11, 10, 18, 20, 14, 3, 15, 1, 16, 19, 6, 8, 5, 17, 9, 13, 2, 7, 4, 12, 11]"
EUC_2D1389,random_instance_1389_nodes_20,1389,EUC_2D,20,4.4662006797614024,4.466200679761401,-0.0000%,0.09850382804870605,"[19, 13, 12, 9, 18, 2, 11, 7, 15, 20, 14, 16, 6, 10, 4, 17, 8, 3, 5, 1, 19]"
EUC_2D1395,random_instance_1395_nodes_20,1395,EUC_2D,20,3.491040293010568,3.745697938118154,7.2946%,0.09812617301940918,"[11, 10, 3, 6, 5, 20, 4, 7, 18, 19, 1, 2, 13, 8, 16, 12, 17, 9, 14, 15, 11]"
EUC_2D1402,random_instance_1402_nodes_20,1402,EUC_2D,20,3.911513598530291,3.9115135985302913,0.0000%,0.09678244590759277,"[10, 12, 2, 14, 16, 5, 15, 19, 8, 6, 18, 9, 4, 3, 17, 13, 7, 20, 11, 1, 10]"
EUC_2D1403,random_instance_1403_nodes_20,1403,EUC_2D,20,3.4362407212200545,3.4362407212200536,-0.0000%,0.08233141899108887,"[19, 4, 3, 20, 13, 17, 7, 18, 8, 9, 15, 2, 10, 11, 6, 14, 16, 5, 1, 12, 19]"
EUC_2D1419,random_instance_1419_nodes_20,1419,EUC_2D,20,3.925043263231823,3.925043263231822,-0.0000%,0.18367481231689453,"[12, 14, 16, 1, 9, 10, 11, 3, 15, 6, 7, 8, 19, 13, 20, 17, 2, 5, 18, 4, 12]"
EUC_2D1424,random_instance_1424_nodes_20,1424,EUC_2D,20,3.5740626423198476,3.574062642319847,-0.0000%,0.08723759651184082,"[9, 5, 6, 13, 14, 7, 12, 20, 17, 11, 10, 8, 18, 15, 4, 1, 2, 3, 16, 19, 9]"
EUC_2D1442,random_instance_1442_nodes_20,1442,EUC_2D,20,3.389538120231095,3.41330498371845,0.7012%,0.3661952018737793,"[6, 15, 9, 7, 1, 5, 12, 2, 20, 3, 4, 18, 19, 8, 14, 10, 16, 17, 11, 13, 6]"
EUC_2D1480,random_instance_1480_nodes_20,1480,EUC_2D,20,3.413381490782563,3.4394169314361496,0.7627%,0.1184699535369873,"[13, 11, 20, 3, 10, 8, 2, 5, 6, 17, 1, 12, 16, 9, 19, 7, 15, 4, 18, 14, 13]"
EUC_2D1489,random_instance_1489_nodes_20,1489,EUC_2D,20,3.6258305316199038,3.87693690518464,6.9255%,0.20666980743408203,"[1, 12, 19, 3, 7, 18, 13, 11, 20, 14, 10, 15, 8, 4, 2, 16, 5, 6, 17, 9, 1]"
EUC_2D1494,random_instance_1494_nodes_20,1494,EUC_2D,20,3.8977355654501347,3.8977355654501338,-0.0000%,0.16285252571105957,"[11, 13, 10, 9, 1, 8, 16, 20, 5, 19, 6, 4, 18, 15, 14, 12, 17, 3, 7, 2, 11]"
EUC_2D1496,random_instance_1496_nodes_20,1496,EUC_2D,20,3.669551719487386,3.699603543407049,0.8190%,0.13799214363098145,"[18, 8, 5, 1, 11, 6, 19, 4, 10, 12, 15, 17, 7, 3, 16, 2, 20, 9, 14, 13, 18]"
EUC_2D1512,random_instance_1512_nodes_20,1512,EUC_2D,20,3.0270383928706077,3.027038392870607,-0.0000%,0.09334135055541992,"[9, 8, 5, 4, 15, 1, 19, 17, 11, 2, 20, 14, 3, 10, 13, 18, 12, 6, 7, 16, 9]"
EUC_2D1519,random_instance_1519_nodes_20,1519,EUC_2D,20,3.8591136553199115,3.936557735856498,2.0068%,0.18895316123962402,"[12, 8, 4, 19, 7, 2, 13, 17, 18, 15, 14, 20, 1, 6, 10, 3, 9, 11, 16, 5, 12]"
EUC_2D1524,random_instance_1524_nodes_20,1524,EUC_2D,20,4.477280503909603,4.477280503909602,-0.0000%,0.14676237106323242,"[18, 8, 7, 13, 12, 19, 20, 15, 11, 6, 17, 4, 1, 3, 16, 14, 5, 10, 2, 9, 18]"
EUC_2D1527,random_instance_1527_nodes_20,1527,EUC_2D,20,3.955564031422763,3.955564031422761,-0.0000%,0.17887115478515625,"[14, 20, 5, 7, 11, 12, 6, 8, 18, 17, 19, 16, 10, 13, 9, 1, 4, 2, 3, 15, 14]"
EUC_2D1528,random_instance_1528_nodes_20,1528,EUC_2D,20,3.944262835280856,4.064310661897228,3.0436%,0.24889898300170898,"[10, 12, 4, 2, 11, 3, 16, 17, 8, 13, 18, 6, 7, 5, 1, 9, 19, 15, 14, 20, 10]"
EUC_2D1530,random_instance_1530_nodes_20,1530,EUC_2D,20,3.373613193538322,3.373613193538321,-0.0000%,0.05951499938964844,"[5, 19, 10, 15, 8, 16, 2, 7, 14, 20, 11, 12, 6, 4, 1, 13, 9, 17, 18, 3, 5]"
EUC_2D1535,random_instance_1535_nodes_20,1535,EUC_2D,20,4.049365480144382,4.056542717844817,0.1772%,0.07152915000915527,"[17, 16, 15, 1, 13, 8, 14, 19, 20, 3, 7, 9, 10, 11, 5, 2, 18, 6, 12, 4, 17]"
EUC_2D1545,random_instance_1545_nodes_20,1545,EUC_2D,20,4.3211463098628204,4.384343080045426,1.4625%,0.14424920082092285,"[4, 18, 14, 16, 12, 9, 17, 1, 6, 5, 20, 15, 3, 11, 13, 8, 2, 19, 10, 7, 4]"
EUC_2D1584,random_instance_1584_nodes_20,1584,EUC_2D,20,3.9298896417990536,3.9466989774757164,0.4277%,0.0401914119720459,"[9, 5, 11, 16, 2, 19, 17, 6, 3, 15, 4, 10, 8, 18, 12, 13, 14, 1, 20, 7, 9]"
EUC_2D1588,random_instance_1588_nodes_20,1588,EUC_2D,20,4.177244448806003,4.177244448806002,-0.0000%,0.10201382637023926,"[10, 8, 14, 11, 6, 7, 9, 1, 16, 18, 12, 4, 15, 2, 20, 3, 13, 5, 17, 19, 10]"
EUC_2D1604,random_instance_1604_nodes_20,1604,EUC_2D,20,3.6396069401480826,3.6396069401480813,-0.0000%,0.05110645294189453,"[9, 14, 18, 10, 16, 20, 13, 8, 17, 19, 15, 1, 6, 5, 11, 3, 12, 2, 4, 7, 9]"
EUC_2D1612,random_instance_1612_nodes_20,1612,EUC_2D,20,3.5642809663500445,3.564280966350043,-0.0000%,0.15507936477661133,"[16, 14, 20, 2, 13, 7, 5, 9, 10, 6, 4, 17, 3, 11, 1, 8, 12, 18, 19, 15, 16]"
EUC_2D1625,random_instance_1625_nodes_20,1625,EUC_2D,20,3.862592442933361,3.8625924429333605,-0.0000%,0.08575558662414551,"[17, 3, 20, 11, 5, 9, 4, 13, 2, 15, 19, 7, 10, 18, 1, 6, 16, 14, 12, 8, 17]"
EUC_2D1633,random_instance_1633_nodes_20,1633,EUC_2D,20,4.108005500554181,4.337314186095452,5.5820%,0.25751352310180664,"[9, 4, 5, 3, 2, 7, 12, 1, 11, 6, 16, 14, 18, 17, 13, 8, 10, 20, 19, 15, 9]"
EUC_2D1638,random_instance_1638_nodes_20,1638,EUC_2D,20,3.7268803051485033,3.7268803051485024,-0.0000%,0.15414977073669434,"[1, 2, 3, 17, 6, 14, 13, 19, 5, 16, 18, 4, 15, 9, 11, 10, 20, 8, 7, 12, 1]"
EUC_2D1644,random_instance_1644_nodes_20,1644,EUC_2D,20,3.850096294909876,3.850096294909876,0.0000%,0.26674509048461914,"[19, 12, 13, 18, 5, 15, 16, 17, 8, 14, 20, 3, 2, 6, 9, 10, 1, 7, 11, 4, 19]"
EUC_2D1646,random_instance_1646_nodes_20,1646,EUC_2D,20,3.5809946395914465,3.580994639591446,-0.0000%,0.08195781707763672,"[3, 20, 6, 9, 12, 11, 7, 17, 19, 13, 4, 2, 5, 18, 1, 8, 10, 15, 16, 14, 3]"
EUC_2D1647,random_instance_1647_nodes_20,1647,EUC_2D,20,3.724879944531806,3.7280418938312314,0.0849%,0.12445569038391113,"[17, 15, 9, 1, 14, 6, 16, 19, 8, 13, 18, 7, 2, 10, 11, 20, 3, 4, 12, 5, 17]"
EUC_2D1654,random_instance_1654_nodes_20,1654,EUC_2D,20,3.4198028197981785,3.4198028197981767,-0.0000%,0.17209506034851074,"[8, 12, 2, 16, 1, 20, 4, 13, 15, 6, 7, 11, 3, 10, 17, 5, 14, 9, 18, 19, 8]"
EUC_2D1669,random_instance_1669_nodes_20,1669,EUC_2D,20,4.081554125203778,4.127588548708282,1.1279%,0.15228056907653809,"[8, 7, 16, 10, 3, 19, 6, 2, 20, 9, 4, 5, 13, 1, 14, 17, 18, 15, 12, 11, 8]"
EUC_2D1674,random_instance_1674_nodes_20,1674,EUC_2D,20,3.7455624405355574,3.7967186486146898,1.3658%,0.29253268241882324,"[5, 12, 18, 17, 8, 6, 16, 19, 4, 14, 10, 15, 13, 11, 7, 3, 9, 2, 20, 1, 5]"
EUC_2D1679,random_instance_1679_nodes_20,1679,EUC_2D,20,3.7603422122461465,3.7603422122461456,-0.0000%,0.20989394187927246,"[5, 9, 6, 1, 11, 10, 2, 15, 12, 16, 20, 4, 3, 14, 19, 18, 17, 8, 13, 7, 5]"
EUC_2D1680,random_instance_1680_nodes_20,1680,EUC_2D,20,3.788389597078041,3.7905708765260413,0.0576%,0.19209718704223633,"[8, 10, 18, 4, 5, 15, 11, 17, 2, 16, 12, 7, 6, 9, 13, 3, 20, 1, 14, 19, 8]"
EUC_2D1684,random_instance_1684_nodes_20,1684,EUC_2D,20,4.231286721348363,4.276493151956447,1.0684%,0.20855045318603516,"[19, 14, 12, 13, 6, 1, 20, 9, 17, 10, 15, 18, 4, 16, 11, 5, 3, 2, 7, 8, 19]"
EUC_2D1697,random_instance_1697_nodes_20,1697,EUC_2D,20,3.3291927718820955,3.3374322212811665,0.2475%,0.10455965995788574,"[8, 20, 17, 9, 13, 19, 6, 18, 14, 10, 15, 4, 3, 2, 1, 16, 11, 12, 5, 7, 8]"
EUC_2D1713,random_instance_1713_nodes_20,1713,EUC_2D,20,3.5108354073075287,3.510835407307528,-0.0000%,0.1136465072631836,"[19, 2, 3, 20, 13, 6, 18, 9, 17, 8, 4, 10, 16, 11, 15, 12, 14, 5, 7, 1, 19]"
EUC_2D1729,random_instance_1729_nodes_20,1729,EUC_2D,20,4.268455414626431,4.26845541462643,-0.0000%,0.12172532081604004,"[9, 12, 7, 17, 11, 16, 3, 15, 18, 6, 10, 20, 2, 8, 4, 1, 19, 5, 14, 13, 9]"
EUC_2D1743,random_instance_1743_nodes_20,1743,EUC_2D,20,3.7691104258664576,3.7691104258664563,-0.0000%,0.05402112007141113,"[5, 1, 11, 20, 8, 18, 12, 16, 19, 3, 14, 17, 15, 6, 13, 2, 10, 7, 4, 9, 5]"
EUC_2D1746,random_instance_1746_nodes_20,1746,EUC_2D,20,3.887499530772909,3.8874995307729083,-0.0000%,0.11724257469177246,"[13, 12, 20, 18, 10, 9, 17, 2, 7, 5, 1, 11, 19, 8, 15, 3, 14, 16, 4, 6, 13]"
EUC_2D1753,random_instance_1753_nodes_20,1753,EUC_2D,20,3.6665554218931318,3.666555421893131,-0.0000%,0.09711813926696777,"[18, 12, 10, 13, 5, 19, 7, 20, 6, 8, 3, 15, 9, 11, 4, 16, 1, 17, 14, 2, 18]"
EUC_2D1771,random_instance_1771_nodes_20,1771,EUC_2D,20,4.124735609705589,4.175113234177452,1.2214%,0.08496522903442383,"[15, 7, 13, 4, 2, 10, 8, 12, 1, 5, 19, 9, 6, 16, 18, 20, 17, 14, 3, 11, 15]"
EUC_2D1776,random_instance_1776_nodes_20,1776,EUC_2D,20,3.5570546285310782,3.557054628531077,-0.0000%,0.09802961349487305,"[18, 20, 17, 16, 13, 4, 15, 12, 7, 1, 10, 9, 19, 3, 8, 6, 11, 14, 5, 2, 18]"
EUC_2D1790,random_instance_1790_nodes_20,1790,EUC_2D,20,4.023187049681652,4.063307611600923,0.9972%,0.3011438846588135,"[9, 11, 14, 19, 15, 12, 16, 7, 5, 6, 8, 10, 4, 13, 1, 18, 3, 20, 2, 17, 9]"
EUC_2D1796,random_instance_1796_nodes_20,1796,EUC_2D,20,3.752767405254839,3.752767405254837,-0.0000%,0.23543977737426758,"[16, 2, 11, 5, 18, 4, 17, 13, 9, 7, 20, 6, 14, 1, 10, 8, 19, 3, 15, 12, 16]"
EUC_2D1824,random_instance_1824_nodes_20,1824,EUC_2D,20,3.763814374933827,3.763814374933826,-0.0000%,0.24167346954345703,"[15, 11, 13, 3, 4, 19, 12, 2, 10, 7, 14, 9, 8, 16, 17, 20, 1, 6, 18, 5, 15]"
EUC_2D1827,random_instance_1827_nodes_20,1827,EUC_2D,20,3.7041948868925236,3.7041948868925214,-0.0000%,0.27983713150024414,"[1, 9, 17, 2, 10, 13, 20, 11, 14, 3, 12, 7, 6, 5, 16, 15, 4, 18, 8, 19, 1]"
EUC_2D1832,random_instance_1832_nodes_20,1832,EUC_2D,20,3.522415358691763,3.5224153586917617,-0.0000%,0.20567703247070312,"[8, 2, 14, 6, 9, 20, 7, 16, 15, 17, 18, 11, 13, 19, 12, 1, 4, 10, 3, 5, 8]"
EUC_2D1858,random_instance_1858_nodes_20,1858,EUC_2D,20,3.6382540710938427,3.638254071093841,-0.0000%,0.21462106704711914,"[19, 16, 11, 12, 7, 18, 17, 1, 13, 8, 14, 9, 20, 6, 3, 4, 5, 10, 15, 2, 19]"
EUC_2D1869,random_instance_1869_nodes_20,1869,EUC_2D,20,3.4551183556478278,3.4551183556478273,-0.0000%,0.24727678298950195,"[3, 4, 12, 2, 18, 1, 5, 9, 7, 20, 15, 14, 19, 13, 17, 8, 10, 11, 16, 6, 3]"
EUC_2D1874,random_instance_1874_nodes_20,1874,EUC_2D,20,4.154079161762341,4.15407916176234,-0.0000%,0.1704416275024414,"[16, 11, 4, 17, 13, 5, 20, 8, 9, 14, 19, 18, 2, 15, 3, 10, 6, 7, 1, 12, 16]"
EUC_2D1876,random_instance_1876_nodes_20,1876,EUC_2D,20,4.136529580618608,4.281070526189044,3.4943%,0.2103734016418457,"[9, 20, 5, 7, 19, 11, 2, 4, 10, 16, 3, 1, 6, 12, 8, 14, 15, 17, 18, 13, 9]"
EUC_2D1880,random_instance_1880_nodes_20,1880,EUC_2D,20,3.7209329671255196,3.7224540845721377,0.0409%,0.16321873664855957,"[6, 20, 9, 16, 17, 3, 12, 10, 14, 1, 18, 8, 4, 11, 5, 15, 13, 7, 2, 19, 6]"
EUC_2D1889,random_instance_1889_nodes_20,1889,EUC_2D,20,4.413521946173501,4.413521946173499,-0.0000%,0.14940285682678223,"[5, 17, 9, 1, 6, 16, 11, 14, 8, 20, 7, 18, 10, 19, 4, 12, 15, 2, 3, 13, 5]"
EUC_2D1891,random_instance_1891_nodes_20,1891,EUC_2D,20,4.030925499189664,4.098468975876415,1.6756%,0.1413424015045166,"[13, 10, 6, 7, 3, 17, 8, 18, 1, 15, 11, 9, 5, 14, 4, 12, 20, 2, 19, 16, 13]"
EUC_2D1894,random_instance_1894_nodes_20,1894,EUC_2D,20,3.2967747410557457,3.296774741055745,-0.0000%,0.05814552307128906,"[2, 19, 7, 16, 9, 3, 5, 1, 11, 8, 15, 6, 18, 14, 13, 17, 12, 20, 10, 4, 2]"
EUC_2D1899,random_instance_1899_nodes_20,1899,EUC_2D,20,3.8549181670365695,3.854918167036569,-0.0000%,0.037616729736328125,"[12, 9, 20, 11, 18, 19, 10, 8, 4, 16, 6, 17, 3, 7, 1, 14, 2, 13, 5, 15, 12]"
EUC_2D1924,random_instance_1924_nodes_20,1924,EUC_2D,20,3.6942944151595243,3.7262998533715077,0.8663%,0.03728795051574707,"[16, 8, 12, 6, 4, 19, 13, 9, 18, 5, 10, 15, 20, 11, 14, 1, 7, 2, 17, 3, 16]"
EUC_2D1940,random_instance_1940_nodes_20,1940,EUC_2D,20,3.9004742648628814,3.9710736787189127,1.8100%,0.03450322151184082,"[13, 19, 3, 8, 16, 2, 7, 10, 4, 6, 17, 15, 9, 12, 1, 11, 18, 5, 20, 14, 13]"
EUC_2D1958,random_instance_1958_nodes_20,1958,EUC_2D,20,3.6762150273081957,3.693315143884847,0.4652%,0.05750751495361328,"[14, 4, 11, 16, 6, 9, 5, 2, 13, 20, 3, 12, 1, 18, 19, 17, 10, 8, 7, 15, 14]"
EUC_2D1964,random_instance_1964_nodes_20,1964,EUC_2D,20,3.618854655566436,3.6188546555664356,-0.0000%,0.13547325134277344,"[13, 15, 5, 3, 10, 16, 8, 4, 9, 17, 2, 12, 18, 6, 19, 20, 11, 7, 14, 1, 13]"
EUC_2D1976,random_instance_1976_nodes_20,1976,EUC_2D,20,3.773847459667143,3.7738474596671434,0.0000%,0.29240989685058594,"[8, 14, 17, 20, 3, 16, 11, 9, 13, 19, 7, 5, 1, 18, 2, 12, 15, 4, 10, 6, 8]"
EUC_2D1982,random_instance_1982_nodes_20,1982,EUC_2D,20,3.726809121255189,3.786180083019057,1.5931%,0.09972262382507324,"[14, 8, 1, 10, 4, 19, 7, 13, 16, 6, 17, 5, 15, 3, 2, 11, 20, 9, 18, 12, 14]"
EUC_2D1983,random_instance_1983_nodes_20,1983,EUC_2D,20,4.034452069113316,4.034452069113314,-0.0000%,0.08347272872924805,"[19, 17, 9, 11, 13, 5, 2, 20, 4, 12, 3, 10, 15, 8, 18, 14, 7, 1, 16, 6, 19]"
EUC_2D1988,random_instance_1988_nodes_20,1988,EUC_2D,20,3.704376562017543,3.7043765620175417,-0.0000%,0.09951257705688477,"[20, 6, 10, 1, 7, 13, 8, 2, 4, 9, 12, 3, 15, 5, 11, 14, 18, 17, 16, 19, 20]"
EUC_2D1989,random_instance_1989_nodes_20,1989,EUC_2D,20,3.472718506021284,3.472718506021283,-0.0000%,0.10349249839782715,"[1, 6, 17, 4, 10, 12, 13, 11, 19, 8, 3, 5, 15, 7, 9, 14, 16, 20, 2, 18, 1]"
EUC_2D2037,random_instance_2037_nodes_20,2037,EUC_2D,20,3.7654268724865716,3.7838138522732465,0.4883%,0.23714637756347656,"[10, 18, 9, 4, 2, 16, 6, 20, 13, 3, 19, 11, 1, 5, 15, 14, 17, 12, 8, 7, 10]"
EUC_2D2041,random_instance_2041_nodes_20,2041,EUC_2D,20,3.879936825512308,4.021976712181531,3.6609%,0.21644115447998047,"[18, 5, 4, 14, 10, 2, 11, 19, 7, 1, 12, 6, 13, 16, 15, 17, 8, 9, 3, 20, 18]"
EUC_2D2045,random_instance_2045_nodes_20,2045,EUC_2D,20,4.195277071266518,4.304952363181775,2.6143%,0.28217005729675293,"[10, 16, 3, 17, 2, 19, 15, 6, 13, 20, 4, 5, 11, 7, 12, 9, 14, 1, 18, 8, 10]"
EUC_2D2060,random_instance_2060_nodes_20,2060,EUC_2D,20,3.8680264266886955,4.096529355475685,5.9075%,0.2028207778930664,"[19, 8, 15, 1, 20, 17, 4, 12, 13, 2, 9, 3, 5, 11, 10, 14, 7, 6, 16, 18, 19]"
EUC_2D2068,random_instance_2068_nodes_20,2068,EUC_2D,20,3.6558803707996934,3.655880370799691,-0.0000%,0.19467878341674805,"[9, 20, 15, 11, 13, 18, 4, 2, 3, 17, 1, 16, 6, 12, 7, 19, 14, 5, 10, 8, 9]"
EUC_2D2073,random_instance_2073_nodes_20,2073,EUC_2D,20,3.762440868447101,3.7624408684471002,-0.0000%,0.060233116149902344,"[16, 9, 10, 11, 2, 14, 6, 19, 20, 8, 15, 3, 1, 12, 4, 5, 18, 13, 17, 7, 16]"
EUC_2D2085,random_instance_2085_nodes_20,2085,EUC_2D,20,3.89251023007127,3.949094178035695,1.4537%,0.05130934715270996,"[12, 4, 7, 17, 14, 15, 20, 9, 13, 19, 11, 16, 8, 3, 2, 18, 1, 5, 10, 6, 12]"
EUC_2D2088,random_instance_2088_nodes_20,2088,EUC_2D,20,3.9759448223556375,3.975944822355636,-0.0000%,0.062163591384887695,"[6, 13, 12, 11, 18, 20, 3, 14, 9, 17, 10, 16, 5, 2, 7, 1, 4, 8, 19, 15, 6]"
EUC_2D2091,random_instance_2091_nodes_20,2091,EUC_2D,20,3.4433020071905727,3.443302007190572,-0.0000%,0.06345891952514648,"[3, 20, 9, 16, 2, 17, 19, 11, 13, 7, 4, 12, 15, 8, 6, 18, 5, 1, 14, 10, 3]"
EUC_2D2103,random_instance_2103_nodes_20,2103,EUC_2D,20,3.606434074469929,3.659679256032587,1.4764%,0.06454992294311523,"[8, 7, 11, 13, 10, 6, 9, 18, 14, 20, 5, 4, 3, 12, 1, 17, 2, 16, 15, 19, 8]"
EUC_2D2143,random_instance_2143_nodes_20,2143,EUC_2D,20,3.663873418332166,3.663873418332165,-0.0000%,0.041433095932006836,"[7, 1, 13, 10, 18, 19, 16, 6, 20, 3, 5, 11, 4, 15, 2, 12, 9, 17, 14, 8, 7]"
EUC_2D2144,random_instance_2144_nodes_20,2144,EUC_2D,20,4.055307059749433,4.258576458527793,5.0124%,0.18386197090148926,"[13, 4, 7, 12, 16, 6, 19, 15, 17, 3, 18, 11, 14, 8, 20, 5, 2, 9, 1, 10, 13]"
EUC_2D2146,random_instance_2146_nodes_20,2146,EUC_2D,20,4.149436306444979,4.1494363064449775,-0.0000%,0.14606738090515137,"[11, 13, 8, 15, 20, 16, 7, 6, 19, 14, 9, 17, 3, 12, 18, 10, 5, 4, 2, 1, 11]"
EUC_2D2167,random_instance_2167_nodes_20,2167,EUC_2D,20,3.8677560625653826,3.867756062565381,-0.0000%,0.12313389778137207,"[1, 19, 13, 20, 5, 14, 10, 9, 15, 18, 16, 3, 12, 6, 7, 11, 2, 4, 17, 8, 1]"
EUC_2D2170,random_instance_2170_nodes_20,2170,EUC_2D,20,3.814756293568695,3.8273012774301782,0.3289%,0.2119300365447998,"[19, 18, 3, 1, 10, 5, 6, 4, 9, 7, 15, 13, 14, 12, 16, 11, 17, 2, 20, 8, 19]"
EUC_2D2184,random_instance_2184_nodes_20,2184,EUC_2D,20,3.4967443523423625,3.496744352342362,-0.0000%,0.1601119041442871,"[13, 2, 8, 4, 1, 20, 16, 19, 6, 5, 3, 11, 15, 7, 14, 9, 12, 17, 10, 18, 13]"
EUC_2D2200,random_instance_2200_nodes_20,2200,EUC_2D,20,3.6934629442164817,3.695528126663833,0.0559%,0.25821447372436523,"[3, 12, 4, 1, 16, 7, 17, 13, 9, 6, 5, 8, 14, 20, 15, 2, 11, 10, 19, 18, 3]"
EUC_2D2223,random_instance_2223_nodes_30,2223,EUC_2D,30,4.469605634602895,4.604127953456971,3.0097%,0.5333876609802246,"[22, 1, 8, 16, 15, 24, 18, 3, 17, 14, 21, 4, 30, 13, 2, 7, 12, 11, 25, 23, 27, 28, 20, 10, 6, 19, 9, 29, 5, 26, 22]"
EUC_2D2236,random_instance_2236_nodes_30,2236,EUC_2D,30,4.723950743928946,4.870155117416394,3.0950%,0.6464476585388184,"[12, 28, 22, 8, 17, 30, 19, 29, 16, 6, 21, 23, 11, 24, 2, 14, 20, 7, 9, 5, 26, 15, 4, 13, 3, 10, 27, 18, 1, 25, 12]"
EUC_2D2266,random_instance_2266_nodes_30,2266,EUC_2D,30,4.508132063314891,4.553620847936941,1.0090%,0.2543017864227295,"[30, 7, 4, 15, 10, 8, 24, 20, 5, 11, 27, 9, 6, 16, 23, 2, 18, 12, 28, 21, 17, 14, 3, 22, 26, 29, 1, 25, 13, 19, 30]"
EUC_2D2267,random_instance_2267_nodes_30,2267,EUC_2D,30,4.557538427659407,4.627801264221008,1.5417%,0.30623841285705566,"[7, 5, 30, 10, 27, 25, 21, 13, 17, 6, 16, 18, 15, 26, 28, 8, 19, 20, 2, 24, 12, 29, 14, 4, 22, 3, 23, 9, 1, 11, 7]"
EUC_2D2286,random_instance_2286_nodes_30,2286,EUC_2D,30,4.779808798597724,4.8600647068992195,1.6791%,0.9674332141876221,"[30, 14, 16, 24, 27, 11, 6, 4, 17, 20, 10, 21, 29, 19, 1, 15, 18, 3, 12, 5, 28, 23, 25, 9, 2, 26, 7, 22, 13, 8, 30]"
EUC_2D2287,random_instance_2287_nodes_30,2287,EUC_2D,30,4.957864946281707,4.957864946281701,-0.0000%,0.31159067153930664,"[13, 11, 27, 24, 8, 4, 1, 23, 29, 18, 7, 26, 25, 30, 22, 5, 20, 3, 16, 9, 14, 15, 12, 2, 19, 10, 28, 6, 17, 21, 13]"
EUC_2D2296,random_instance_2296_nodes_30,2296,EUC_2D,30,4.3625975431600255,4.3625975431600255,0.0000%,0.3439931869506836,"[1, 5, 6, 3, 8, 9, 27, 21, 12, 10, 4, 15, 2, 11, 29, 19, 17, 25, 30, 7, 20, 16, 28, 18, 24, 22, 13, 14, 23, 26, 1]"
EUC_2D2330,random_instance_2330_nodes_30,2330,EUC_2D,30,4.362963994760936,4.4617792508232,2.2649%,0.5500202178955078,"[5, 29, 2, 13, 30, 1, 7, 15, 24, 14, 18, 10, 27, 21, 11, 3, 8, 23, 4, 25, 12, 28, 6, 22, 26, 17, 16, 19, 9, 20, 5]"
EUC_2D2340,random_instance_2340_nodes_30,2340,EUC_2D,30,4.520275854272903,4.601897658628236,1.8057%,1.0019099712371826,"[6, 7, 21, 13, 3, 24, 8, 29, 5, 22, 14, 25, 1, 23, 16, 18, 30, 11, 26, 17, 20, 15, 28, 4, 27, 2, 19, 9, 10, 12, 6]"
EUC_2D2361,random_instance_2361_nodes_30,2361,EUC_2D,30,4.561144506911164,4.65868884261056,2.1386%,0.7556052207946777,"[22, 18, 16, 4, 20, 9, 12, 24, 28, 29, 14, 7, 15, 1, 21, 25, 17, 26, 2, 30, 6, 19, 27, 11, 23, 10, 5, 13, 8, 3, 22]"
EUC_2D2369,random_instance_2369_nodes_30,2369,EUC_2D,30,3.8242463466906513,3.8812731368590803,1.4912%,0.5016288757324219,"[16, 4, 1, 25, 24, 13, 26, 12, 9, 22, 15, 5, 19, 17, 14, 8, 29, 18, 2, 3, 21, 28, 10, 11, 7, 27, 20, 6, 23, 30, 16]"
EUC_2D2385,random_instance_2385_nodes_30,2385,EUC_2D,30,4.47706264101815,4.4922935983604795,0.3402%,0.08690071105957031,"[30, 16, 10, 14, 1, 2, 12, 5, 18, 11, 17, 7, 27, 8, 3, 26, 28, 25, 24, 23, 6, 4, 29, 22, 21, 9, 15, 19, 20, 13, 30]"
EUC_2D2414,random_instance_2414_nodes_30,2414,EUC_2D,30,4.536171813253987,4.536171813253986,-0.0000%,0.10933518409729004,"[15, 18, 10, 9, 20, 14, 24, 12, 26, 1, 29, 23, 13, 6, 7, 21, 17, 8, 3, 30, 16, 22, 11, 28, 27, 5, 25, 2, 4, 19, 15]"
EUC_2D2417,random_instance_2417_nodes_30,2417,EUC_2D,30,4.232088395882443,4.283249810014727,1.2089%,0.11583566665649414,"[17, 12, 20, 22, 8, 18, 9, 19, 24, 1, 30, 14, 28, 16, 27, 11, 29, 6, 26, 13, 23, 10, 15, 2, 5, 25, 3, 21, 4, 7, 17]"
EUC_2D2426,random_instance_2426_nodes_30,2426,EUC_2D,30,4.98573690337968,5.005452651523498,0.3954%,0.18198227882385254,"[1, 2, 17, 19, 16, 15, 5, 26, 30, 4, 29, 24, 6, 22, 11, 20, 18, 7, 13, 3, 9, 10, 21, 14, 23, 27, 8, 28, 12, 25, 1]"
EUC_2D2434,random_instance_2434_nodes_30,2434,EUC_2D,30,4.680514782707592,4.795510541257513,2.4569%,0.38385462760925293,"[3, 26, 1, 20, 30, 5, 15, 27, 11, 7, 8, 17, 13, 24, 29, 4, 22, 18, 12, 25, 21, 9, 6, 19, 2, 14, 28, 10, 16, 23, 3]"
EUC_2D2441,random_instance_2441_nodes_30,2441,EUC_2D,30,3.8879056347853607,4.0230240768354335,3.4754%,0.7733321189880371,"[19, 6, 2, 8, 11, 22, 28, 23, 21, 26, 3, 24, 29, 1, 5, 30, 4, 18, 10, 15, 14, 12, 7, 16, 25, 27, 9, 20, 13, 17, 19]"
EUC_2D2442,random_instance_2442_nodes_30,2442,EUC_2D,30,4.505561982311805,4.660738081139514,3.4441%,0.5722849369049072,"[3, 22, 8, 16, 17, 5, 6, 10, 2, 14, 27, 30, 9, 7, 25, 13, 29, 26, 19, 15, 4, 11, 18, 24, 20, 12, 23, 21, 1, 28, 3]"
EUC_2D2444,random_instance_2444_nodes_30,2444,EUC_2D,30,4.672985218987595,4.672985218987591,-0.0000%,0.16549444198608398,"[24, 12, 29, 6, 19, 15, 30, 14, 8, 7, 26, 23, 25, 27, 9, 4, 18, 17, 1, 20, 3, 10, 22, 16, 11, 28, 21, 13, 5, 2, 24]"
EUC_2D2471,random_instance_2471_nodes_30,2471,EUC_2D,30,4.152337835459467,4.181859786882998,0.7110%,0.4326348304748535,"[22, 14, 2, 9, 3, 11, 30, 7, 5, 27, 8, 1, 13, 4, 25, 15, 12, 16, 18, 10, 20, 17, 26, 29, 24, 23, 28, 21, 19, 6, 22]"
EUC_2D2485,random_instance_2485_nodes_30,2485,EUC_2D,30,4.389154983842652,4.4520332573873045,1.4326%,0.3412289619445801,"[1, 28, 27, 29, 18, 14, 3, 5, 22, 30, 8, 4, 11, 2, 19, 21, 17, 9, 10, 25, 7, 26, 12, 15, 13, 6, 24, 20, 23, 16, 1]"
EUC_2D2492,random_instance_2492_nodes_30,2492,EUC_2D,30,4.494559371625603,4.602857958120611,2.4095%,0.5410211086273193,"[16, 1, 24, 27, 4, 30, 7, 29, 25, 20, 17, 6, 12, 3, 8, 2, 14, 10, 19, 23, 13, 15, 18, 9, 26, 5, 21, 11, 22, 28, 16]"
EUC_2D2496,random_instance_2496_nodes_30,2496,EUC_2D,30,4.6563543542833115,4.6844684139917865,0.6038%,0.4121410846710205,"[9, 6, 16, 29, 13, 30, 26, 3, 18, 2, 4, 14, 22, 20, 23, 24, 11, 17, 27, 7, 19, 10, 5, 8, 12, 25, 28, 15, 21, 1, 9]"
EUC_2D2503,random_instance_2503_nodes_30,2503,EUC_2D,30,4.459102535742244,4.620061696472012,3.6097%,0.49506306648254395,"[19, 24, 10, 7, 28, 16, 30, 20, 8, 18, 2, 4, 26, 9, 6, 17, 5, 21, 13, 25, 27, 22, 12, 15, 29, 11, 23, 14, 3, 1, 19]"
EUC_2D2504,random_instance_2504_nodes_30,2504,EUC_2D,30,4.804855127515572,4.8399311651842165,0.7300%,0.17688965797424316,"[6, 24, 17, 16, 9, 14, 20, 7, 29, 19, 30, 8, 28, 15, 21, 22, 4, 2, 10, 12, 3, 26, 11, 23, 5, 27, 13, 1, 25, 18, 6]"
EUC_2D2506,random_instance_2506_nodes_30,2506,EUC_2D,30,4.7953891956201495,4.966900967795522,3.5766%,0.5114398002624512,"[28, 27, 26, 18, 5, 4, 22, 21, 25, 12, 24, 2, 3, 10, 11, 9, 20, 13, 19, 14, 6, 16, 15, 1, 23, 7, 8, 17, 29, 30, 28]"
EUC_2D2522,random_instance_2522_nodes_30,2522,EUC_2D,30,4.763112767532742,4.763112767532741,-0.0000%,0.3966543674468994,"[25, 5, 1, 13, 22, 19, 12, 29, 14, 27, 24, 15, 8, 23, 30, 26, 16, 21, 11, 20, 7, 18, 10, 2, 3, 28, 6, 17, 9, 4, 25]"
EUC_2D2529,random_instance_2529_nodes_30,2529,EUC_2D,30,4.815695035980029,4.818639218926698,0.0611%,0.1869211196899414,"[27, 9, 17, 20, 7, 3, 2, 26, 1, 12, 22, 4, 15, 25, 28, 16, 24, 23, 5, 13, 18, 14, 11, 30, 29, 8, 10, 21, 6, 19, 27]"
EUC_2D2532,random_instance_2532_nodes_30,2532,EUC_2D,30,4.501186944402643,4.8649567463902414,8.0816%,0.48519420623779297,"[20, 23, 15, 14, 1, 8, 21, 30, 5, 22, 13, 12, 10, 27, 7, 25, 17, 26, 2, 19, 18, 28, 16, 29, 9, 11, 24, 3, 6, 4, 20]"
EUC_2D2536,random_instance_2536_nodes_30,2536,EUC_2D,30,4.077790531533099,4.077790531533096,-0.0000%,0.4372217655181885,"[17, 1, 10, 18, 26, 14, 4, 28, 11, 21, 5, 15, 23, 19, 8, 7, 20, 2, 27, 24, 25, 22, 9, 12, 29, 3, 13, 6, 16, 30, 17]"
EUC_2D2546,random_instance_2546_nodes_30,2546,EUC_2D,30,4.540723482106102,4.562398019530367,0.4773%,0.19840574264526367,"[21, 5, 17, 25, 24, 6, 9, 28, 10, 23, 18, 19, 30, 22, 3, 2, 15, 20, 12, 7, 14, 27, 26, 16, 13, 1, 4, 8, 29, 11, 21]"
EUC_2D2547,random_instance_2547_nodes_30,2547,EUC_2D,30,4.245988934389015,4.245988934389013,-0.0000%,0.3844573497772217,"[18, 13, 22, 16, 2, 29, 25, 19, 3, 11, 6, 27, 5, 9, 30, 20, 24, 15, 21, 17, 12, 28, 23, 10, 8, 14, 4, 26, 1, 7, 18]"
EUC_2D2564,random_instance_2564_nodes_30,2564,EUC_2D,30,4.822807089180494,4.966261165292482,2.9745%,0.32206058502197266,"[4, 18, 23, 16, 3, 11, 27, 21, 14, 10, 30, 22, 7, 2, 28, 17, 5, 6, 29, 24, 19, 1, 20, 8, 25, 15, 13, 26, 12, 9, 4]"
EUC_2D2573,random_instance_2573_nodes_30,2573,EUC_2D,30,4.902639754951257,4.902639754951255,-0.0000%,0.34568214416503906,"[12, 20, 18, 9, 3, 4, 13, 15, 17, 26, 7, 1, 25, 30, 19, 21, 5, 14, 28, 24, 11, 8, 6, 23, 2, 16, 27, 10, 29, 22, 12]"
EUC_2D2579,random_instance_2579_nodes_30,2579,EUC_2D,30,4.690109711319321,4.804885746217245,2.4472%,0.9319002628326416,"[29, 30, 19, 3, 22, 23, 26, 28, 8, 13, 17, 2, 12, 24, 15, 5, 10, 4, 14, 20, 9, 21, 7, 25, 18, 16, 6, 11, 27, 1, 29]"
EUC_2D2584,random_instance_2584_nodes_30,2584,EUC_2D,30,4.64428480603116,4.820934643707599,3.8036%,0.6136043071746826,"[30, 25, 14, 16, 26, 15, 17, 13, 6, 28, 18, 11, 2, 3, 12, 9, 10, 20, 7, 8, 29, 5, 1, 24, 22, 19, 27, 21, 4, 23, 30]"
EUC_2D2591,random_instance_2591_nodes_30,2591,EUC_2D,30,4.780733913562369,4.852059632435828,1.4919%,0.458906888961792,"[21, 29, 5, 1, 24, 28, 16, 22, 6, 10, 8, 2, 25, 17, 19, 13, 20, 15, 14, 18, 23, 30, 7, 12, 27, 26, 9, 3, 11, 4, 21]"
EUC_2D2594,random_instance_2594_nodes_30,2594,EUC_2D,30,3.975581884769297,4.14539663570345,4.2714%,0.7730660438537598,"[1, 20, 2, 5, 30, 8, 25, 11, 21, 4, 24, 7, 3, 22, 29, 23, 10, 13, 12, 27, 18, 14, 19, 28, 6, 16, 9, 15, 17, 26, 1]"
EUC_2D2607,random_instance_2607_nodes_30,2607,EUC_2D,30,4.426780229149173,4.7618806819777,7.5698%,0.5779604911804199,"[18, 8, 23, 9, 17, 2, 19, 29, 7, 4, 26, 15, 16, 12, 14, 27, 5, 30, 24, 10, 20, 1, 25, 13, 6, 21, 28, 3, 11, 22, 18]"
EUC_2D2608,random_instance_2608_nodes_30,2608,EUC_2D,30,4.554334444364758,4.62617770648485,1.5775%,0.2905750274658203,"[6, 29, 10, 11, 16, 19, 4, 22, 25, 7, 9, 26, 1, 12, 15, 21, 14, 18, 5, 13, 2, 23, 30, 20, 27, 24, 17, 3, 28, 8, 6]"
EUC_2D2615,random_instance_2615_nodes_30,2615,EUC_2D,30,4.33371324601153,4.49457177010702,3.7118%,0.8682346343994141,"[9, 4, 17, 27, 5, 1, 29, 8, 25, 21, 6, 19, 14, 20, 3, 13, 24, 16, 28, 26, 15, 30, 22, 12, 10, 7, 2, 23, 18, 11, 9]"
EUC_2D2621,random_instance_2621_nodes_30,2621,EUC_2D,30,4.481260657659686,4.635577258937377,3.4436%,0.6437926292419434,"[2, 16, 28, 13, 22, 1, 24, 11, 6, 4, 21, 26, 7, 12, 18, 15, 20, 8, 25, 10, 30, 9, 23, 5, 14, 17, 27, 3, 19, 29, 2]"
EUC_2D2634,random_instance_2634_nodes_30,2634,EUC_2D,30,4.732091860003669,4.768561057459452,0.7707%,0.23445749282836914,"[1, 7, 28, 15, 3, 5, 13, 10, 2, 12, 29, 21, 30, 11, 23, 27, 17, 18, 6, 9, 20, 16, 14, 26, 24, 19, 8, 22, 4, 25, 1]"
EUC_2D2646,random_instance_2646_nodes_30,2646,EUC_2D,30,4.197530102176185,4.226499512537084,0.6902%,0.38384437561035156,"[24, 27, 29, 22, 28, 20, 7, 18, 14, 2, 9, 17, 13, 30, 8, 6, 10, 11, 23, 25, 19, 12, 4, 5, 15, 21, 3, 1, 16, 26, 24]"
EUC_2D2647,random_instance_2647_nodes_30,2647,EUC_2D,30,4.151172563096922,4.217631611211515,1.6010%,0.22879409790039062,"[2, 4, 17, 30, 22, 12, 6, 9, 28, 13, 16, 18, 8, 7, 11, 1, 14, 20, 21, 25, 5, 3, 15, 24, 19, 29, 27, 23, 10, 26, 2]"
EUC_2D2662,random_instance_2662_nodes_30,2662,EUC_2D,30,4.829420294418862,4.829420294418861,-0.0000%,0.4297325611114502,"[8, 21, 20, 23, 2, 30, 24, 12, 3, 10, 6, 22, 14, 9, 17, 5, 25, 18, 13, 16, 7, 1, 28, 19, 11, 4, 15, 27, 26, 29, 8]"
EUC_2D2664,random_instance_2664_nodes_30,2664,EUC_2D,30,4.207649052751403,4.207649052751401,-0.0000%,0.49215149879455566,"[11, 28, 15, 12, 21, 3, 10, 29, 9, 6, 22, 30, 2, 1, 7, 17, 23, 8, 20, 18, 16, 4, 26, 25, 19, 5, 27, 14, 13, 24, 11]"
EUC_2D2677,random_instance_2677_nodes_30,2677,EUC_2D,30,4.645655375372951,4.6766409234548565,0.6670%,0.1865842342376709,"[4, 5, 1, 27, 14, 18, 30, 21, 12, 16, 28, 19, 2, 7, 15, 17, 6, 29, 23, 8, 22, 24, 25, 11, 3, 20, 10, 13, 26, 9, 4]"
EUC_2D2683,random_instance_2683_nodes_30,2683,EUC_2D,30,4.798681126280836,4.8475324100841215,1.0180%,0.6826505661010742,"[3, 25, 19, 10, 8, 27, 21, 1, 30, 7, 5, 14, 23, 20, 28, 12, 16, 24, 9, 11, 17, 6, 26, 13, 29, 18, 22, 4, 15, 2, 3]"
EUC_2D2697,random_instance_2697_nodes_30,2697,EUC_2D,30,4.072532946871214,4.072532946871212,-0.0000%,0.19246244430541992,"[5, 10, 15, 22, 4, 13, 28, 19, 8, 24, 26, 14, 25, 17, 11, 29, 12, 18, 23, 2, 3, 30, 16, 27, 7, 6, 20, 1, 21, 9, 5]"
EUC_2D2704,random_instance_2704_nodes_30,2704,EUC_2D,30,4.055538227012027,4.237503063321633,4.4868%,0.4488201141357422,"[19, 12, 26, 23, 7, 14, 18, 1, 9, 30, 16, 22, 28, 17, 27, 29, 5, 4, 13, 11, 25, 8, 20, 15, 2, 3, 6, 24, 10, 21, 19]"
EUC_2D2705,random_instance_2705_nodes_30,2705,EUC_2D,30,4.620118162413484,4.620118162413487,0.0000%,0.811347246170044,"[4, 14, 10, 5, 8, 19, 12, 27, 28, 3, 15, 17, 20, 7, 23, 29, 13, 18, 2, 21, 11, 6, 22, 24, 25, 30, 16, 9, 1, 26, 4]"
EUC_2D2718,random_instance_2718_nodes_30,2718,EUC_2D,30,4.243898520315336,4.243898520315334,-0.0000%,0.2524142265319824,"[8, 15, 6, 27, 14, 17, 10, 13, 5, 2, 4, 11, 1, 22, 20, 7, 29, 26, 18, 16, 19, 28, 21, 3, 24, 12, 23, 25, 30, 9, 8]"
EUC_2D2724,random_instance_2724_nodes_30,2724,EUC_2D,30,4.563906423905736,4.5977516937292435,0.7416%,0.43002772331237793,"[20, 24, 27, 28, 18, 9, 21, 6, 17, 11, 14, 22, 25, 15, 2, 23, 26, 5, 13, 19, 1, 8, 3, 10, 16, 4, 30, 29, 7, 12, 20]"
EUC_2D2725,random_instance_2725_nodes_30,2725,EUC_2D,30,4.1674952958367015,4.167495295836701,-0.0000%,0.5555665493011475,"[12, 1, 14, 13, 6, 25, 20, 21, 7, 22, 19, 28, 9, 3, 29, 18, 11, 24, 27, 26, 8, 30, 10, 17, 16, 4, 15, 5, 23, 2, 12]"
EUC_2D2749,random_instance_2749_nodes_30,2749,EUC_2D,30,4.557107338997834,4.683434674295992,2.7721%,0.46611785888671875,"[20, 1, 10, 23, 8, 16, 9, 24, 3, 6, 15, 25, 2, 12, 27, 7, 26, 4, 14, 29, 17, 13, 18, 22, 21, 28, 5, 30, 11, 19, 20]"
EUC_2D2780,random_instance_2780_nodes_30,2780,EUC_2D,30,4.259355509201931,4.444684907668791,4.3511%,1.0885941982269287,"[6, 7, 27, 10, 21, 16, 15, 23, 4, 12, 2, 1, 28, 20, 13, 8, 3, 11, 17, 26, 18, 14, 24, 19, 30, 22, 25, 9, 5, 29, 6]"
EUC_2D2803,random_instance_2803_nodes_30,2803,EUC_2D,30,4.7761071883977255,4.776107188397724,-0.0000%,0.3777730464935303,"[27, 3, 10, 26, 22, 28, 15, 1, 2, 25, 6, 14, 24, 5, 8, 17, 18, 20, 4, 11, 7, 16, 19, 12, 21, 9, 23, 29, 13, 30, 27]"
EUC_2D2847,random_instance_2847_nodes_30,2847,EUC_2D,30,4.793726448087901,4.806951951984701,0.2759%,0.22768092155456543,"[9, 21, 12, 27, 7, 16, 10, 20, 13, 14, 18, 2, 28, 4, 6, 15, 29, 22, 30, 24, 1, 5, 8, 19, 25, 26, 3, 11, 17, 23, 9]"
EUC_2D2851,random_instance_2851_nodes_30,2851,EUC_2D,30,4.235942261200723,4.235942261200719,-0.0000%,0.34623098373413086,"[14, 11, 1, 2, 4, 9, 20, 16, 5, 28, 15, 8, 30, 6, 13, 27, 25, 19, 10, 22, 7, 26, 21, 24, 29, 12, 17, 3, 18, 23, 14]"
EUC_2D2870,random_instance_2870_nodes_30,2870,EUC_2D,30,4.370174587528342,4.480703884747162,2.5292%,0.7562050819396973,"[14, 18, 4, 27, 5, 29, 2, 11, 22, 7, 3, 12, 24, 17, 9, 10, 30, 20, 6, 28, 13, 8, 19, 25, 1, 23, 16, 21, 15, 26, 14]"
EUC_2D2881,random_instance_2881_nodes_30,2881,EUC_2D,30,4.325312341605233,4.367906347501135,0.9848%,0.5432782173156738,"[18, 21, 24, 1, 7, 28, 10, 27, 14, 30, 5, 8, 11, 13, 16, 3, 6, 26, 19, 9, 15, 25, 2, 22, 23, 12, 4, 17, 29, 20, 18]"
EUC_2D2885,random_instance_2885_nodes_30,2885,EUC_2D,30,4.333046269829909,4.374438304209978,0.9553%,0.7128863334655762,"[5, 1, 3, 10, 30, 27, 8, 21, 4, 23, 16, 7, 19, 17, 20, 15, 26, 12, 24, 9, 22, 28, 11, 13, 14, 18, 2, 29, 6, 25, 5]"
EUC_2D2900,random_instance_2900_nodes_30,2900,EUC_2D,30,4.903144289220271,4.937828070326944,0.7074%,0.5058228969573975,"[16, 20, 6, 15, 17, 5, 4, 29, 21, 14, 9, 24, 10, 22, 2, 1, 12, 30, 28, 13, 7, 26, 27, 19, 8, 3, 18, 11, 23, 25, 16]"
EUC_2D2925,random_instance_2925_nodes_30,2925,EUC_2D,30,4.416456891695488,4.608307854416383,4.3440%,0.4563570022583008,"[8, 21, 12, 16, 28, 2, 26, 7, 23, 4, 19, 11, 14, 1, 5, 25, 27, 13, 22, 30, 17, 15, 29, 6, 10, 3, 24, 18, 20, 9, 8]"
EUC_2D2927,random_instance_2927_nodes_30,2927,EUC_2D,30,5.143487509646825,5.16204357919743,0.3608%,0.17680621147155762,"[25, 13, 20, 17, 10, 9, 6, 30, 8, 29, 14, 24, 3, 28, 11, 22, 18, 2, 26, 12, 23, 21, 7, 15, 1, 27, 5, 4, 16, 19, 25]"
EUC_2D2938,random_instance_2938_nodes_30,2938,EUC_2D,30,3.9086900848113104,4.080657056247408,4.3996%,0.5646448135375977,"[8, 24, 7, 16, 10, 6, 11, 12, 18, 29, 20, 13, 5, 14, 27, 1, 17, 21, 28, 9, 15, 3, 22, 30, 25, 26, 2, 19, 23, 4, 8]"
EUC_2D2939,random_instance_2939_nodes_30,2939,EUC_2D,30,4.380236103142319,4.380236103142317,-0.0000%,0.2788383960723877,"[4, 29, 14, 20, 6, 12, 30, 11, 17, 8, 9, 3, 24, 26, 13, 18, 22, 10, 19, 1, 7, 21, 15, 5, 16, 28, 25, 23, 2, 27, 4]"
EUC_2D2973,random_instance_2973_nodes_30,2973,EUC_2D,30,4.439680335789626,4.439680335789625,-0.0000%,0.15963411331176758,"[11, 29, 14, 7, 3, 28, 12, 8, 6, 23, 16, 25, 20, 26, 1, 22, 2, 13, 30, 5, 27, 24, 17, 21, 15, 19, 4, 18, 10, 9, 11]"
EUC_2D2977,random_instance_2977_nodes_30,2977,EUC_2D,30,4.865456594938345,4.879668440489664,0.2921%,0.0898444652557373,"[26, 19, 13, 1, 25, 6, 20, 18, 15, 24, 11, 14, 23, 28, 16, 7, 9, 22, 29, 8, 27, 21, 10, 3, 5, 30, 17, 12, 2, 4, 26]"
EUC_2D2979,random_instance_2979_nodes_30,2979,EUC_2D,30,4.315636664588602,4.370941905676211,1.2815%,0.18381953239440918,"[25, 8, 21, 10, 27, 18, 26, 14, 24, 6, 11, 2, 30, 22, 23, 20, 28, 17, 5, 7, 15, 16, 29, 13, 4, 1, 9, 3, 19, 12, 25]"
EUC_2D3006,random_instance_3006_nodes_30,3006,EUC_2D,30,4.054442404257981,4.05444240425798,-0.0000%,0.11963081359863281,"[15, 8, 18, 29, 20, 30, 12, 3, 9, 1, 17, 11, 27, 25, 19, 2, 7, 23, 6, 16, 13, 26, 10, 22, 14, 5, 28, 21, 4, 24, 15]"
EUC_2D3020,random_instance_3020_nodes_30,3020,EUC_2D,30,4.432446032039378,4.524904083265363,2.0859%,0.3224649429321289,"[16, 27, 7, 10, 29, 13, 2, 25, 30, 26, 15, 1, 12, 9, 3, 21, 5, 24, 4, 20, 18, 11, 6, 23, 19, 22, 8, 17, 28, 14, 16]"
EUC_2D3033,random_instance_3033_nodes_30,3033,EUC_2D,30,4.433743553872343,4.465923435244415,0.7258%,0.26142144203186035,"[23, 25, 2, 22, 11, 26, 19, 24, 16, 27, 4, 17, 3, 9, 14, 7, 12, 30, 21, 1, 29, 8, 20, 6, 10, 28, 13, 18, 15, 5, 23]"
EUC_2D3044,random_instance_3044_nodes_30,3044,EUC_2D,30,4.250956304468844,4.362334428126594,2.6201%,0.6254901885986328,"[29, 23, 19, 11, 30, 17, 8, 18, 4, 27, 26, 24, 22, 15, 25, 10, 3, 9, 2, 14, 16, 13, 21, 12, 28, 5, 20, 1, 6, 7, 29]"
EUC_2D3073,random_instance_3073_nodes_30,3073,EUC_2D,30,4.19367966717197,4.321081538317014,3.0379%,0.4557645320892334,"[6, 12, 20, 13, 7, 27, 19, 16, 24, 3, 2, 25, 21, 14, 30, 1, 9, 28, 5, 8, 4, 23, 22, 18, 10, 29, 15, 26, 11, 17, 6]"
EUC_2D3090,random_instance_3090_nodes_30,3090,EUC_2D,30,4.002190346094048,4.0021903460940464,-0.0000%,0.2939169406890869,"[27, 1, 7, 11, 20, 3, 8, 16, 24, 2, 17, 26, 10, 14, 23, 25, 12, 6, 13, 15, 28, 22, 30, 21, 5, 4, 9, 18, 29, 19, 27]"
EUC_2D3111,random_instance_3111_nodes_30,3111,EUC_2D,30,4.798502798176994,4.798502798176993,-0.0000%,0.45696330070495605,"[10, 21, 19, 2, 23, 1, 9, 25, 22, 30, 7, 11, 12, 3, 14, 6, 17, 29, 27, 8, 15, 13, 16, 28, 20, 5, 18, 26, 4, 24, 10]"
EUC_2D3114,random_instance_3114_nodes_30,3114,EUC_2D,30,4.54589147183967,4.620668918793856,1.6449%,0.40865492820739746,"[11, 15, 13, 22, 10, 28, 19, 30, 29, 21, 9, 26, 25, 4, 3, 1, 6, 14, 5, 8, 27, 24, 7, 18, 17, 20, 2, 16, 12, 23, 11]"
EUC_2D3116,random_instance_3116_nodes_30,3116,EUC_2D,30,4.354066226269337,4.377898433010255,0.5474%,0.16147303581237793,"[11, 2, 14, 12, 22, 26, 19, 15, 1, 28, 3, 9, 4, 20, 5, 23, 25, 8, 27, 17, 21, 7, 30, 29, 18, 13, 16, 6, 24, 10, 11]"
EUC_2D3119,random_instance_3119_nodes_30,3119,EUC_2D,30,5.525718731841977,5.622835321280649,1.7575%,0.2997477054595947,"[11, 6, 25, 26, 28, 2, 29, 3, 15, 16, 5, 17, 12, 8, 20, 10, 7, 21, 19, 24, 13, 1, 9, 27, 30, 4, 14, 18, 23, 22, 11]"
EUC_2D3122,random_instance_3122_nodes_30,3122,EUC_2D,30,5.350597991261191,5.499195044579256,2.7772%,0.7122325897216797,"[26, 11, 3, 19, 8, 18, 30, 25, 21, 29, 6, 20, 13, 5, 4, 15, 28, 10, 1, 9, 24, 17, 14, 2, 7, 12, 22, 16, 27, 23, 26]"
EUC_2D3130,random_instance_3130_nodes_30,3130,EUC_2D,30,4.14221448095443,4.142214480954428,-0.0000%,0.9423136711120605,"[25, 15, 3, 22, 16, 18, 1, 5, 13, 20, 7, 9, 28, 24, 10, 2, 14, 30, 27, 6, 21, 8, 12, 11, 19, 17, 23, 26, 29, 4, 25]"
EUC_2D3138,random_instance_3138_nodes_30,3138,EUC_2D,30,4.7742560658697935,4.7742560658697935,0.0000%,0.09766125679016113,"[14, 9, 3, 27, 23, 19, 18, 29, 21, 11, 2, 7, 13, 5, 4, 15, 17, 16, 12, 25, 24, 1, 26, 10, 28, 20, 22, 6, 30, 8, 14]"
EUC_2D3139,random_instance_3139_nodes_30,3139,EUC_2D,30,4.571736479000866,4.74535128584887,3.7976%,0.682197093963623,"[2, 28, 6, 17, 11, 16, 26, 10, 27, 20, 13, 19, 1, 23, 12, 24, 15, 3, 18, 21, 14, 8, 4, 29, 9, 5, 7, 25, 30, 22, 2]"
EUC_2D3143,random_instance_3143_nodes_30,3143,EUC_2D,30,4.449454310355556,4.477713855683125,0.6351%,0.30913662910461426,"[23, 26, 24, 29, 16, 28, 9, 14, 12, 15, 7, 3, 22, 17, 25, 1, 18, 13, 6, 27, 10, 19, 20, 21, 11, 30, 4, 2, 8, 5, 23]"
EUC_2D3150,random_instance_3150_nodes_30,3150,EUC_2D,30,4.409792839364159,4.821824480004327,9.3436%,0.3867015838623047,"[13, 23, 26, 27, 10, 14, 25, 30, 9, 12, 16, 21, 20, 15, 28, 4, 19, 2, 18, 22, 3, 1, 7, 29, 24, 6, 8, 17, 5, 11, 13]"
EUC_2D3155,random_instance_3155_nodes_30,3155,EUC_2D,30,4.697383054270349,4.78872604251292,1.9446%,0.5602209568023682,"[6, 12, 14, 26, 9, 25, 10, 30, 19, 3, 22, 17, 20, 1, 18, 15, 28, 24, 11, 4, 23, 2, 27, 7, 5, 13, 21, 16, 29, 8, 6]"
EUC_2D3164,random_instance_3164_nodes_30,3164,EUC_2D,30,4.738945535100308,4.939552782905802,4.2332%,0.4368305206298828,"[10, 6, 4, 30, 8, 20, 13, 18, 15, 19, 3, 2, 1, 7, 16, 23, 14, 12, 27, 21, 26, 5, 11, 25, 28, 17, 22, 24, 29, 9, 10]"
EUC_2D3180,random_instance_3180_nodes_30,3180,EUC_2D,30,4.05426565587725,4.054265655877249,-0.0000%,0.290407657623291,"[24, 20, 5, 6, 13, 21, 22, 10, 1, 18, 27, 11, 16, 3, 28, 26, 8, 7, 15, 23, 9, 12, 14, 25, 2, 30, 4, 17, 19, 29, 24]"
EUC_2D3185,random_instance_3185_nodes_30,3185,EUC_2D,30,4.371932975850258,4.445900659169292,1.6919%,0.20150208473205566,"[12, 24, 13, 16, 15, 9, 11, 21, 26, 6, 2, 1, 14, 5, 30, 17, 4, 20, 25, 28, 22, 3, 29, 8, 7, 19, 18, 23, 10, 27, 12]"
EUC_2D3228,random_instance_3228_nodes_30,3228,EUC_2D,30,4.891341971230502,5.001340274136075,2.2488%,0.7573626041412354,"[21, 13, 28, 20, 4, 3, 18, 24, 2, 5, 16, 30, 6, 19, 29, 25, 10, 22, 26, 14, 12, 23, 27, 17, 11, 15, 7, 9, 8, 1, 21]"
EUC_2D3241,random_instance_3241_nodes_30,3241,EUC_2D,30,4.59903585607271,4.59903585607271,0.0000%,0.20086932182312012,"[30, 21, 10, 20, 25, 28, 14, 24, 16, 22, 18, 7, 27, 12, 15, 2, 1, 23, 8, 3, 11, 6, 17, 19, 13, 29, 26, 5, 4, 9, 30]"
EUC_2D3249,random_instance_3249_nodes_30,3249,EUC_2D,30,5.0059784456811025,5.108841324869375,2.0548%,0.4313087463378906,"[25, 20, 26, 4, 15, 9, 3, 17, 14, 12, 6, 29, 18, 27, 30, 13, 22, 23, 5, 21, 2, 28, 11, 16, 8, 7, 1, 10, 19, 24, 25]"
EUC_2D3257,random_instance_3257_nodes_30,3257,EUC_2D,30,4.2608786228229425,4.260878622822941,-0.0000%,0.18364667892456055,"[21, 24, 6, 26, 29, 5, 14, 13, 17, 9, 23, 10, 15, 27, 8, 22, 25, 12, 28, 20, 3, 1, 2, 4, 19, 16, 30, 18, 11, 7, 21]"
EUC_2D3258,random_instance_3258_nodes_30,3258,EUC_2D,30,4.309769232290834,4.364326906392045,1.2659%,0.4742269515991211,"[18, 22, 14, 20, 5, 28, 16, 2, 6, 27, 25, 1, 7, 19, 29, 21, 30, 24, 13, 11, 8, 9, 26, 3, 17, 23, 4, 12, 15, 10, 18]"
EUC_2D3262,random_instance_3262_nodes_30,3262,EUC_2D,30,4.413028379509425,4.5343431851942135,2.7490%,0.5902597904205322,"[14, 26, 3, 25, 24, 2, 1, 27, 22, 10, 8, 5, 29, 30, 17, 13, 12, 28, 7, 9, 6, 20, 11, 16, 18, 4, 15, 23, 19, 21, 14]"
EUC_2D3266,random_instance_3266_nodes_30,3266,EUC_2D,30,4.551176372853954,4.606783906219923,1.2218%,0.3329946994781494,"[26, 23, 28, 4, 24, 7, 22, 13, 11, 10, 5, 9, 17, 15, 27, 20, 12, 18, 30, 16, 6, 25, 2, 21, 3, 19, 29, 8, 14, 1, 26]"
EUC_2D3269,random_instance_3269_nodes_30,3269,EUC_2D,30,4.737462795632129,4.767713499901163,0.6385%,0.19202661514282227,"[26, 5, 18, 25, 6, 16, 22, 30, 3, 19, 27, 9, 1, 7, 2, 23, 13, 17, 29, 24, 28, 14, 11, 15, 8, 4, 10, 12, 20, 21, 26]"
EUC_2D3295,random_instance_3295_nodes_30,3295,EUC_2D,30,4.679642207886949,4.790183913507466,2.3622%,0.9287943840026855,"[17, 3, 13, 16, 27, 10, 30, 28, 24, 1, 29, 11, 21, 25, 6, 8, 26, 23, 19, 12, 2, 7, 14, 9, 4, 15, 5, 22, 20, 18, 17]"
ATT6,random_instance_6_nodes_10,6,ATT,10,7933.0,7933.0,0.0000%,0.031157255172729492,"[9, 4, 10, 5, 7, 6, 8, 1, 2, 3, 9]"
ATT9,random_instance_9_nodes_10,9,ATT,10,9243.0,9243.0,0.0000%,0.028323888778686523,"[2, 5, 3, 1, 10, 6, 4, 8, 7, 9, 2]"
ATT18,random_instance_18_nodes_10,18,ATT,10,11990.0,12081.0,0.7590%,0.028438568115234375,"[7, 2, 4, 3, 6, 1, 10, 9, 5, 8, 7]"
ATT27,random_instance_27_nodes_10,27,ATT,10,9683.0,9683.0,0.0000%,0.03810906410217285,"[5, 8, 3, 6, 9, 2, 7, 10, 4, 1, 5]"
ATT35,random_instance_35_nodes_10,35,ATT,10,8729.0,8729.0,0.0000%,0.026095151901245117,"[5, 7, 2, 3, 9, 4, 10, 1, 6, 8, 5]"
ATT42,random_instance_42_nodes_10,42,ATT,10,7233.0,7233.0,0.0000%,0.03978252410888672,"[4, 2, 1, 8, 5, 3, 9, 10, 6, 7, 4]"
ATT43,random_instance_43_nodes_10,43,ATT,10,11264.0,11264.0,0.0000%,0.018702983856201172,"[9, 8, 3, 2, 4, 7, 5, 6, 1, 10, 9]"
ATT53,random_instance_53_nodes_10,53,ATT,10,6832.0,6832.0,0.0000%,0.018498659133911133,"[5, 9, 3, 2, 6, 4, 7, 8, 1, 10, 5]"
ATT58,random_instance_58_nodes_10,58,ATT,10,8393.0,8393.0,0.0000%,0.017156600952148438,"[5, 2, 8, 7, 10, 1, 4, 3, 9, 6, 5]"
ATT90,random_instance_90_nodes_10,90,ATT,10,10154.0,10154.0,0.0000%,0.017293453216552734,"[2, 6, 3, 5, 10, 9, 8, 1, 7, 4, 2]"
ATT96,random_instance_96_nodes_10,96,ATT,10,7705.0,7705.0,0.0000%,0.015676021575927734,"[8, 6, 7, 5, 9, 2, 1, 10, 3, 4, 8]"
ATT106,random_instance_106_nodes_10,106,ATT,10,7105.0,7105.0,0.0000%,0.023668766021728516,"[7, 9, 4, 1, 5, 8, 3, 6, 2, 10, 7]"
ATT117,random_instance_117_nodes_10,117,ATT,10,10037.0,10037.0,0.0000%,0.022137165069580078,"[4, 1, 3, 10, 2, 6, 5, 7, 8, 9, 4]"
ATT128,random_instance_128_nodes_10,128,ATT,10,9755.0,9755.0,0.0000%,0.02968430519104004,"[1, 3, 10, 7, 4, 8, 9, 5, 6, 2, 1]"
ATT152,random_instance_152_nodes_10,152,ATT,10,8609.0,8609.0,0.0000%,0.027712345123291016,"[5, 10, 1, 9, 3, 8, 7, 2, 4, 6, 5]"
ATT158,random_instance_158_nodes_10,158,ATT,10,8115.0,8115.0,0.0000%,0.04311347007751465,"[8, 4, 3, 1, 10, 7, 9, 5, 2, 6, 8]"
ATT166,random_instance_166_nodes_10,166,ATT,10,9010.0,9010.0,0.0000%,0.061987876892089844,"[10, 7, 5, 9, 1, 8, 3, 4, 6, 2, 10]"
ATT188,random_instance_188_nodes_10,188,ATT,10,9731.0,9731.0,0.0000%,0.04260420799255371,"[2, 3, 5, 10, 1, 9, 6, 7, 8, 4, 2]"
ATT200,random_instance_200_nodes_10,200,ATT,10,8769.0,8769.0,0.0000%,0.04463696479797363,"[4, 1, 10, 5, 7, 3, 8, 9, 2, 6, 4]"
ATT207,random_instance_207_nodes_10,207,ATT,10,11887.0,11977.0,0.7571%,0.05452704429626465,"[1, 5, 4, 7, 8, 9, 10, 2, 6, 3, 1]"
ATT224,random_instance_224_nodes_10,224,ATT,10,7910.0,8109.0,2.5158%,0.06052589416503906,"[4, 1, 3, 6, 8, 2, 7, 5, 9, 10, 4]"
ATT231,random_instance_231_nodes_10,231,ATT,10,6725.0,6725.0,0.0000%,0.023689985275268555,"[1, 7, 10, 2, 5, 6, 3, 9, 4, 8, 1]"
ATT241,random_instance_241_nodes_10,241,ATT,10,7289.0,7289.0,0.0000%,0.026532411575317383,"[1, 4, 5, 6, 9, 8, 10, 2, 7, 3, 1]"
ATT251,random_instance_251_nodes_10,251,ATT,10,7615.0,7615.0,0.0000%,0.021381616592407227,"[7, 10, 1, 3, 6, 5, 8, 9, 2, 4, 7]"
ATT282,random_instance_282_nodes_10,282,ATT,10,8830.0,8830.0,0.0000%,0.015462160110473633,"[1, 10, 8, 7, 2, 6, 9, 5, 3, 4, 1]"
ATT317,random_instance_317_nodes_10,317,ATT,10,9868.0,9868.0,0.0000%,0.01566910743713379,"[9, 3, 5, 2, 1, 4, 10, 8, 7, 6, 9]"
ATT319,random_instance_319_nodes_10,319,ATT,10,7287.0,7287.0,0.0000%,0.01613593101501465,"[7, 1, 10, 4, 5, 8, 2, 9, 6, 3, 7]"
ATT320,random_instance_320_nodes_10,320,ATT,10,9620.0,9620.0,0.0000%,0.02793097496032715,"[5, 8, 6, 1, 9, 3, 4, 7, 2, 10, 5]"
ATT333,random_instance_333_nodes_10,333,ATT,10,9086.0,9086.0,0.0000%,0.02067852020263672,"[2, 8, 10, 6, 4, 5, 9, 7, 3, 1, 2]"
ATT339,random_instance_339_nodes_10,339,ATT,10,8598.0,8598.0,0.0000%,0.014375925064086914,"[7, 10, 9, 6, 5, 4, 8, 1, 2, 3, 7]"
ATT344,random_instance_344_nodes_10,344,ATT,10,9045.0,9045.0,0.0000%,0.03234720230102539,"[6, 10, 4, 3, 2, 7, 8, 1, 5, 9, 6]"
ATT387,random_instance_387_nodes_10,387,ATT,10,9837.0,9837.0,0.0000%,0.02923727035522461,"[9, 3, 8, 5, 10, 2, 7, 4, 6, 1, 9]"
ATT400,random_instance_400_nodes_10,400,ATT,10,9823.0,9823.0,0.0000%,0.021495342254638672,"[10, 9, 5, 2, 7, 6, 8, 1, 4, 3, 10]"
ATT406,random_instance_406_nodes_10,406,ATT,10,9552.0,9552.0,0.0000%,0.020398616790771484,"[5, 10, 7, 8, 6, 3, 9, 4, 1, 2, 5]"
ATT409,random_instance_409_nodes_10,409,ATT,10,8090.0,8090.0,0.0000%,0.045532941818237305,"[3, 4, 9, 7, 1, 8, 6, 10, 5, 2, 3]"
ATT420,random_instance_420_nodes_10,420,ATT,10,8380.0,8380.0,0.0000%,0.04070162773132324,"[1, 5, 6, 4, 8, 2, 10, 9, 3, 7, 1]"
ATT423,random_instance_423_nodes_10,423,ATT,10,7897.0,7897.0,0.0000%,0.0383448600769043,"[8, 4, 10, 6, 5, 3, 9, 7, 2, 1, 8]"
ATT434,random_instance_434_nodes_10,434,ATT,10,9764.0,10212.0,4.5883%,0.027659893035888672,"[10, 1, 6, 5, 3, 7, 4, 2, 9, 8, 10]"
ATT441,random_instance_441_nodes_10,441,ATT,10,8807.0,8807.0,0.0000%,0.018915414810180664,"[1, 2, 8, 5, 9, 10, 3, 4, 6, 7, 1]"
ATT444,random_instance_444_nodes_10,444,ATT,10,10309.0,10309.0,0.0000%,0.019394397735595703,"[5, 4, 1, 3, 7, 2, 10, 6, 9, 8, 5]"
ATT452,random_instance_452_nodes_10,452,ATT,10,7168.0,7168.0,0.0000%,0.04233813285827637,"[7, 9, 6, 10, 2, 1, 4, 5, 8, 3, 7]"
ATT470,random_instance_470_nodes_10,470,ATT,10,8865.0,8865.0,0.0000%,0.038346290588378906,"[7, 8, 4, 9, 6, 3, 2, 5, 1, 10, 7]"
ATT472,random_instance_472_nodes_10,472,ATT,10,8338.0,8338.0,0.0000%,0.01834702491760254,"[2, 8, 4, 9, 5, 6, 3, 1, 10, 7, 2]"
ATT474,random_instance_474_nodes_10,474,ATT,10,10387.0,10387.0,0.0000%,0.030935287475585938,"[10, 9, 7, 3, 6, 5, 4, 1, 2, 8, 10]"
ATT475,random_instance_475_nodes_10,475,ATT,10,7841.0,7841.0,0.0000%,0.02875065803527832,"[1, 3, 6, 8, 7, 4, 9, 2, 10, 5, 1]"
ATT488,random_instance_488_nodes_10,488,ATT,10,8742.0,8742.0,0.0000%,0.019483089447021484,"[5, 3, 7, 8, 10, 9, 6, 4, 1, 2, 5]"
ATT508,random_instance_508_nodes_10,508,ATT,10,9891.0,9891.0,0.0000%,0.01838207244873047,"[5, 10, 8, 6, 1, 3, 2, 9, 7, 4, 5]"
ATT514,random_instance_514_nodes_10,514,ATT,10,11606.0,11606.0,0.0000%,0.01917243003845215,"[1, 4, 2, 9, 5, 6, 8, 7, 10, 3, 1]"
ATT520,random_instance_520_nodes_10,520,ATT,10,10561.0,10561.0,0.0000%,0.017552852630615234,"[7, 8, 3, 5, 10, 4, 9, 2, 1, 6, 7]"
ATT525,random_instance_525_nodes_10,525,ATT,10,9189.0,9189.0,0.0000%,0.0258638858795166,"[4, 2, 3, 7, 8, 1, 5, 9, 6, 10, 4]"
ATT534,random_instance_534_nodes_10,534,ATT,10,8155.0,8155.0,0.0000%,0.016012907028198242,"[8, 2, 10, 7, 5, 4, 3, 6, 9, 1, 8]"
ATT588,random_instance_588_nodes_10,588,ATT,10,9423.0,9423.0,0.0000%,0.016564369201660156,"[7, 10, 2, 8, 5, 4, 6, 3, 9, 1, 7]"
ATT590,random_instance_590_nodes_10,590,ATT,10,8546.0,8546.0,0.0000%,0.014273881912231445,"[6, 8, 9, 7, 5, 4, 2, 1, 3, 10, 6]"
ATT601,random_instance_601_nodes_10,601,ATT,10,8835.0,8835.0,0.0000%,0.017692089080810547,"[2, 5, 9, 3, 1, 6, 4, 10, 7, 8, 2]"
ATT606,random_instance_606_nodes_10,606,ATT,10,9793.0,9793.0,0.0000%,0.023220300674438477,"[2, 1, 7, 10, 8, 3, 5, 6, 4, 9, 2]"
ATT626,random_instance_626_nodes_10,626,ATT,10,6587.0,6587.0,0.0000%,0.037821054458618164,"[1, 5, 10, 3, 8, 7, 6, 4, 2, 9, 1]"
ATT634,random_instance_634_nodes_10,634,ATT,10,8441.0,8441.0,0.0000%,0.023952960968017578,"[1, 2, 7, 6, 9, 4, 8, 5, 3, 10, 1]"
ATT651,random_instance_651_nodes_10,651,ATT,10,10616.0,10616.0,0.0000%,0.022440195083618164,"[2, 3, 4, 8, 5, 10, 7, 1, 6, 9, 2]"
ATT653,random_instance_653_nodes_10,653,ATT,10,7908.0,7908.0,0.0000%,0.024205923080444336,"[2, 10, 9, 8, 1, 4, 3, 5, 7, 6, 2]"
ATT659,random_instance_659_nodes_10,659,ATT,10,10095.0,10131.0,0.3566%,0.024216413497924805,"[7, 1, 2, 8, 9, 4, 10, 3, 5, 6, 7]"
ATT672,random_instance_672_nodes_10,672,ATT,10,9286.0,9286.0,0.0000%,0.02044820785522461,"[2, 3, 9, 1, 7, 5, 10, 6, 4, 8, 2]"
ATT685,random_instance_685_nodes_10,685,ATT,10,9572.0,9572.0,0.0000%,0.03883671760559082,"[4, 9, 8, 1, 3, 2, 10, 6, 5, 7, 4]"
ATT711,random_instance_711_nodes_10,711,ATT,10,10882.0,10882.0,0.0000%,0.022695302963256836,"[1, 8, 9, 10, 3, 4, 6, 5, 7, 2, 1]"
ATT715,random_instance_715_nodes_10,715,ATT,10,6829.0,6829.0,0.0000%,0.024389266967773438,"[5, 4, 6, 7, 1, 10, 3, 9, 2, 8, 5]"
ATT722,random_instance_722_nodes_10,722,ATT,10,8285.0,8285.0,0.0000%,0.01683497428894043,"[7, 9, 3, 6, 1, 5, 10, 8, 2, 4, 7]"
ATT727,random_instance_727_nodes_10,727,ATT,10,9205.0,9205.0,0.0000%,0.028052806854248047,"[7, 1, 10, 9, 8, 6, 4, 2, 3, 5, 7]"
ATT745,random_instance_745_nodes_10,745,ATT,10,9494.0,9494.0,0.0000%,0.019840717315673828,"[4, 9, 3, 2, 10, 5, 1, 8, 7, 6, 4]"
ATT750,random_instance_750_nodes_10,750,ATT,10,7480.0,7480.0,0.0000%,0.034145355224609375,"[5, 1, 8, 10, 4, 2, 7, 3, 6, 9, 5]"
ATT753,random_instance_753_nodes_10,753,ATT,10,8540.0,8540.0,0.0000%,0.031021595001220703,"[5, 2, 8, 4, 10, 6, 3, 1, 7, 9, 5]"
ATT757,random_instance_757_nodes_10,757,ATT,10,8104.0,8104.0,0.0000%,0.013870477676391602,"[5, 4, 10, 6, 9, 2, 3, 8, 7, 1, 5]"
ATT771,random_instance_771_nodes_10,771,ATT,10,10118.0,10118.0,0.0000%,0.01479792594909668,"[4, 3, 5, 10, 2, 1, 8, 9, 6, 7, 4]"
ATT821,random_instance_821_nodes_10,821,ATT,10,8069.0,8069.0,0.0000%,0.02270793914794922,"[2, 7, 9, 4, 3, 10, 6, 1, 5, 8, 2]"
ATT822,random_instance_822_nodes_10,822,ATT,10,8223.0,8223.0,0.0000%,0.027008533477783203,"[6, 5, 7, 2, 9, 10, 8, 1, 3, 4, 6]"
ATT823,random_instance_823_nodes_10,823,ATT,10,8757.0,8757.0,0.0000%,0.027442455291748047,"[6, 3, 5, 7, 9, 2, 8, 1, 4, 10, 6]"
ATT828,random_instance_828_nodes_10,828,ATT,10,9066.0,9066.0,0.0000%,0.02269458770751953,"[5, 4, 8, 6, 2, 1, 7, 9, 3, 10, 5]"
ATT832,random_instance_832_nodes_10,832,ATT,10,7633.0,7633.0,0.0000%,0.03231215476989746,"[8, 1, 5, 4, 9, 7, 10, 6, 2, 3, 8]"
ATT841,random_instance_841_nodes_10,841,ATT,10,9980.0,9980.0,0.0000%,0.049851179122924805,"[5, 9, 2, 4, 1, 3, 8, 10, 7, 6, 5]"
ATT845,random_instance_845_nodes_10,845,ATT,10,9928.0,9928.0,0.0000%,0.027193784713745117,"[1, 10, 4, 3, 5, 7, 9, 8, 2, 6, 1]"
ATT853,random_instance_853_nodes_10,853,ATT,10,9269.0,9269.0,0.0000%,0.04831671714782715,"[4, 6, 7, 3, 8, 2, 10, 1, 9, 5, 4]"
ATT878,random_instance_878_nodes_10,878,ATT,10,7578.0,7578.0,0.0000%,0.027111291885375977,"[6, 10, 1, 4, 9, 2, 3, 5, 8, 7, 6]"
ATT887,random_instance_887_nodes_10,887,ATT,10,9143.0,9143.0,0.0000%,0.022046327590942383,"[6, 7, 3, 4, 5, 1, 10, 2, 9, 8, 6]"
ATT888,random_instance_888_nodes_10,888,ATT,10,10000.0,10000.0,0.0000%,0.022162437438964844,"[9, 2, 1, 6, 3, 4, 8, 10, 7, 5, 9]"
ATT893,random_instance_893_nodes_10,893,ATT,10,8080.0,8080.0,0.0000%,0.02601146697998047,"[3, 10, 8, 5, 7, 6, 9, 4, 1, 2, 3]"
ATT916,random_instance_916_nodes_10,916,ATT,10,8586.0,8586.0,0.0000%,0.0262758731842041,"[9, 10, 6, 7, 1, 3, 5, 2, 4, 8, 9]"
ATT919,random_instance_919_nodes_10,919,ATT,10,8684.0,8684.0,0.0000%,0.018099069595336914,"[9, 3, 10, 8, 7, 1, 2, 5, 4, 6, 9]"
ATT931,random_instance_931_nodes_10,931,ATT,10,9748.0,9748.0,0.0000%,0.034759521484375,"[6, 7, 10, 1, 9, 5, 8, 2, 3, 4, 6]"
ATT936,random_instance_936_nodes_10,936,ATT,10,8142.0,8142.0,0.0000%,0.03618955612182617,"[5, 10, 9, 4, 8, 2, 7, 3, 6, 1, 5]"
ATT949,random_instance_949_nodes_10,949,ATT,10,8665.0,8665.0,0.0000%,0.017206907272338867,"[6, 2, 5, 1, 4, 3, 10, 7, 9, 8, 6]"
ATT958,random_instance_958_nodes_10,958,ATT,10,7999.0,7999.0,0.0000%,0.014922142028808594,"[6, 1, 10, 5, 7, 4, 9, 2, 3, 8, 6]"
ATT960,random_instance_960_nodes_10,960,ATT,10,9981.0,9981.0,0.0000%,0.017886638641357422,"[2, 7, 9, 3, 1, 10, 4, 8, 6, 5, 2]"
ATT964,random_instance_964_nodes_10,964,ATT,10,9382.0,9382.0,0.0000%,0.020038843154907227,"[9, 10, 6, 5, 3, 8, 4, 2, 7, 1, 9]"
ATT977,random_instance_977_nodes_10,977,ATT,10,10157.0,10157.0,0.0000%,0.015720367431640625,"[6, 8, 9, 7, 4, 1, 3, 2, 10, 5, 6]"
ATT986,random_instance_986_nodes_10,986,ATT,10,7210.0,7210.0,0.0000%,0.026799678802490234,"[8, 6, 5, 1, 3, 4, 9, 2, 10, 7, 8]"
ATT993,random_instance_993_nodes_10,993,ATT,10,9026.0,9026.0,0.0000%,0.01980137825012207,"[4, 2, 8, 10, 7, 1, 9, 3, 5, 6, 4]"
ATT998,random_instance_998_nodes_10,998,ATT,10,9693.0,9693.0,0.0000%,0.026517391204833984,"[8, 3, 5, 2, 1, 7, 4, 6, 10, 9, 8]"
ATT1020,random_instance_1020_nodes_10,1020,ATT,10,9784.0,9784.0,0.0000%,0.020213842391967773,"[3, 1, 6, 7, 9, 10, 8, 2, 5, 4, 3]"
ATT1040,random_instance_1040_nodes_10,1040,ATT,10,8523.0,8523.0,0.0000%,0.021997451782226562,"[6, 10, 5, 9, 2, 4, 7, 3, 1, 8, 6]"
ATT1049,random_instance_1049_nodes_10,1049,ATT,10,10359.0,10359.0,0.0000%,0.02286386489868164,"[2, 4, 7, 6, 3, 9, 8, 1, 10, 5, 2]"
ATT1052,random_instance_1052_nodes_10,1052,ATT,10,9935.0,9935.0,0.0000%,0.027350187301635742,"[9, 7, 5, 2, 8, 10, 1, 4, 6, 3, 9]"
ATT1070,random_instance_1070_nodes_10,1070,ATT,10,8900.0,8900.0,0.0000%,0.03455185890197754,"[2, 1, 10, 3, 8, 9, 5, 7, 6, 4, 2]"
ATT1084,random_instance_1084_nodes_10,1084,ATT,10,8560.0,8560.0,0.0000%,0.031977176666259766,"[2, 1, 7, 4, 8, 3, 6, 9, 10, 5, 2]"
ATT1104,random_instance_1104_nodes_10,1104,ATT,10,9590.0,9590.0,0.0000%,0.022190332412719727,"[7, 10, 1, 3, 4, 5, 6, 2, 9, 8, 7]"
ATT1113,random_instance_1113_nodes_20,1113,ATT,20,12192.0,12512.0,2.6247%,0.132232666015625,"[6, 7, 16, 18, 14, 10, 19, 20, 9, 8, 13, 4, 11, 17, 5, 15, 2, 1, 12, 3, 6]"
ATT1121,random_instance_1121_nodes_20,1121,ATT,20,11862.0,12192.0,2.7820%,0.17465567588806152,"[14, 20, 19, 11, 6, 18, 10, 9, 8, 17, 7, 1, 13, 16, 4, 3, 5, 12, 2, 15, 14]"
ATT1122,random_instance_1122_nodes_20,1122,ATT,20,13063.0,13180.0,0.8957%,0.06303620338439941,"[12, 2, 15, 8, 19, 6, 4, 9, 14, 16, 13, 10, 20, 17, 5, 3, 11, 18, 1, 7, 12]"
ATT1124,random_instance_1124_nodes_20,1124,ATT,20,11246.0,11246.0,0.0000%,0.05460786819458008,"[4, 2, 10, 8, 12, 7, 1, 5, 3, 19, 18, 13, 6, 11, 16, 9, 17, 14, 20, 15, 4]"
ATT1127,random_instance_1127_nodes_20,1127,ATT,20,11076.0,11076.0,0.0000%,0.05229997634887695,"[9, 3, 2, 15, 13, 19, 1, 18, 5, 7, 4, 6, 14, 11, 12, 17, 10, 8, 20, 16, 9]"
ATT1129,random_instance_1129_nodes_20,1129,ATT,20,12174.0,13037.0,7.0889%,0.12519288063049316,"[11, 3, 18, 12, 1, 13, 7, 5, 6, 2, 9, 15, 17, 10, 8, 16, 19, 4, 20, 14, 11]"
ATT1133,random_instance_1133_nodes_20,1133,ATT,20,13075.0,13075.0,0.0000%,0.1206815242767334,"[19, 1, 11, 12, 3, 20, 15, 9, 18, 17, 5, 14, 4, 7, 13, 16, 2, 6, 8, 10, 19]"
ATT1137,random_instance_1137_nodes_20,1137,ATT,20,12960.0,12960.0,0.0000%,0.10582661628723145,"[19, 2, 8, 1, 16, 20, 18, 4, 13, 11, 5, 6, 9, 12, 7, 15, 10, 14, 3, 17, 19]"
ATT1139,random_instance_1139_nodes_20,1139,ATT,20,12860.0,13002.0,1.1042%,0.07987475395202637,"[18, 3, 11, 9, 6, 15, 2, 4, 19, 5, 1, 16, 13, 7, 20, 12, 17, 10, 8, 14, 18]"
ATT1143,random_instance_1143_nodes_20,1143,ATT,20,12490.0,12490.0,0.0000%,0.0699772834777832,"[13, 18, 4, 14, 19, 15, 11, 8, 10, 17, 3, 1, 5, 9, 6, 20, 16, 7, 2, 12, 13]"
ATT1146,random_instance_1146_nodes_20,1146,ATT,20,11565.0,11565.0,0.0000%,0.07423067092895508,"[7, 12, 16, 11, 20, 14, 4, 9, 5, 3, 17, 15, 2, 10, 1, 19, 8, 6, 18, 13, 7]"
ATT1160,random_instance_1160_nodes_20,1160,ATT,20,12489.0,12489.0,0.0000%,0.03242039680480957,"[16, 5, 9, 11, 20, 3, 15, 14, 12, 19, 13, 7, 17, 6, 8, 2, 4, 1, 10, 18, 16]"
ATT1163,random_instance_1163_nodes_20,1163,ATT,20,13632.0,14177.0,3.9979%,0.1968998908996582,"[19, 7, 1, 2, 3, 15, 16, 13, 18, 11, 14, 5, 9, 4, 17, 10, 20, 12, 6, 8, 19]"
ATT1166,random_instance_1166_nodes_20,1166,ATT,20,13732.0,13732.0,0.0000%,0.2852456569671631,"[4, 9, 15, 12, 7, 3, 20, 11, 2, 14, 8, 6, 1, 10, 19, 5, 13, 18, 17, 16, 4]"
ATT1169,random_instance_1169_nodes_20,1169,ATT,20,11338.0,11338.0,0.0000%,0.05660367012023926,"[10, 1, 15, 8, 11, 2, 19, 6, 5, 4, 18, 9, 16, 3, 14, 17, 20, 12, 13, 7, 10]"
ATT1188,random_instance_1188_nodes_20,1188,ATT,20,10413.0,10413.0,0.0000%,0.10798788070678711,"[20, 8, 12, 14, 16, 6, 9, 2, 17, 15, 10, 3, 11, 18, 7, 4, 13, 19, 1, 5, 20]"
ATT1193,random_instance_1193_nodes_20,1193,ATT,20,10754.0,10754.0,0.0000%,0.04935932159423828,"[15, 7, 6, 19, 10, 3, 9, 12, 18, 11, 13, 2, 5, 16, 4, 20, 1, 14, 17, 8, 15]"
ATT1200,random_instance_1200_nodes_20,1200,ATT,20,10952.0,10952.0,0.0000%,0.0767202377319336,"[6, 3, 2, 12, 10, 13, 9, 1, 14, 5, 20, 15, 17, 4, 19, 18, 7, 8, 11, 16, 6]"
ATT1213,random_instance_1213_nodes_20,1213,ATT,20,13473.0,13473.0,0.0000%,0.060614824295043945,"[1, 12, 11, 17, 15, 7, 3, 8, 13, 16, 4, 9, 5, 19, 10, 6, 18, 2, 20, 14, 1]"
ATT1225,random_instance_1225_nodes_20,1225,ATT,20,11515.0,11515.0,0.0000%,0.07475733757019043,"[7, 13, 6, 20, 10, 2, 18, 1, 17, 3, 4, 14, 5, 19, 15, 8, 12, 9, 11, 16, 7]"
ATT1229,random_instance_1229_nodes_20,1229,ATT,20,11959.0,11959.0,0.0000%,0.15622711181640625,"[12, 5, 20, 16, 2, 3, 4, 18, 8, 10, 19, 9, 6, 1, 7, 13, 15, 14, 17, 11, 12]"
ATT1232,random_instance_1232_nodes_20,1232,ATT,20,12389.0,12794.0,3.2690%,0.1802060604095459,"[5, 20, 4, 3, 15, 18, 10, 12, 2, 13, 9, 19, 17, 11, 8, 6, 16, 14, 1, 7, 5]"
ATT1235,random_instance_1235_nodes_20,1235,ATT,20,11897.0,11897.0,0.0000%,0.09662079811096191,"[1, 17, 13, 19, 3, 2, 18, 20, 4, 5, 16, 6, 7, 9, 15, 11, 12, 8, 10, 14, 1]"
ATT1245,random_instance_1245_nodes_20,1245,ATT,20,11973.0,12239.0,2.2217%,0.1773064136505127,"[6, 14, 15, 20, 9, 12, 10, 8, 16, 17, 5, 19, 4, 13, 2, 1, 11, 18, 3, 7, 6]"
ATT1269,random_instance_1269_nodes_20,1269,ATT,20,11943.0,11943.0,0.0000%,0.11510419845581055,"[6, 20, 16, 10, 5, 11, 1, 13, 15, 9, 4, 2, 18, 14, 7, 12, 8, 17, 3, 19, 6]"
ATT1290,random_instance_1290_nodes_20,1290,ATT,20,11906.0,11906.0,0.0000%,0.13317227363586426,"[8, 11, 4, 9, 16, 19, 14, 7, 1, 20, 10, 2, 18, 13, 6, 3, 12, 17, 5, 15, 8]"
ATT1291,random_instance_1291_nodes_20,1291,ATT,20,14712.0,14712.0,0.0000%,0.09294390678405762,"[17, 13, 2, 7, 20, 14, 5, 19, 15, 16, 8, 9, 12, 6, 3, 1, 18, 11, 4, 10, 17]"
ATT1307,random_instance_1307_nodes_20,1307,ATT,20,11987.0,11987.0,0.0000%,0.06287527084350586,"[11, 14, 13, 6, 19, 7, 9, 1, 4, 17, 12, 16, 10, 18, 15, 8, 3, 5, 20, 2, 11]"
ATT1312,random_instance_1312_nodes_20,1312,ATT,20,12660.0,12856.0,1.5482%,0.09438514709472656,"[15, 1, 6, 19, 16, 5, 10, 3, 11, 7, 17, 4, 14, 13, 12, 2, 20, 8, 9, 18, 15]"
ATT1315,random_instance_1315_nodes_20,1315,ATT,20,12015.0,12077.0,0.5160%,0.04172945022583008,"[10, 3, 19, 18, 12, 7, 13, 15, 9, 4, 11, 2, 1, 16, 6, 8, 14, 5, 17, 20, 10]"
ATT1317,random_instance_1317_nodes_20,1317,ATT,20,11363.0,11363.0,0.0000%,0.09548115730285645,"[12, 8, 1, 18, 9, 3, 20, 16, 13, 11, 5, 2, 17, 10, 15, 7, 6, 4, 14, 19, 12]"
ATT1320,random_instance_1320_nodes_20,1320,ATT,20,11502.0,11502.0,0.0000%,0.041193485260009766,"[18, 4, 6, 15, 16, 14, 11, 3, 19, 13, 10, 9, 2, 20, 1, 12, 8, 7, 17, 5, 18]"
ATT1330,random_instance_1330_nodes_20,1330,ATT,20,9599.0,9599.0,0.0000%,0.0385136604309082,"[4, 14, 5, 7, 8, 9, 20, 17, 6, 19, 10, 3, 2, 12, 15, 16, 11, 13, 18, 1, 4]"
ATT1341,random_instance_1341_nodes_20,1341,ATT,20,12451.0,12498.0,0.3775%,0.06755256652832031,"[7, 13, 2, 1, 16, 15, 20, 18, 14, 12, 4, 3, 5, 17, 11, 10, 9, 6, 8, 19, 7]"
ATT1343,random_instance_1343_nodes_20,1343,ATT,20,13415.0,13415.0,0.0000%,0.06081533432006836,"[14, 16, 20, 5, 7, 17, 18, 9, 11, 12, 13, 10, 4, 6, 15, 3, 8, 1, 19, 2, 14]"
ATT1375,random_instance_1375_nodes_20,1375,ATT,20,11603.0,11603.0,0.0000%,0.060515642166137695,"[10, 14, 12, 4, 17, 15, 20, 3, 8, 7, 19, 2, 11, 1, 18, 13, 9, 16, 6, 5, 10]"
ATT1389,random_instance_1389_nodes_20,1389,ATT,20,11828.0,11912.0,0.7102%,0.1256706714630127,"[9, 8, 3, 10, 17, 20, 2, 12, 19, 15, 6, 14, 16, 7, 18, 4, 11, 5, 13, 1, 9]"
ATT1395,random_instance_1395_nodes_20,1395,ATT,20,12730.0,12730.0,0.0000%,0.08314943313598633,"[20, 16, 14, 17, 7, 15, 9, 3, 11, 8, 13, 18, 4, 6, 5, 12, 2, 1, 19, 10, 20]"
ATT1402,random_instance_1402_nodes_20,1402,ATT,20,12973.0,12973.0,0.0000%,0.10835671424865723,"[9, 10, 13, 8, 7, 17, 16, 19, 14, 11, 12, 1, 3, 18, 20, 6, 15, 4, 2, 5, 9]"
ATT1403,random_instance_1403_nodes_20,1403,ATT,20,11339.0,11339.0,0.0000%,0.08595156669616699,"[2, 6, 8, 18, 10, 12, 19, 3, 1, 20, 14, 5, 7, 11, 13, 4, 17, 16, 9, 15, 2]"
ATT1419,random_instance_1419_nodes_20,1419,ATT,20,12525.0,12718.0,1.5409%,0.07800650596618652,"[16, 6, 7, 3, 8, 20, 4, 12, 5, 14, 2, 1, 18, 10, 17, 11, 9, 19, 13, 15, 16]"
ATT1424,random_instance_1424_nodes_20,1424,ATT,20,10906.0,10906.0,0.0000%,0.08162665367126465,"[12, 7, 15, 3, 20, 5, 16, 2, 4, 17, 18, 14, 19, 10, 11, 1, 13, 9, 6, 8, 12]"
ATT1442,random_instance_1442_nodes_20,1442,ATT,20,12581.0,12602.0,0.1669%,0.09101438522338867,"[15, 14, 19, 7, 3, 10, 12, 18, 1, 16, 6, 9, 2, 17, 4, 20, 11, 5, 8, 13, 15]"
ATT1480,random_instance_1480_nodes_20,1480,ATT,20,13127.0,13453.0,2.4834%,0.1727156639099121,"[20, 12, 5, 13, 19, 2, 15, 8, 14, 10, 9, 6, 16, 7, 11, 18, 1, 17, 4, 3, 20]"
ATT1489,random_instance_1489_nodes_20,1489,ATT,20,12266.0,12266.0,0.0000%,0.07407999038696289,"[1, 20, 4, 11, 19, 14, 12, 13, 10, 7, 3, 9, 18, 16, 17, 5, 6, 15, 2, 8, 1]"
ATT1494,random_instance_1494_nodes_20,1494,ATT,20,11980.0,11980.0,0.0000%,0.06298685073852539,"[17, 14, 12, 9, 19, 20, 15, 4, 18, 11, 3, 2, 1, 16, 5, 13, 6, 8, 7, 10, 17]"
ATT1496,random_instance_1496_nodes_20,1496,ATT,20,13708.0,14052.0,2.5095%,0.15098094940185547,"[17, 12, 1, 14, 13, 3, 8, 7, 5, 20, 4, 10, 18, 16, 15, 9, 2, 19, 11, 6, 17]"
ATT1512,random_instance_1512_nodes_20,1512,ATT,20,11795.0,11795.0,0.0000%,0.07040619850158691,"[8, 2, 17, 7, 14, 12, 20, 9, 15, 19, 5, 11, 10, 1, 13, 18, 3, 6, 4, 16, 8]"
ATT1519,random_instance_1519_nodes_20,1519,ATT,20,11003.0,11003.0,0.0000%,0.07207822799682617,"[18, 9, 10, 15, 4, 5, 17, 19, 2, 11, 13, 20, 14, 16, 1, 12, 6, 8, 7, 3, 18]"
ATT1524,random_instance_1524_nodes_20,1524,ATT,20,11878.0,11878.0,0.0000%,0.04841136932373047,"[18, 13, 16, 20, 1, 7, 14, 3, 19, 12, 6, 2, 15, 9, 10, 17, 4, 11, 8, 5, 18]"
ATT1527,random_instance_1527_nodes_20,1527,ATT,20,11022.0,11043.0,0.1905%,0.04443240165710449,"[10, 14, 16, 18, 3, 13, 4, 12, 11, 8, 1, 5, 20, 15, 7, 2, 19, 9, 17, 6, 10]"
ATT1528,random_instance_1528_nodes_20,1528,ATT,20,12668.0,12668.0,0.0000%,0.0420379638671875,"[11, 12, 10, 14, 5, 18, 8, 17, 4, 2, 7, 1, 3, 19, 9, 15, 16, 13, 6, 20, 11]"
ATT1530,random_instance_1530_nodes_20,1530,ATT,20,13890.0,13890.0,0.0000%,0.05061078071594238,"[13, 3, 20, 2, 11, 18, 9, 8, 15, 14, 5, 4, 17, 10, 7, 6, 12, 1, 19, 16, 13]"
ATT1535,random_instance_1535_nodes_20,1535,ATT,20,14300.0,14643.0,2.3986%,0.20371723175048828,"[15, 13, 8, 17, 20, 6, 18, 19, 5, 1, 9, 12, 3, 14, 7, 11, 10, 4, 2, 16, 15]"
ATT1545,random_instance_1545_nodes_20,1545,ATT,20,13851.0,13851.0,0.0000%,0.07821178436279297,"[6, 11, 3, 2, 8, 5, 1, 14, 16, 10, 9, 13, 12, 17, 19, 20, 18, 4, 15, 7, 6]"
ATT1584,random_instance_1584_nodes_20,1584,ATT,20,10345.0,10345.0,0.0000%,0.15369510650634766,"[19, 1, 16, 5, 13, 18, 12, 20, 9, 8, 11, 4, 10, 7, 3, 6, 14, 2, 17, 15, 19]"
ATT1588,random_instance_1588_nodes_20,1588,ATT,20,13392.0,13396.0,0.0299%,0.14126276969909668,"[20, 3, 4, 14, 18, 19, 15, 1, 17, 12, 10, 8, 13, 9, 7, 6, 11, 2, 16, 5, 20]"
ATT1604,random_instance_1604_nodes_20,1604,ATT,20,13048.0,13048.0,0.0000%,0.1179511547088623,"[15, 8, 19, 9, 12, 13, 18, 1, 20, 17, 16, 3, 4, 7, 11, 10, 6, 14, 2, 5, 15]"
ATT1612,random_instance_1612_nodes_20,1612,ATT,20,11631.0,11631.0,0.0000%,0.11010503768920898,"[20, 10, 14, 3, 11, 2, 5, 9, 19, 16, 4, 15, 18, 1, 13, 12, 6, 17, 8, 7, 20]"
ATT1625,random_instance_1625_nodes_20,1625,ATT,20,10515.0,10515.0,0.0000%,0.06697249412536621,"[12, 6, 7, 10, 18, 19, 13, 20, 4, 2, 5, 17, 15, 16, 11, 3, 9, 8, 14, 1, 12]"
ATT1633,random_instance_1633_nodes_20,1633,ATT,20,11579.0,11917.0,2.9191%,0.19141292572021484,"[15, 6, 3, 16, 8, 13, 18, 20, 2, 5, 1, 17, 11, 10, 9, 19, 4, 7, 12, 14, 15]"
ATT1638,random_instance_1638_nodes_20,1638,ATT,20,12110.0,12110.0,0.0000%,0.11622929573059082,"[9, 1, 11, 4, 13, 14, 8, 15, 2, 20, 6, 18, 19, 10, 16, 7, 5, 12, 3, 17, 9]"
ATT1644,random_instance_1644_nodes_20,1644,ATT,20,12381.0,12466.0,0.6865%,0.26723194122314453,"[7, 2, 18, 13, 15, 3, 11, 14, 17, 1, 8, 12, 6, 10, 9, 16, 19, 20, 4, 5, 7]"
ATT1646,random_instance_1646_nodes_20,1646,ATT,20,11990.0,11990.0,0.0000%,0.11733436584472656,"[8, 20, 16, 1, 4, 9, 5, 17, 15, 3, 18, 6, 11, 14, 7, 12, 10, 19, 13, 2, 8]"
ATT1647,random_instance_1647_nodes_20,1647,ATT,20,11234.0,11234.0,0.0000%,0.07850170135498047,"[8, 15, 14, 4, 16, 1, 5, 11, 20, 17, 2, 10, 19, 13, 9, 12, 3, 18, 6, 7, 8]"
ATT1654,random_instance_1654_nodes_20,1654,ATT,20,12070.0,12070.0,0.0000%,0.1531081199645996,"[9, 10, 2, 1, 17, 15, 12, 6, 18, 4, 13, 8, 3, 7, 5, 20, 11, 16, 19, 14, 9]"
ATT1669,random_instance_1669_nodes_20,1669,ATT,20,11288.0,11288.0,0.0000%,0.10954570770263672,"[2, 20, 10, 14, 4, 11, 7, 16, 13, 3, 15, 19, 18, 5, 6, 12, 9, 1, 17, 8, 2]"
ATT1674,random_instance_1674_nodes_20,1674,ATT,20,12805.0,12917.0,0.8747%,0.09553885459899902,"[9, 13, 4, 2, 15, 3, 12, 8, 20, 11, 10, 18, 6, 16, 17, 1, 19, 14, 7, 5, 9]"
ATT1679,random_instance_1679_nodes_20,1679,ATT,20,12501.0,12660.0,1.2719%,0.08194446563720703,"[11, 7, 1, 9, 13, 17, 18, 15, 12, 20, 8, 10, 19, 3, 6, 2, 14, 5, 4, 16, 11]"
ATT1680,random_instance_1680_nodes_20,1680,ATT,20,11332.0,11332.0,0.0000%,0.06686592102050781,"[1, 9, 11, 14, 6, 7, 12, 2, 3, 19, 16, 10, 13, 15, 20, 4, 5, 8, 17, 18, 1]"
ATT1684,random_instance_1684_nodes_20,1684,ATT,20,13346.0,13346.0,0.0000%,0.07861781120300293,"[5, 2, 8, 9, 4, 16, 14, 18, 6, 20, 1, 19, 15, 3, 12, 11, 13, 7, 17, 10, 5]"
ATT1697,random_instance_1697_nodes_20,1697,ATT,20,11853.0,11994.0,1.1896%,0.05982398986816406,"[9, 16, 3, 1, 13, 4, 20, 8, 10, 6, 14, 2, 5, 7, 11, 12, 19, 18, 17, 15, 9]"
ATT1713,random_instance_1713_nodes_20,1713,ATT,20,11142.0,11142.0,0.0000%,0.06043529510498047,"[7, 11, 12, 8, 2, 10, 3, 9, 15, 14, 13, 1, 6, 19, 17, 20, 16, 5, 4, 18, 7]"
ATT1729,random_instance_1729_nodes_20,1729,ATT,20,12870.0,12870.0,0.0000%,0.04851388931274414,"[3, 7, 11, 9, 8, 13, 14, 16, 6, 10, 20, 1, 17, 15, 2, 18, 12, 5, 4, 19, 3]"
ATT1743,random_instance_1743_nodes_20,1743,ATT,20,11634.0,13171.0,13.2113%,0.07955050468444824,"[12, 6, 5, 4, 3, 14, 15, 20, 7, 10, 13, 2, 9, 17, 8, 18, 11, 16, 1, 19, 12]"
ATT1746,random_instance_1746_nodes_20,1746,ATT,20,11582.0,11582.0,0.0000%,0.04337596893310547,"[16, 7, 15, 5, 1, 3, 17, 12, 9, 14, 13, 4, 20, 2, 8, 10, 11, 18, 19, 6, 16]"
ATT1753,random_instance_1753_nodes_20,1753,ATT,20,11615.0,11615.0,0.0000%,0.08050942420959473,"[12, 3, 4, 2, 8, 6, 15, 19, 9, 13, 10, 7, 14, 16, 1, 18, 20, 17, 11, 5, 12]"
ATT1771,random_instance_1771_nodes_20,1771,ATT,20,10448.0,10448.0,0.0000%,0.06993913650512695,"[11, 8, 7, 17, 4, 6, 13, 14, 12, 19, 10, 9, 16, 1, 18, 3, 5, 2, 15, 20, 11]"
ATT1776,random_instance_1776_nodes_20,1776,ATT,20,11089.0,11089.0,0.0000%,0.08486580848693848,"[15, 3, 9, 16, 6, 1, 13, 4, 5, 2, 11, 12, 7, 17, 18, 14, 20, 10, 19, 8, 15]"
ATT1790,random_instance_1790_nodes_20,1790,ATT,20,12963.0,12963.0,0.0000%,0.13259530067443848,"[5, 3, 12, 15, 9, 18, 8, 16, 17, 6, 11, 14, 1, 10, 19, 2, 7, 4, 13, 20, 5]"
ATT1796,random_instance_1796_nodes_20,1796,ATT,20,12461.0,12645.0,1.4766%,0.08423733711242676,"[7, 3, 5, 19, 17, 16, 15, 13, 20, 18, 14, 10, 2, 12, 9, 11, 6, 1, 8, 4, 7]"
ATT1824,random_instance_1824_nodes_20,1824,ATT,20,14152.0,14787.0,4.4870%,0.21526885032653809,"[13, 2, 1, 18, 8, 6, 4, 11, 9, 7, 17, 3, 15, 14, 5, 19, 10, 16, 20, 12, 13]"
ATT1827,random_instance_1827_nodes_20,1827,ATT,20,12504.0,12547.0,0.3439%,0.11762142181396484,"[10, 6, 20, 18, 3, 12, 2, 16, 11, 17, 14, 19, 15, 7, 13, 4, 5, 9, 1, 8, 10]"
ATT1832,random_instance_1832_nodes_20,1832,ATT,20,12499.0,12499.0,0.0000%,0.09237074851989746,"[9, 16, 3, 17, 6, 20, 13, 12, 7, 10, 1, 19, 11, 2, 5, 4, 15, 18, 8, 14, 9]"
ATT1858,random_instance_1858_nodes_20,1858,ATT,20,11616.0,12001.0,3.3144%,0.19723033905029297,"[3, 13, 8, 4, 6, 10, 20, 15, 12, 19, 9, 5, 7, 2, 18, 16, 11, 17, 14, 1, 3]"
ATT1869,random_instance_1869_nodes_20,1869,ATT,20,12123.0,12123.0,0.0000%,0.1543412208557129,"[14, 9, 11, 2, 3, 17, 1, 7, 12, 15, 4, 13, 18, 19, 10, 16, 20, 8, 5, 6, 14]"
ATT1874,random_instance_1874_nodes_20,1874,ATT,20,13376.0,13690.0,2.3475%,0.22036004066467285,"[2, 19, 8, 3, 11, 16, 1, 9, 4, 5, 7, 15, 18, 6, 10, 14, 12, 20, 17, 13, 2]"
ATT1876,random_instance_1876_nodes_20,1876,ATT,20,11132.0,11132.0,0.0000%,0.13021087646484375,"[6, 1, 13, 8, 15, 11, 17, 12, 16, 14, 5, 9, 7, 3, 19, 20, 18, 2, 4, 10, 6]"
ATT1880,random_instance_1880_nodes_20,1880,ATT,20,11880.0,11880.0,0.0000%,0.09905219078063965,"[16, 5, 19, 2, 6, 3, 13, 4, 14, 10, 18, 1, 12, 17, 11, 7, 15, 8, 9, 20, 16]"
ATT1889,random_instance_1889_nodes_20,1889,ATT,20,13434.0,13434.0,0.0000%,0.0915079116821289,"[19, 13, 14, 4, 9, 16, 15, 17, 18, 6, 20, 8, 10, 2, 1, 11, 12, 3, 5, 7, 19]"
ATT1891,random_instance_1891_nodes_20,1891,ATT,20,12182.0,12811.0,5.1634%,0.13125371932983398,"[10, 17, 9, 14, 13, 8, 7, 6, 18, 12, 3, 20, 1, 2, 5, 4, 16, 15, 19, 11, 10]"
ATT1894,random_instance_1894_nodes_20,1894,ATT,20,9388.0,9388.0,0.0000%,0.07387924194335938,"[5, 9, 17, 14, 10, 11, 1, 20, 13, 18, 15, 16, 6, 3, 12, 8, 7, 2, 4, 19, 5]"
ATT1899,random_instance_1899_nodes_20,1899,ATT,20,11692.0,11692.0,0.0000%,0.055511474609375,"[20, 9, 2, 3, 13, 11, 4, 5, 14, 18, 8, 6, 17, 19, 12, 7, 10, 16, 1, 15, 20]"
ATT1924,random_instance_1924_nodes_20,1924,ATT,20,10489.0,10489.0,0.0000%,0.030714988708496094,"[14, 2, 5, 20, 19, 13, 16, 10, 12, 1, 18, 6, 17, 15, 7, 8, 3, 9, 11, 4, 14]"
ATT1940,random_instance_1940_nodes_20,1940,ATT,20,12877.0,12992.0,0.8931%,0.05759716033935547,"[9, 7, 3, 4, 17, 20, 8, 2, 15, 13, 5, 19, 1, 6, 10, 11, 14, 18, 12, 16, 9]"
ATT1958,random_instance_1958_nodes_20,1958,ATT,20,11867.0,12121.0,2.1404%,0.13506793975830078,"[4, 18, 3, 16, 11, 17, 5, 9, 19, 8, 2, 6, 15, 10, 7, 14, 13, 1, 20, 12, 4]"
ATT1964,random_instance_1964_nodes_20,1964,ATT,20,12101.0,12101.0,0.0000%,0.10351395606994629,"[19, 16, 11, 14, 1, 9, 12, 5, 7, 20, 3, 15, 4, 2, 10, 8, 6, 17, 18, 13, 19]"
ATT1976,random_instance_1976_nodes_20,1976,ATT,20,13354.0,13354.0,0.0000%,0.11707758903503418,"[17, 16, 15, 3, 8, 13, 1, 19, 10, 12, 4, 20, 14, 2, 6, 11, 18, 9, 5, 7, 17]"
ATT1982,random_instance_1982_nodes_20,1982,ATT,20,12929.0,12987.0,0.4486%,0.09894585609436035,"[14, 1, 10, 16, 5, 15, 4, 13, 11, 8, 7, 2, 12, 19, 6, 9, 18, 17, 3, 20, 14]"
ATT1983,random_instance_1983_nodes_20,1983,ATT,20,11848.0,11848.0,0.0000%,0.13301634788513184,"[16, 12, 19, 4, 11, 17, 14, 13, 9, 7, 10, 6, 5, 20, 3, 1, 8, 15, 2, 18, 16]"
ATT1988,random_instance_1988_nodes_20,1988,ATT,20,9956.0,10154.0,1.9888%,0.07450318336486816,"[13, 4, 16, 19, 9, 18, 5, 12, 2, 6, 8, 14, 11, 1, 10, 15, 7, 3, 20, 17, 13]"
ATT1989,random_instance_1989_nodes_20,1989,ATT,20,13880.0,14023.0,1.0303%,0.061774253845214844,"[17, 19, 16, 2, 9, 4, 6, 3, 12, 10, 7, 14, 13, 20, 15, 8, 18, 11, 5, 1, 17]"
ATT2037,random_instance_2037_nodes_20,2037,ATT,20,11582.0,11582.0,0.0000%,0.18847894668579102,"[19, 18, 16, 12, 9, 20, 8, 5, 1, 13, 11, 4, 6, 14, 2, 17, 3, 15, 10, 7, 19]"
ATT2041,random_instance_2041_nodes_20,2041,ATT,20,13567.0,14113.0,4.0245%,0.18597412109375,"[2, 3, 11, 6, 7, 17, 5, 4, 16, 15, 12, 8, 14, 20, 19, 1, 9, 13, 18, 10, 2]"
ATT2045,random_instance_2045_nodes_20,2045,ATT,20,11997.0,11997.0,0.0000%,0.10281753540039062,"[18, 14, 17, 12, 6, 8, 15, 4, 2, 9, 10, 3, 13, 16, 1, 11, 5, 7, 20, 19, 18]"
ATT2060,random_instance_2060_nodes_20,2060,ATT,20,13090.0,13090.0,0.0000%,0.09074163436889648,"[20, 4, 3, 6, 16, 12, 2, 9, 7, 18, 11, 14, 8, 15, 10, 1, 19, 13, 5, 17, 20]"
ATT2068,random_instance_2068_nodes_20,2068,ATT,20,12754.0,13145.0,3.0657%,0.16075968742370605,"[13, 8, 12, 10, 7, 5, 20, 18, 15, 3, 6, 19, 9, 2, 4, 11, 14, 16, 1, 17, 13]"
ATT2073,random_instance_2073_nodes_20,2073,ATT,20,13293.0,13293.0,0.0000%,0.15298771858215332,"[18, 20, 17, 15, 1, 7, 3, 4, 13, 12, 19, 11, 6, 16, 8, 10, 9, 5, 2, 14, 18]"
ATT2085,random_instance_2085_nodes_20,2085,ATT,20,12612.0,12612.0,0.0000%,0.07434678077697754,"[8, 13, 2, 6, 5, 7, 1, 12, 14, 15, 4, 10, 20, 19, 11, 16, 3, 18, 17, 9, 8]"
ATT2088,random_instance_2088_nodes_20,2088,ATT,20,12173.0,12173.0,0.0000%,0.08247017860412598,"[14, 1, 4, 3, 10, 6, 7, 19, 5, 12, 17, 11, 2, 13, 15, 20, 9, 18, 16, 8, 14]"
ATT2091,random_instance_2091_nodes_20,2091,ATT,20,10954.0,10954.0,0.0000%,0.0657503604888916,"[17, 19, 1, 9, 5, 16, 4, 13, 11, 6, 3, 8, 14, 7, 15, 18, 20, 2, 12, 10, 17]"
ATT2103,random_instance_2103_nodes_20,2103,ATT,20,11264.0,11264.0,0.0000%,0.059980154037475586,"[2, 7, 16, 19, 12, 20, 14, 6, 8, 18, 11, 17, 9, 13, 10, 5, 4, 1, 15, 3, 2]"
ATT2143,random_instance_2143_nodes_20,2143,ATT,20,11778.0,11778.0,0.0000%,0.07584214210510254,"[15, 13, 17, 11, 18, 6, 5, 2, 10, 4, 16, 3, 14, 1, 8, 7, 19, 20, 12, 9, 15]"
ATT2144,random_instance_2144_nodes_20,2144,ATT,20,14161.0,14161.0,0.0000%,0.049666404724121094,"[11, 3, 20, 19, 6, 12, 16, 13, 1, 7, 10, 15, 8, 18, 2, 17, 14, 9, 4, 5, 11]"
ATT2146,random_instance_2146_nodes_20,2146,ATT,20,12432.0,12432.0,0.0000%,0.11741423606872559,"[6, 7, 17, 3, 8, 14, 13, 18, 5, 12, 9, 2, 11, 10, 16, 19, 1, 4, 20, 15, 6]"
ATT2167,random_instance_2167_nodes_20,2167,ATT,20,12779.0,12989.0,1.6433%,0.09312272071838379,"[14, 2, 20, 12, 5, 19, 1, 7, 8, 9, 17, 13, 6, 18, 4, 11, 16, 15, 3, 10, 14]"
ATT2170,random_instance_2170_nodes_20,2170,ATT,20,11630.0,11755.0,1.0748%,0.13823294639587402,"[16, 1, 13, 10, 15, 4, 20, 18, 8, 17, 3, 12, 6, 9, 7, 14, 11, 5, 19, 2, 16]"
ATT2184,random_instance_2184_nodes_20,2184,ATT,20,9989.0,9989.0,0.0000%,0.04762673377990723,"[8, 19, 10, 11, 14, 5, 2, 1, 3, 13, 9, 17, 7, 16, 18, 6, 15, 12, 20, 4, 8]"
ATT2200,random_instance_2200_nodes_20,2200,ATT,20,12465.0,12465.0,0.0000%,0.07763266563415527,"[9, 8, 4, 17, 18, 15, 1, 3, 2, 5, 19, 14, 13, 7, 16, 10, 20, 11, 12, 6, 9]"
ATT2223,random_instance_2223_nodes_30,2223,ATT,30,15144.0,15144.0,0.0000%,0.4173727035522461,"[19, 15, 24, 5, 2, 6, 17, 21, 10, 25, 4, 3, 23, 11, 22, 30, 7, 27, 26, 29, 28, 13, 14, 18, 16, 1, 20, 9, 8, 12, 19]"
ATT2236,random_instance_2236_nodes_30,2236,ATT,30,14053.0,14053.0,0.0000%,0.3094363212585449,"[18, 28, 9, 17, 25, 7, 6, 23, 13, 20, 2, 22, 14, 3, 29, 12, 15, 26, 30, 24, 16, 19, 10, 27, 21, 5, 4, 8, 1, 11, 18]"
ATT2266,random_instance_2266_nodes_30,2266,ATT,30,12763.0,13089.0,2.5543%,0.5975804328918457,"[1, 19, 24, 5, 29, 25, 22, 18, 8, 28, 3, 12, 14, 7, 20, 11, 27, 2, 26, 23, 17, 9, 6, 13, 30, 21, 15, 16, 4, 10, 1]"
ATT2267,random_instance_2267_nodes_30,2267,ATT,30,13002.0,13002.0,0.0000%,0.30542612075805664,"[14, 1, 17, 18, 16, 3, 21, 10, 5, 27, 9, 19, 25, 24, 22, 29, 26, 15, 20, 6, 30, 8, 4, 2, 7, 13, 23, 11, 28, 12, 14]"
ATT2286,random_instance_2286_nodes_30,2286,ATT,30,15190.0,15222.0,0.2107%,0.340317964553833,"[29, 10, 26, 15, 22, 19, 23, 9, 28, 30, 25, 24, 18, 6, 21, 2, 17, 27, 1, 4, 3, 16, 13, 12, 20, 5, 14, 11, 8, 7, 29]"
ATT2287,random_instance_2287_nodes_30,2287,ATT,30,13943.0,13944.0,0.0072%,0.23100996017456055,"[30, 14, 25, 27, 21, 11, 19, 2, 20, 28, 22, 12, 4, 13, 15, 1, 26, 18, 29, 8, 16, 23, 17, 5, 9, 24, 7, 10, 3, 6, 30]"
ATT2296,random_instance_2296_nodes_30,2296,ATT,30,14021.0,14021.0,0.0000%,0.2812838554382324,"[5, 23, 26, 3, 29, 8, 13, 12, 16, 2, 7, 11, 10, 20, 1, 14, 6, 19, 17, 21, 30, 18, 22, 25, 28, 27, 15, 24, 4, 9, 5]"
ATT2330,random_instance_2330_nodes_30,2330,ATT,30,15328.0,15328.0,0.0000%,0.18828701972961426,"[13, 12, 2, 14, 21, 7, 10, 1, 28, 24, 27, 20, 18, 29, 30, 9, 6, 3, 19, 23, 17, 25, 11, 15, 5, 22, 16, 8, 4, 26, 13]"
ATT2340,random_instance_2340_nodes_30,2340,ATT,30,13512.0,13835.0,2.3905%,0.6205534934997559,"[29, 6, 22, 20, 11, 1, 10, 17, 23, 24, 28, 25, 27, 15, 2, 18, 9, 14, 21, 7, 12, 4, 5, 19, 13, 8, 16, 30, 26, 3, 29]"
ATT2361,random_instance_2361_nodes_30,2361,ATT,30,13771.0,14069.0,2.1640%,0.6388912200927734,"[14, 4, 25, 1, 6, 17, 9, 15, 18, 2, 11, 26, 5, 10, 30, 21, 3, 24, 19, 20, 12, 27, 22, 16, 28, 8, 13, 23, 7, 29, 14]"
ATT2369,random_instance_2369_nodes_30,2369,ATT,30,14379.0,14392.0,0.0904%,0.32526326179504395,"[27, 28, 23, 5, 21, 30, 17, 10, 13, 12, 4, 22, 26, 15, 19, 14, 20, 24, 25, 18, 8, 9, 3, 11, 1, 2, 7, 6, 29, 16, 27]"
ATT2385,random_instance_2385_nodes_30,2385,ATT,30,14832.0,14832.0,0.0000%,0.3265650272369385,"[3, 17, 29, 11, 13, 27, 28, 1, 10, 23, 9, 26, 18, 22, 6, 24, 12, 4, 8, 2, 14, 20, 16, 15, 30, 7, 25, 19, 21, 5, 3]"
ATT2414,random_instance_2414_nodes_30,2414,ATT,30,16035.0,16035.0,0.0000%,0.22712469100952148,"[22, 5, 7, 2, 29, 10, 16, 13, 30, 4, 24, 3, 23, 11, 12, 28, 25, 9, 21, 17, 8, 1, 15, 20, 6, 19, 14, 18, 27, 26, 22]"
ATT2417,random_instance_2417_nodes_30,2417,ATT,30,14755.0,14755.0,0.0000%,0.338869571685791,"[9, 22, 26, 15, 10, 28, 21, 24, 23, 14, 7, 2, 17, 27, 3, 20, 4, 29, 16, 19, 18, 30, 11, 5, 12, 13, 8, 1, 25, 6, 9]"
ATT2426,random_instance_2426_nodes_30,2426,ATT,30,13839.0,14496.0,4.7475%,0.38439297676086426,"[10, 24, 11, 18, 28, 23, 25, 8, 13, 21, 29, 16, 27, 19, 14, 12, 15, 22, 2, 17, 26, 5, 20, 9, 1, 4, 6, 3, 7, 30, 10]"
ATT2434,random_instance_2434_nodes_30,2434,ATT,30,14959.0,14959.0,0.0000%,0.15561652183532715,"[1, 26, 12, 18, 14, 30, 15, 11, 23, 9, 3, 10, 4, 17, 28, 27, 29, 20, 7, 16, 25, 21, 13, 22, 24, 19, 2, 5, 6, 8, 1]"
ATT2441,random_instance_2441_nodes_30,2441,ATT,30,15598.0,15664.0,0.4231%,0.266465425491333,"[5, 26, 12, 29, 9, 10, 27, 30, 11, 13, 14, 3, 28, 7, 24, 20, 18, 22, 1, 15, 17, 16, 25, 6, 4, 23, 8, 21, 2, 19, 5]"
ATT2442,random_instance_2442_nodes_30,2442,ATT,30,12740.0,12740.0,0.0000%,0.1706533432006836,"[22, 17, 15, 23, 6, 9, 25, 21, 28, 19, 27, 29, 24, 1, 20, 7, 5, 18, 10, 26, 30, 4, 2, 8, 13, 14, 11, 3, 16, 12, 22]"
ATT2444,random_instance_2444_nodes_30,2444,ATT,30,14985.0,15367.0,2.5492%,0.3477668762207031,"[1, 10, 17, 16, 8, 4, 26, 9, 12, 22, 25, 14, 13, 20, 11, 24, 5, 27, 7, 23, 30, 3, 15, 19, 28, 29, 18, 21, 6, 2, 1]"
ATT2471,random_instance_2471_nodes_30,2471,ATT,30,16301.0,16301.0,0.0000%,0.2901725769042969,"[16, 11, 30, 2, 24, 6, 3, 9, 27, 10, 7, 15, 22, 14, 4, 23, 12, 8, 1, 20, 18, 29, 28, 5, 21, 26, 25, 17, 13, 19, 16]"
ATT2485,random_instance_2485_nodes_30,2485,ATT,30,14539.0,14575.0,0.2476%,0.2833130359649658,"[22, 10, 16, 21, 18, 29, 20, 3, 5, 14, 11, 27, 8, 24, 15, 12, 19, 7, 23, 4, 6, 9, 2, 13, 17, 25, 26, 1, 28, 30, 22]"
ATT2492,random_instance_2492_nodes_30,2492,ATT,30,13527.0,13527.0,0.0000%,0.3539547920227051,"[19, 9, 25, 16, 5, 27, 28, 23, 17, 12, 30, 10, 7, 21, 22, 24, 3, 8, 4, 14, 20, 26, 15, 11, 18, 13, 6, 29, 2, 1, 19]"
ATT2496,random_instance_2496_nodes_30,2496,ATT,30,15904.0,16042.0,0.8677%,0.6998827457427979,"[10, 1, 16, 27, 7, 18, 21, 28, 12, 15, 25, 9, 22, 11, 23, 8, 20, 29, 26, 30, 13, 5, 24, 17, 2, 19, 14, 3, 4, 6, 10]"
ATT2503,random_instance_2503_nodes_30,2503,ATT,30,14683.0,14683.0,0.0000%,0.4443361759185791,"[20, 9, 25, 17, 28, 30, 3, 8, 6, 14, 11, 22, 15, 27, 29, 23, 10, 1, 16, 21, 12, 2, 13, 26, 24, 18, 5, 7, 4, 19, 20]"
ATT2504,random_instance_2504_nodes_30,2504,ATT,30,15739.0,15800.0,0.3876%,0.45115184783935547,"[20, 18, 28, 25, 7, 5, 26, 14, 3, 6, 27, 4, 9, 30, 23, 17, 29, 12, 16, 21, 24, 10, 22, 19, 8, 2, 11, 1, 13, 15, 20]"
ATT2506,random_instance_2506_nodes_30,2506,ATT,30,12512.0,12557.0,0.3597%,0.37505173683166504,"[10, 19, 21, 4, 17, 28, 11, 30, 14, 2, 13, 22, 8, 6, 16, 9, 27, 5, 29, 20, 12, 7, 25, 15, 23, 18, 3, 1, 24, 26, 10]"
ATT2522,random_instance_2522_nodes_30,2522,ATT,30,13960.0,14033.0,0.5229%,0.28810763359069824,"[1, 16, 10, 22, 24, 2, 8, 21, 29, 26, 17, 13, 20, 30, 19, 28, 11, 23, 6, 27, 18, 15, 5, 12, 25, 7, 3, 14, 4, 9, 1]"
ATT2529,random_instance_2529_nodes_30,2529,ATT,30,16474.0,16501.0,0.1639%,0.28290677070617676,"[20, 3, 6, 17, 10, 11, 13, 7, 28, 4, 22, 12, 15, 29, 14, 25, 19, 16, 2, 27, 30, 9, 24, 21, 26, 23, 1, 18, 5, 8, 20]"
ATT2532,random_instance_2532_nodes_30,2532,ATT,30,14863.0,14865.0,0.0135%,0.14139008522033691,"[1, 18, 21, 7, 20, 22, 8, 6, 30, 25, 17, 13, 16, 26, 5, 9, 29, 19, 4, 3, 24, 27, 15, 12, 28, 10, 23, 2, 14, 11, 1]"
ATT2536,random_instance_2536_nodes_30,2536,ATT,30,15399.0,15399.0,0.0000%,0.5075497627258301,"[24, 3, 21, 8, 15, 10, 13, 1, 5, 2, 18, 14, 12, 4, 26, 30, 6, 29, 28, 19, 23, 9, 11, 22, 16, 20, 7, 25, 17, 27, 24]"
ATT2546,random_instance_2546_nodes_30,2546,ATT,30,12396.0,12396.0,0.0000%,0.4121408462524414,"[9, 30, 1, 24, 17, 3, 16, 25, 21, 15, 8, 19, 5, 28, 2, 20, 4, 26, 22, 29, 27, 13, 10, 7, 11, 18, 14, 23, 12, 6, 9]"
ATT2547,random_instance_2547_nodes_30,2547,ATT,30,14531.0,14725.0,1.3351%,0.19743657112121582,"[29, 22, 17, 1, 25, 8, 3, 19, 14, 20, 7, 18, 26, 28, 9, 21, 16, 11, 6, 24, 23, 30, 5, 2, 4, 15, 13, 12, 27, 10, 29]"
ATT2564,random_instance_2564_nodes_30,2564,ATT,30,13731.0,13731.0,0.0000%,0.3045921325683594,"[24, 13, 10, 5, 30, 28, 23, 18, 22, 9, 20, 14, 27, 8, 25, 7, 16, 2, 15, 1, 3, 12, 11, 29, 26, 21, 17, 4, 6, 19, 24]"
ATT2573,random_instance_2573_nodes_30,2573,ATT,30,14396.0,14431.0,0.2431%,0.10945296287536621,"[19, 26, 11, 2, 17, 14, 20, 28, 8, 16, 10, 5, 7, 25, 23, 27, 13, 1, 24, 21, 3, 30, 18, 4, 6, 9, 12, 22, 15, 29, 19]"
ATT2579,random_instance_2579_nodes_30,2579,ATT,30,14235.0,14327.0,0.6463%,0.6684157848358154,"[28, 2, 29, 13, 22, 19, 9, 6, 11, 27, 26, 10, 17, 21, 15, 4, 3, 12, 23, 25, 8, 1, 14, 30, 18, 7, 5, 20, 16, 24, 28]"
ATT2584,random_instance_2584_nodes_30,2584,ATT,30,14224.0,14224.0,0.0000%,0.3626067638397217,"[30, 7, 4, 25, 20, 13, 22, 10, 24, 18, 2, 26, 14, 15, 17, 19, 27, 28, 1, 11, 29, 9, 16, 21, 12, 5, 3, 8, 6, 23, 30]"
ATT2591,random_instance_2591_nodes_30,2591,ATT,30,15435.0,15435.0,0.0000%,0.1954197883605957,"[18, 26, 20, 4, 29, 7, 3, 27, 10, 1, 2, 13, 8, 28, 25, 15, 21, 16, 12, 19, 11, 9, 23, 5, 14, 17, 30, 22, 24, 6, 18]"
ATT2594,random_instance_2594_nodes_30,2594,ATT,30,14847.0,15076.0,1.5424%,0.13994646072387695,"[14, 13, 16, 1, 4, 26, 8, 2, 3, 10, 29, 23, 12, 6, 5, 30, 18, 19, 17, 11, 27, 24, 20, 7, 22, 9, 15, 25, 28, 21, 14]"
ATT2607,random_instance_2607_nodes_30,2607,ATT,30,14131.0,14413.0,1.9956%,0.15937471389770508,"[22, 17, 3, 19, 1, 16, 23, 25, 14, 10, 30, 7, 20, 27, 8, 2, 26, 29, 6, 18, 9, 13, 15, 12, 24, 5, 28, 4, 21, 11, 22]"
ATT2608,random_instance_2608_nodes_30,2608,ATT,30,15203.0,15351.0,0.9735%,0.5211398601531982,"[2, 11, 22, 9, 19, 18, 17, 25, 14, 5, 10, 27, 29, 13, 12, 6, 28, 15, 4, 26, 7, 30, 8, 3, 23, 21, 1, 16, 20, 24, 2]"
ATT2615,random_instance_2615_nodes_30,2615,ATT,30,14384.0,14496.0,0.7786%,0.6252303123474121,"[1, 2, 29, 18, 7, 21, 15, 23, 4, 10, 26, 27, 17, 22, 11, 3, 8, 19, 6, 20, 12, 14, 28, 9, 5, 24, 16, 13, 30, 25, 1]"
ATT2621,random_instance_2621_nodes_30,2621,ATT,30,13925.0,13925.0,0.0000%,0.24857568740844727,"[17, 26, 6, 2, 3, 28, 8, 27, 19, 20, 11, 10, 24, 23, 25, 29, 22, 13, 4, 30, 5, 9, 16, 7, 1, 14, 15, 18, 21, 12, 17]"
ATT2634,random_instance_2634_nodes_30,2634,ATT,30,13038.0,13038.0,0.0000%,0.27951979637145996,"[4, 2, 13, 1, 11, 29, 27, 15, 6, 18, 9, 12, 8, 23, 28, 17, 10, 16, 19, 22, 7, 25, 26, 30, 14, 3, 21, 24, 5, 20, 4]"
ATT2646,random_instance_2646_nodes_30,2646,ATT,30,13209.0,13209.0,0.0000%,0.5700170993804932,"[4, 25, 16, 30, 8, 11, 2, 26, 15, 28, 14, 6, 12, 27, 3, 23, 1, 29, 22, 7, 13, 10, 18, 24, 9, 20, 21, 5, 17, 19, 4]"
ATT2647,random_instance_2647_nodes_30,2647,ATT,30,13909.0,13909.0,0.0000%,0.36025023460388184,"[24, 7, 14, 8, 12, 29, 6, 9, 20, 28, 5, 11, 13, 10, 18, 19, 1, 21, 23, 17, 2, 16, 27, 3, 25, 22, 4, 26, 30, 15, 24]"
ATT2662,random_instance_2662_nodes_30,2662,ATT,30,16580.0,16643.0,0.3800%,0.2216637134552002,"[26, 24, 23, 9, 25, 19, 11, 27, 22, 30, 29, 8, 5, 12, 28, 15, 14, 4, 7, 18, 3, 21, 2, 20, 16, 13, 1, 17, 10, 6, 26]"
ATT2664,random_instance_2664_nodes_30,2664,ATT,30,15264.0,15264.0,0.0000%,0.37851595878601074,"[2, 12, 27, 17, 3, 18, 22, 5, 6, 9, 20, 28, 13, 1, 26, 14, 23, 25, 15, 29, 21, 30, 19, 16, 4, 24, 11, 7, 8, 10, 2]"
ATT2677,random_instance_2677_nodes_30,2677,ATT,30,13154.0,14292.0,8.6514%,0.44904279708862305,"[9, 1, 17, 13, 16, 26, 15, 6, 7, 20, 28, 23, 11, 18, 25, 29, 2, 14, 8, 27, 3, 19, 30, 21, 24, 12, 5, 10, 22, 4, 9]"
ATT2683,random_instance_2683_nodes_30,2683,ATT,30,14671.0,14671.0,0.0000%,0.8436968326568604,"[3, 5, 16, 28, 17, 9, 27, 1, 2, 26, 30, 11, 8, 22, 4, 19, 18, 6, 29, 10, 20, 21, 14, 15, 12, 13, 7, 25, 23, 24, 3]"
ATT2697,random_instance_2697_nodes_30,2697,ATT,30,12747.0,12846.0,0.7767%,0.765007495880127,"[18, 24, 12, 7, 30, 2, 26, 3, 11, 8, 28, 10, 22, 13, 5, 25, 23, 15, 27, 17, 21, 29, 4, 20, 14, 6, 1, 9, 19, 16, 18]"
ATT2704,random_instance_2704_nodes_30,2704,ATT,30,15258.0,15295.0,0.2425%,0.18559932708740234,"[17, 9, 12, 28, 22, 21, 14, 4, 20, 27, 18, 1, 5, 6, 8, 29, 11, 24, 2, 23, 26, 15, 30, 3, 10, 16, 13, 7, 19, 25, 17]"
ATT2705,random_instance_2705_nodes_30,2705,ATT,30,15572.0,15665.0,0.5972%,0.4304211139678955,"[25, 22, 21, 6, 7, 13, 10, 1, 17, 18, 12, 9, 2, 27, 23, 5, 29, 15, 20, 14, 16, 30, 19, 24, 28, 26, 11, 4, 3, 8, 25]"
ATT2718,random_instance_2718_nodes_30,2718,ATT,30,13940.0,13940.0,0.0000%,0.252269983291626,"[20, 22, 2, 28, 25, 5, 10, 23, 29, 16, 18, 15, 4, 3, 12, 6, 21, 1, 13, 7, 30, 27, 8, 11, 24, 14, 17, 9, 19, 26, 20]"
ATT2724,random_instance_2724_nodes_30,2724,ATT,30,14984.0,15131.0,0.9810%,0.32986879348754883,"[9, 21, 20, 7, 10, 29, 16, 11, 12, 1, 8, 25, 3, 15, 30, 5, 2, 19, 6, 14, 26, 13, 22, 24, 28, 23, 27, 18, 4, 17, 9]"
ATT2725,random_instance_2725_nodes_30,2725,ATT,30,13659.0,13887.0,1.6692%,0.1321268081665039,"[6, 26, 8, 14, 10, 23, 27, 4, 15, 21, 9, 24, 25, 7, 30, 22, 5, 29, 20, 17, 12, 3, 2, 16, 28, 13, 18, 11, 19, 1, 6]"
ATT2749,random_instance_2749_nodes_30,2749,ATT,30,13939.0,13939.0,0.0000%,0.24442672729492188,"[29, 7, 26, 2, 20, 9, 5, 1, 17, 6, 16, 14, 27, 25, 28, 3, 13, 23, 4, 18, 8, 30, 24, 10, 15, 11, 19, 21, 22, 12, 29]"
ATT2780,random_instance_2780_nodes_30,2780,ATT,30,13830.0,14267.0,3.1598%,0.3322896957397461,"[26, 1, 4, 12, 6, 2, 24, 21, 5, 20, 23, 29, 13, 18, 8, 16, 22, 14, 17, 15, 19, 25, 10, 9, 11, 30, 7, 28, 27, 3, 26]"
ATT2803,random_instance_2803_nodes_30,2803,ATT,30,15388.0,15567.0,1.1632%,0.6344027519226074,"[20, 23, 5, 26, 9, 17, 21, 1, 27, 14, 24, 28, 19, 2, 11, 6, 16, 10, 29, 7, 13, 15, 8, 4, 3, 25, 22, 12, 18, 30, 20]"
ATT2847,random_instance_2847_nodes_30,2847,ATT,30,13814.0,13926.0,0.8108%,0.43669819831848145,"[19, 25, 28, 27, 17, 7, 22, 2, 9, 18, 3, 20, 10, 23, 1, 30, 21, 5, 15, 24, 13, 14, 29, 4, 12, 6, 8, 11, 16, 26, 19]"
ATT2851,random_instance_2851_nodes_30,2851,ATT,30,12847.0,12847.0,0.0000%,1.076277256011963,"[5, 25, 17, 26, 11, 14, 28, 23, 12, 19, 6, 13, 29, 7, 3, 22, 30, 1, 27, 4, 20, 18, 8, 15, 16, 2, 10, 24, 9, 21, 5]"
ATT2870,random_instance_2870_nodes_30,2870,ATT,30,13816.0,14074.0,1.8674%,0.1123502254486084,"[20, 18, 10, 24, 21, 3, 29, 26, 19, 2, 13, 6, 28, 17, 16, 9, 11, 5, 23, 8, 1, 22, 27, 15, 4, 12, 7, 14, 25, 30, 20]"
ATT2881,random_instance_2881_nodes_30,2881,ATT,30,14586.0,14586.0,0.0000%,0.7589032649993896,"[19, 14, 20, 18, 25, 30, 8, 16, 12, 5, 7, 23, 21, 22, 1, 9, 27, 3, 13, 2, 11, 6, 29, 28, 26, 24, 15, 10, 4, 17, 19]"
ATT2885,random_instance_2885_nodes_30,2885,ATT,30,15167.0,15167.0,0.0000%,0.2214527130126953,"[29, 12, 30, 24, 6, 10, 16, 21, 26, 9, 3, 7, 11, 27, 28, 18, 13, 19, 15, 23, 5, 1, 20, 2, 17, 4, 8, 25, 22, 14, 29]"
ATT2900,random_instance_2900_nodes_30,2900,ATT,30,14618.0,14618.0,0.0000%,0.40273022651672363,"[21, 15, 27, 10, 14, 20, 17, 5, 4, 3, 7, 19, 1, 24, 23, 26, 29, 12, 28, 8, 6, 13, 18, 16, 30, 9, 2, 11, 25, 22, 21]"
ATT2925,random_instance_2925_nodes_30,2925,ATT,30,14491.0,14491.0,0.0000%,0.3865995407104492,"[5, 13, 16, 28, 1, 3, 27, 29, 8, 6, 10, 7, 9, 26, 22, 23, 19, 30, 14, 17, 2, 18, 24, 4, 12, 20, 25, 21, 11, 15, 5]"
ATT2927,random_instance_2927_nodes_30,2927,ATT,30,15830.0,15902.0,0.4548%,0.307300329208374,"[13, 15, 21, 4, 3, 2, 12, 23, 14, 10, 27, 20, 5, 18, 22, 9, 7, 30, 16, 11, 6, 24, 25, 29, 8, 17, 19, 1, 28, 26, 13]"
ATT2938,random_instance_2938_nodes_30,2938,ATT,30,13352.0,13410.0,0.4344%,0.535900354385376,"[30, 6, 23, 22, 26, 8, 28, 3, 5, 1, 16, 24, 20, 29, 17, 12, 25, 14, 21, 4, 9, 11, 15, 19, 10, 2, 27, 13, 7, 18, 30]"
ATT2939,random_instance_2939_nodes_30,2939,ATT,30,14492.0,14492.0,0.0000%,0.3057548999786377,"[20, 19, 21, 5, 26, 24, 23, 27, 28, 30, 29, 14, 18, 11, 6, 10, 2, 8, 7, 22, 13, 3, 25, 4, 12, 17, 15, 1, 16, 9, 20]"
ATT2973,random_instance_2973_nodes_30,2973,ATT,30,15057.0,15161.0,0.6907%,0.3184487819671631,"[4, 29, 17, 18, 20, 25, 26, 19, 12, 5, 1, 9, 16, 22, 24, 11, 14, 10, 2, 28, 13, 8, 23, 21, 6, 3, 30, 15, 7, 27, 4]"
ATT2977,random_instance_2977_nodes_30,2977,ATT,30,13252.0,13252.0,0.0000%,0.33335232734680176,"[8, 7, 16, 9, 23, 24, 21, 6, 10, 17, 20, 15, 18, 3, 22, 30, 26, 28, 19, 25, 13, 1, 4, 2, 27, 12, 29, 5, 14, 11, 8]"
ATT2979,random_instance_2979_nodes_30,2979,ATT,30,15345.0,15641.0,1.9290%,0.48624539375305176,"[28, 1, 20, 14, 7, 3, 19, 4, 6, 13, 22, 17, 15, 8, 30, 23, 29, 18, 9, 11, 25, 26, 2, 24, 10, 12, 5, 27, 16, 21, 28]"
ATT3006,random_instance_3006_nodes_30,3006,ATT,30,14355.0,14355.0,0.0000%,0.2702522277832031,"[29, 8, 7, 4, 28, 14, 2, 23, 10, 19, 16, 5, 24, 9, 17, 15, 25, 30, 1, 13, 18, 11, 22, 12, 27, 21, 20, 3, 6, 26, 29]"
ATT3020,random_instance_3020_nodes_30,3020,ATT,30,15421.0,15510.0,0.5771%,0.13744568824768066,"[26, 13, 19, 3, 5, 17, 20, 12, 27, 18, 11, 9, 6, 23, 1, 8, 22, 29, 24, 14, 21, 16, 2, 30, 7, 4, 10, 15, 25, 28, 26]"
ATT3033,random_instance_3033_nodes_30,3033,ATT,30,13947.0,14065.0,0.8461%,0.28141331672668457,"[28, 8, 13, 23, 1, 17, 5, 6, 4, 18, 10, 26, 22, 24, 30, 9, 3, 20, 2, 25, 12, 19, 16, 29, 7, 14, 27, 15, 21, 11, 28]"
ATT3044,random_instance_3044_nodes_30,3044,ATT,30,15454.0,15752.0,1.9283%,0.09199690818786621,"[1, 28, 8, 30, 24, 22, 21, 14, 4, 18, 26, 2, 23, 27, 6, 7, 25, 3, 29, 19, 17, 5, 9, 16, 20, 12, 13, 15, 11, 10, 1]"
ATT3073,random_instance_3073_nodes_30,3073,ATT,30,14791.0,14945.0,1.0412%,0.2744464874267578,"[25, 20, 30, 5, 17, 13, 19, 12, 1, 28, 21, 6, 11, 24, 27, 14, 29, 4, 15, 23, 16, 3, 10, 8, 9, 7, 22, 18, 2, 26, 25]"
ATT3090,random_instance_3090_nodes_30,3090,ATT,30,15585.0,15637.0,0.3337%,0.17468929290771484,"[3, 10, 25, 19, 7, 30, 12, 23, 5, 6, 20, 24, 16, 21, 4, 28, 11, 8, 29, 14, 17, 15, 26, 27, 22, 2, 18, 9, 13, 1, 3]"
ATT3111,random_instance_3111_nodes_30,3111,ATT,30,14581.0,14888.0,2.1055%,0.2908153533935547,"[9, 8, 3, 7, 4, 24, 5, 16, 10, 2, 29, 30, 26, 6, 28, 17, 1, 18, 27, 20, 22, 12, 25, 15, 21, 23, 13, 14, 19, 11, 9]"
ATT3114,random_instance_3114_nodes_30,3114,ATT,30,14836.0,14836.0,0.0000%,0.17716383934020996,"[26, 2, 21, 15, 25, 11, 27, 7, 17, 16, 1, 6, 20, 14, 8, 30, 13, 5, 3, 4, 29, 23, 10, 28, 22, 18, 24, 12, 19, 9, 26]"
ATT3116,random_instance_3116_nodes_30,3116,ATT,30,14624.0,15024.0,2.7352%,0.2370622158050537,"[29, 8, 21, 30, 16, 25, 20, 19, 23, 24, 5, 3, 1, 22, 6, 10, 12, 17, 15, 7, 28, 9, 2, 27, 18, 4, 26, 13, 11, 14, 29]"
ATT3119,random_instance_3119_nodes_30,3119,ATT,30,14761.0,14845.0,0.5691%,0.1761462688446045,"[8, 18, 4, 1, 21, 7, 3, 29, 10, 24, 22, 5, 9, 25, 14, 26, 13, 12, 28, 6, 27, 23, 19, 17, 15, 11, 20, 16, 2, 30, 8]"
ATT3122,random_instance_3122_nodes_30,3122,ATT,30,14132.0,14132.0,0.0000%,0.07698941230773926,"[18, 28, 22, 1, 29, 27, 4, 11, 12, 2, 15, 19, 21, 26, 8, 23, 16, 20, 6, 10, 25, 24, 9, 13, 7, 30, 5, 17, 3, 14, 18]"
ATT3130,random_instance_3130_nodes_30,3130,ATT,30,16079.0,16210.0,0.8147%,0.2616415023803711,"[12, 17, 26, 20, 28, 5, 30, 21, 27, 23, 15, 8, 10, 4, 9, 16, 11, 2, 13, 22, 19, 24, 14, 6, 25, 1, 18, 7, 3, 29, 12]"
ATT3138,random_instance_3138_nodes_30,3138,ATT,30,14596.0,14684.0,0.6029%,0.4048957824707031,"[28, 20, 29, 16, 17, 23, 10, 5, 8, 2, 3, 13, 4, 30, 25, 11, 14, 18, 22, 1, 24, 26, 9, 6, 21, 19, 12, 27, 15, 7, 28]"
ATT3139,random_instance_3139_nodes_30,3139,ATT,30,14035.0,14123.0,0.6270%,0.20609045028686523,"[7, 6, 3, 20, 13, 18, 30, 10, 24, 21, 23, 27, 11, 19, 2, 16, 22, 9, 15, 25, 28, 5, 29, 12, 26, 14, 1, 4, 8, 17, 7]"
ATT3143,random_instance_3143_nodes_30,3143,ATT,30,15834.0,15960.0,0.7958%,0.3473050594329834,"[28, 13, 11, 4, 12, 22, 6, 16, 8, 25, 27, 18, 20, 5, 29, 30, 3, 2, 19, 23, 26, 7, 24, 15, 21, 1, 14, 9, 10, 17, 28]"
ATT3150,random_instance_3150_nodes_30,3150,ATT,30,14456.0,14456.0,0.0000%,0.4610574245452881,"[26, 11, 3, 27, 1, 18, 20, 13, 30, 2, 15, 29, 7, 17, 19, 4, 24, 12, 28, 14, 9, 25, 8, 23, 5, 16, 10, 21, 6, 22, 26]"
ATT3155,random_instance_3155_nodes_30,3155,ATT,30,14395.0,14395.0,0.0000%,0.27083325386047363,"[15, 14, 8, 10, 4, 25, 16, 5, 28, 6, 23, 12, 13, 7, 19, 24, 29, 9, 17, 20, 22, 30, 1, 11, 3, 26, 21, 2, 27, 18, 15]"
ATT3164,random_instance_3164_nodes_30,3164,ATT,30,11981.0,12022.0,0.3422%,0.2268671989440918,"[10, 2, 3, 8, 19, 23, 9, 4, 29, 28, 7, 30, 13, 5, 27, 11, 6, 24, 14, 22, 18, 25, 1, 16, 12, 20, 17, 21, 15, 26, 10]"
ATT3180,random_instance_3180_nodes_30,3180,ATT,30,13409.0,13568.0,1.1858%,0.145582914352417,"[27, 30, 8, 4, 24, 20, 7, 17, 14, 5, 18, 21, 12, 2, 1, 11, 22, 28, 15, 10, 3, 13, 25, 23, 29, 6, 19, 9, 26, 16, 27]"
ATT3185,random_instance_3185_nodes_30,3185,ATT,30,14213.0,14213.0,0.0000%,0.17307543754577637,"[20, 16, 1, 26, 7, 30, 6, 12, 13, 2, 23, 3, 14, 27, 22, 15, 29, 19, 11, 5, 9, 24, 21, 4, 17, 10, 8, 25, 18, 28, 20]"
ATT3228,random_instance_3228_nodes_30,3228,ATT,30,15236.0,15276.0,0.2625%,0.3913125991821289,"[13, 27, 26, 15, 7, 14, 4, 22, 25, 16, 18, 20, 21, 28, 2, 3, 23, 9, 8, 17, 12, 6, 1, 11, 19, 24, 30, 29, 10, 5, 13]"
ATT3241,random_instance_3241_nodes_30,3241,ATT,30,15646.0,15742.0,0.6136%,0.5027506351470947,"[21, 15, 28, 27, 25, 9, 6, 18, 14, 3, 13, 2, 20, 4, 17, 11, 7, 19, 1, 26, 10, 16, 24, 30, 8, 5, 29, 22, 23, 12, 21]"
ATT3249,random_instance_3249_nodes_30,3249,ATT,30,14283.0,14283.0,0.0000%,0.6264317035675049,"[7, 11, 25, 21, 5, 28, 26, 27, 18, 14, 13, 23, 29, 16, 6, 2, 22, 1, 3, 12, 24, 9, 30, 8, 20, 4, 17, 19, 10, 15, 7]"
ATT3257,random_instance_3257_nodes_30,3257,ATT,30,13881.0,13881.0,0.0000%,0.29076504707336426,"[29, 27, 1, 25, 4, 30, 19, 15, 10, 14, 8, 26, 13, 2, 7, 6, 16, 20, 17, 24, 9, 28, 11, 12, 23, 21, 3, 18, 5, 22, 29]"
ATT3258,random_instance_3258_nodes_30,3258,ATT,30,16024.0,16055.0,0.1935%,0.301058292388916,"[23, 4, 6, 9, 18, 28, 22, 27, 21, 13, 3, 2, 19, 5, 29, 26, 11, 12, 16, 24, 25, 14, 8, 20, 15, 1, 7, 10, 17, 30, 23]"
ATT3262,random_instance_3262_nodes_30,3262,ATT,30,15039.0,15276.0,1.5759%,0.5534236431121826,"[19, 9, 29, 17, 12, 21, 23, 2, 4, 5, 28, 14, 13, 26, 8, 7, 20, 3, 11, 6, 16, 1, 22, 27, 30, 15, 18, 25, 10, 24, 19]"
ATT3266,random_instance_3266_nodes_30,3266,ATT,30,13498.0,13498.0,0.0000%,0.323850154876709,"[13, 26, 25, 27, 8, 19, 1, 21, 3, 7, 15, 20, 18, 30, 28, 29, 2, 10, 17, 14, 23, 12, 22, 6, 5, 9, 11, 16, 4, 24, 13]"
ATT3269,random_instance_3269_nodes_30,3269,ATT,30,15119.0,15689.0,3.7701%,0.3271598815917969,"[23, 11, 22, 13, 24, 10, 15, 12, 30, 3, 7, 16, 5, 19, 29, 20, 27, 8, 21, 4, 9, 1, 2, 14, 17, 25, 6, 18, 28, 26, 23]"
ATT3295,random_instance_3295_nodes_30,3295,ATT,30,14328.0,14550.0,1.5494%,0.21922945976257324,"[14, 18, 2, 12, 28, 1, 29, 10, 22, 25, 20, 4, 5, 3, 6, 26, 27, 11, 24, 13, 23, 21, 17, 19, 30, 8, 16, 7, 9, 15, 14]"
GEO6,random_instance_6_nodes_10,6,GEO,10,55044.0,55044.0,0.0000%,0.02699446678161621,"[1, 2, 5, 4, 6, 9, 8, 7, 3, 10, 1]"
GEO9,random_instance_9_nodes_10,9,GEO,10,54473.0,54473.0,0.0000%,0.05755162239074707,"[9, 2, 4, 10, 8, 5, 1, 7, 3, 6, 9]"
GEO18,random_instance_18_nodes_10,18,GEO,10,51580.0,52150.0,1.1051%,0.040152788162231445,"[6, 5, 4, 8, 7, 9, 10, 2, 3, 1, 6]"
GEO27,random_instance_27_nodes_10,27,GEO,10,45928.0,45928.0,0.0000%,0.04509878158569336,"[10, 3, 6, 4, 1, 7, 2, 8, 9, 5, 10]"
GEO35,random_instance_35_nodes_10,35,GEO,10,57829.0,57829.0,0.0000%,0.048448801040649414,"[6, 9, 5, 3, 8, 4, 2, 7, 1, 10, 6]"
GEO42,random_instance_42_nodes_10,42,GEO,10,52235.0,52235.0,0.0000%,0.031346797943115234,"[8, 5, 9, 1, 7, 3, 10, 4, 2, 6, 8]"
GEO43,random_instance_43_nodes_10,43,GEO,10,54728.0,54728.0,0.0000%,0.024327993392944336,"[7, 9, 1, 3, 4, 8, 5, 6, 10, 2, 7]"
GEO53,random_instance_53_nodes_10,53,GEO,10,48489.0,48489.0,0.0000%,0.02572488784790039,"[7, 3, 5, 1, 8, 2, 9, 6, 4, 10, 7]"
GEO58,random_instance_58_nodes_10,58,GEO,10,54588.0,54588.0,0.0000%,0.028729677200317383,"[10, 4, 3, 6, 9, 7, 1, 5, 8, 2, 10]"
GEO90,random_instance_90_nodes_10,90,GEO,10,48298.0,48298.0,0.0000%,0.0257260799407959,"[4, 8, 9, 5, 7, 1, 10, 6, 3, 2, 4]"
GEO96,random_instance_96_nodes_10,96,GEO,10,49545.0,49703.0,0.3189%,0.022405624389648438,"[7, 1, 9, 8, 10, 5, 4, 2, 3, 6, 7]"
GEO106,random_instance_106_nodes_10,106,GEO,10,49213.0,49213.0,0.0000%,0.038065433502197266,"[6, 7, 3, 9, 2, 8, 5, 10, 4, 1, 6]"
GEO117,random_instance_117_nodes_10,117,GEO,10,48723.0,48723.0,0.0000%,0.03430676460266113,"[2, 3, 10, 9, 4, 6, 5, 7, 8, 1, 2]"
GEO128,random_instance_128_nodes_10,128,GEO,10,46984.0,46984.0,0.0000%,0.02232837677001953,"[3, 9, 8, 7, 5, 10, 1, 2, 6, 4, 3]"
GEO152,random_instance_152_nodes_10,152,GEO,10,54160.0,54160.0,0.0000%,0.0311887264251709,"[4, 10, 7, 3, 5, 2, 6, 9, 1, 8, 4]"
GEO158,random_instance_158_nodes_10,158,GEO,10,51408.0,51408.0,0.0000%,0.022118806838989258,"[6, 10, 4, 3, 9, 8, 5, 1, 2, 7, 6]"
GEO166,random_instance_166_nodes_10,166,GEO,10,52114.0,52114.0,0.0000%,0.03570818901062012,"[7, 5, 1, 8, 4, 9, 3, 10, 2, 6, 7]"
GEO188,random_instance_188_nodes_10,188,GEO,10,48603.0,48603.0,0.0000%,0.03911566734313965,"[1, 9, 2, 8, 7, 4, 10, 6, 3, 5, 1]"
GEO200,random_instance_200_nodes_10,200,GEO,10,53008.0,53008.0,0.0000%,0.04121875762939453,"[4, 1, 6, 8, 9, 2, 10, 5, 3, 7, 4]"
GEO207,random_instance_207_nodes_10,207,GEO,10,41132.0,41132.0,0.0000%,0.0215303897857666,"[7, 10, 3, 2, 1, 6, 5, 8, 9, 4, 7]"
GEO224,random_instance_224_nodes_10,224,GEO,10,58258.0,58258.0,0.0000%,0.055005550384521484,"[6, 1, 4, 7, 9, 8, 3, 10, 5, 2, 6]"
GEO231,random_instance_231_nodes_10,231,GEO,10,47281.0,47281.0,0.0000%,0.058264732360839844,"[10, 7, 4, 2, 6, 5, 9, 3, 8, 1, 10]"
GEO241,random_instance_241_nodes_10,241,GEO,10,57293.0,57293.0,0.0000%,0.03000187873840332,"[7, 9, 5, 3, 6, 8, 2, 4, 10, 1, 7]"
GEO251,random_instance_251_nodes_10,251,GEO,10,56515.0,56515.0,0.0000%,0.024445772171020508,"[8, 3, 4, 7, 10, 9, 6, 2, 5, 1, 8]"
GEO282,random_instance_282_nodes_10,282,GEO,10,51510.0,51510.0,0.0000%,0.03269076347351074,"[6, 9, 10, 8, 3, 5, 4, 1, 7, 2, 6]"
GEO317,random_instance_317_nodes_10,317,GEO,10,49645.0,49645.0,0.0000%,0.02642369270324707,"[3, 1, 9, 4, 10, 6, 2, 5, 8, 7, 3]"
GEO319,random_instance_319_nodes_10,319,GEO,10,53072.0,53072.0,0.0000%,0.025629758834838867,"[6, 5, 9, 1, 10, 3, 4, 2, 8, 7, 6]"
GEO320,random_instance_320_nodes_10,320,GEO,10,53318.0,53318.0,0.0000%,0.05791425704956055,"[1, 4, 10, 9, 5, 7, 8, 6, 2, 3, 1]"
GEO333,random_instance_333_nodes_10,333,GEO,10,48860.0,48860.0,0.0000%,0.04750418663024902,"[6, 5, 9, 7, 4, 3, 10, 8, 2, 1, 6]"
GEO339,random_instance_339_nodes_10,339,GEO,10,55344.0,55344.0,0.0000%,0.03578519821166992,"[7, 5, 3, 8, 2, 1, 4, 10, 6, 9, 7]"
GEO344,random_instance_344_nodes_10,344,GEO,10,54587.0,54587.0,0.0000%,0.025263071060180664,"[5, 3, 4, 8, 2, 10, 1, 9, 6, 7, 5]"
GEO387,random_instance_387_nodes_10,387,GEO,10,50207.0,50207.0,0.0000%,0.028838157653808594,"[3, 1, 2, 8, 6, 9, 5, 10, 4, 7, 3]"
GEO400,random_instance_400_nodes_10,400,GEO,10,48448.0,48448.0,0.0000%,0.02468395233154297,"[9, 4, 3, 10, 6, 1, 5, 2, 8, 7, 9]"
GEO406,random_instance_406_nodes_10,406,GEO,10,58492.0,58492.0,0.0000%,0.024447202682495117,"[10, 7, 1, 2, 5, 8, 4, 3, 9, 6, 10]"
GEO409,random_instance_409_nodes_10,409,GEO,10,58510.0,58510.0,0.0000%,0.02845478057861328,"[9, 3, 4, 6, 10, 2, 7, 8, 1, 5, 9]"
GEO420,random_instance_420_nodes_10,420,GEO,10,56606.0,56606.0,0.0000%,0.042832136154174805,"[2, 6, 10, 8, 1, 4, 9, 7, 3, 5, 2]"
GEO423,random_instance_423_nodes_10,423,GEO,10,43906.0,43906.0,0.0000%,0.030026674270629883,"[10, 3, 7, 4, 8, 5, 9, 2, 6, 1, 10]"
GEO434,random_instance_434_nodes_10,434,GEO,10,56027.0,56027.0,0.0000%,0.04235196113586426,"[10, 2, 8, 6, 1, 4, 9, 5, 7, 3, 10]"
GEO441,random_instance_441_nodes_10,441,GEO,10,50554.0,50554.0,0.0000%,0.025126218795776367,"[8, 6, 1, 2, 3, 4, 10, 5, 7, 9, 8]"
GEO444,random_instance_444_nodes_10,444,GEO,10,51068.0,51068.0,0.0000%,0.027910947799682617,"[10, 9, 5, 2, 6, 7, 1, 4, 8, 3, 10]"
GEO452,random_instance_452_nodes_10,452,GEO,10,54165.0,54165.0,0.0000%,0.020424365997314453,"[9, 2, 1, 7, 3, 4, 6, 8, 10, 5, 9]"
GEO470,random_instance_470_nodes_10,470,GEO,10,48760.0,48760.0,0.0000%,0.020587444305419922,"[1, 5, 4, 10, 7, 2, 8, 9, 3, 6, 1]"
GEO472,random_instance_472_nodes_10,472,GEO,10,54215.0,54215.0,0.0000%,0.0190889835357666,"[3, 8, 4, 7, 5, 2, 1, 10, 6, 9, 3]"
GEO474,random_instance_474_nodes_10,474,GEO,10,46695.0,46695.0,0.0000%,0.03539848327636719,"[2, 9, 10, 8, 5, 4, 6, 7, 3, 1, 2]"
GEO475,random_instance_475_nodes_10,475,GEO,10,47045.0,47045.0,0.0000%,0.03500199317932129,"[2, 6, 5, 1, 9, 7, 3, 8, 4, 10, 2]"
GEO488,random_instance_488_nodes_10,488,GEO,10,39991.0,39991.0,0.0000%,0.021889448165893555,"[9, 3, 10, 1, 7, 5, 8, 2, 4, 6, 9]"
GEO508,random_instance_508_nodes_10,508,GEO,10,53604.0,53604.0,0.0000%,0.028254985809326172,"[5, 3, 6, 2, 4, 7, 10, 1, 8, 9, 5]"
GEO514,random_instance_514_nodes_10,514,GEO,10,53849.0,53849.0,0.0000%,0.04650163650512695,"[6, 1, 5, 10, 9, 7, 3, 8, 4, 2, 6]"
GEO520,random_instance_520_nodes_10,520,GEO,10,54223.0,54223.0,0.0000%,0.023174762725830078,"[5, 2, 4, 9, 1, 3, 8, 6, 7, 10, 5]"
GEO525,random_instance_525_nodes_10,525,GEO,10,59049.0,59049.0,0.0000%,0.024011611938476562,"[2, 10, 9, 6, 4, 7, 8, 3, 5, 1, 2]"
GEO534,random_instance_534_nodes_10,534,GEO,10,52644.0,52546.0,-0.1862%,0.018146038055419922,"[8, 2, 3, 6, 1, 10, 4, 7, 9, 5, 8]"
GEO588,random_instance_588_nodes_10,588,GEO,10,53193.0,53193.0,0.0000%,0.04849576950073242,"[1, 7, 10, 6, 8, 5, 4, 9, 3, 2, 1]"
GEO590,random_instance_590_nodes_10,590,GEO,10,47758.0,47758.0,0.0000%,0.052184343338012695,"[4, 9, 6, 7, 2, 3, 10, 5, 1, 8, 4]"
GEO601,random_instance_601_nodes_10,601,GEO,10,50508.0,50508.0,0.0000%,0.05286598205566406,"[6, 3, 9, 8, 1, 2, 5, 7, 10, 4, 6]"
GEO606,random_instance_606_nodes_10,606,GEO,10,49318.0,49318.0,0.0000%,0.04776120185852051,"[4, 1, 5, 2, 9, 6, 10, 7, 3, 8, 4]"
GEO626,random_instance_626_nodes_10,626,GEO,10,57220.0,57220.0,0.0000%,0.02289104461669922,"[8, 1, 2, 9, 3, 5, 7, 10, 6, 4, 8]"
GEO634,random_instance_634_nodes_10,634,GEO,10,46743.0,46743.0,0.0000%,0.047876596450805664,"[5, 7, 9, 6, 10, 4, 2, 1, 3, 8, 5]"
GEO651,random_instance_651_nodes_10,651,GEO,10,55267.0,55267.0,0.0000%,0.05296754837036133,"[1, 3, 4, 6, 9, 10, 2, 7, 8, 5, 1]"
GEO653,random_instance_653_nodes_10,653,GEO,10,50027.0,50027.0,0.0000%,0.024300098419189453,"[9, 2, 1, 7, 8, 5, 6, 3, 10, 4, 9]"
GEO659,random_instance_659_nodes_10,659,GEO,10,53537.0,53537.0,0.0000%,0.05028367042541504,"[7, 10, 5, 9, 2, 4, 1, 3, 6, 8, 7]"
GEO672,random_instance_672_nodes_10,672,GEO,10,46133.0,46133.0,0.0000%,0.04027247428894043,"[9, 10, 1, 3, 6, 2, 5, 7, 4, 8, 9]"
GEO685,random_instance_685_nodes_10,685,GEO,10,47930.0,47930.0,0.0000%,0.03897285461425781,"[5, 8, 1, 10, 4, 9, 2, 6, 7, 3, 5]"
GEO711,random_instance_711_nodes_10,711,GEO,10,44922.0,44922.0,0.0000%,0.025976181030273438,"[7, 5, 6, 9, 3, 10, 1, 8, 4, 2, 7]"
GEO715,random_instance_715_nodes_10,715,GEO,10,51246.0,51246.0,0.0000%,0.032605886459350586,"[4, 10, 1, 8, 5, 7, 3, 9, 6, 2, 4]"
GEO722,random_instance_722_nodes_10,722,GEO,10,54755.0,55436.0,1.2437%,0.02601456642150879,"[2, 1, 9, 6, 7, 3, 10, 4, 8, 5, 2]"
GEO727,random_instance_727_nodes_10,727,GEO,10,59966.0,60317.0,0.5853%,0.02960348129272461,"[8, 9, 4, 5, 7, 3, 10, 1, 2, 6, 8]"
GEO745,random_instance_745_nodes_10,745,GEO,10,57002.0,57002.0,0.0000%,0.03492617607116699,"[4, 6, 3, 5, 2, 9, 1, 8, 7, 10, 4]"
GEO750,random_instance_750_nodes_10,750,GEO,10,47910.0,47910.0,0.0000%,0.03205132484436035,"[10, 8, 1, 6, 7, 3, 5, 4, 9, 2, 10]"
GEO753,random_instance_753_nodes_10,753,GEO,10,54204.0,54204.0,0.0000%,0.031324148178100586,"[1, 5, 8, 4, 2, 10, 9, 7, 3, 6, 1]"
GEO757,random_instance_757_nodes_10,757,GEO,10,54839.0,54839.0,0.0000%,0.03149294853210449,"[3, 5, 2, 9, 8, 4, 7, 6, 1, 10, 3]"
GEO771,random_instance_771_nodes_10,771,GEO,10,55476.0,55476.0,0.0000%,0.03479170799255371,"[1, 10, 6, 3, 4, 8, 7, 5, 9, 2, 1]"
GEO821,random_instance_821_nodes_10,821,GEO,10,58979.0,58979.0,0.0000%,0.03275275230407715,"[2, 6, 1, 3, 8, 9, 10, 4, 7, 5, 2]"
GEO822,random_instance_822_nodes_10,822,GEO,10,54339.0,54339.0,0.0000%,0.024613380432128906,"[1, 8, 3, 10, 4, 9, 7, 6, 2, 5, 1]"
GEO823,random_instance_823_nodes_10,823,GEO,10,57254.0,57254.0,0.0000%,0.051999807357788086,"[3, 7, 5, 6, 10, 4, 2, 8, 1, 9, 3]"
GEO828,random_instance_828_nodes_10,828,GEO,10,45576.0,45576.0,0.0000%,0.04252791404724121,"[3, 7, 9, 4, 2, 1, 5, 6, 10, 8, 3]"
GEO832,random_instance_832_nodes_10,832,GEO,10,55498.0,55498.0,0.0000%,0.04706692695617676,"[6, 10, 2, 3, 4, 5, 1, 8, 9, 7, 6]"
GEO841,random_instance_841_nodes_10,841,GEO,10,50569.0,50569.0,0.0000%,0.04467272758483887,"[6, 7, 10, 4, 9, 8, 5, 1, 3, 2, 6]"
GEO845,random_instance_845_nodes_10,845,GEO,10,48124.0,48124.0,0.0000%,0.02975630760192871,"[1, 8, 6, 10, 9, 2, 7, 5, 4, 3, 1]"
GEO853,random_instance_853_nodes_10,853,GEO,10,48629.0,48629.0,0.0000%,0.02712392807006836,"[3, 1, 8, 5, 9, 10, 7, 2, 4, 6, 3]"
GEO878,random_instance_878_nodes_10,878,GEO,10,50705.0,50705.0,0.0000%,0.04448652267456055,"[6, 9, 4, 8, 1, 7, 2, 3, 5, 10, 6]"
GEO887,random_instance_887_nodes_10,887,GEO,10,54784.0,54784.0,0.0000%,0.03268742561340332,"[9, 7, 4, 1, 5, 2, 3, 6, 8, 10, 9]"
GEO888,random_instance_888_nodes_10,888,GEO,10,57124.0,57124.0,0.0000%,0.03289151191711426,"[5, 10, 6, 7, 4, 2, 8, 1, 3, 9, 5]"
GEO893,random_instance_893_nodes_10,893,GEO,10,56067.0,61540.0,9.7615%,0.03874921798706055,"[4, 5, 3, 8, 1, 7, 6, 10, 2, 9, 4]"
GEO916,random_instance_916_nodes_10,916,GEO,10,53968.0,53968.0,0.0000%,0.02333664894104004,"[6, 3, 8, 4, 9, 5, 1, 2, 7, 10, 6]"
GEO919,random_instance_919_nodes_10,919,GEO,10,43196.0,43196.0,0.0000%,0.02282261848449707,"[7, 9, 2, 4, 3, 5, 10, 8, 6, 1, 7]"
GEO931,random_instance_931_nodes_10,931,GEO,10,57912.0,57912.0,0.0000%,0.02238631248474121,"[1, 4, 3, 2, 5, 7, 6, 10, 9, 8, 1]"
GEO936,random_instance_936_nodes_10,936,GEO,10,51778.0,51778.0,0.0000%,0.027624130249023438,"[5, 4, 1, 3, 6, 7, 2, 10, 9, 8, 5]"
GEO949,random_instance_949_nodes_10,949,GEO,10,37492.0,37492.0,0.0000%,0.03139233589172363,"[10, 1, 8, 6, 3, 2, 9, 7, 5, 4, 10]"
GEO958,random_instance_958_nodes_10,958,GEO,10,50912.0,50912.0,0.0000%,0.02134847640991211,"[9, 8, 10, 2, 3, 7, 6, 4, 1, 5, 9]"
GEO960,random_instance_960_nodes_10,960,GEO,10,48680.0,48680.0,0.0000%,0.039101362228393555,"[8, 1, 4, 6, 9, 3, 2, 5, 10, 7, 8]"
GEO964,random_instance_964_nodes_10,964,GEO,10,50239.0,50239.0,0.0000%,0.0388643741607666,"[5, 2, 1, 8, 10, 6, 3, 4, 7, 9, 5]"
GEO977,random_instance_977_nodes_10,977,GEO,10,51040.0,51040.0,0.0000%,0.028824329376220703,"[3, 2, 7, 1, 8, 5, 10, 9, 6, 4, 3]"
GEO986,random_instance_986_nodes_10,986,GEO,10,49658.0,49658.0,0.0000%,0.026554346084594727,"[4, 2, 6, 9, 5, 1, 7, 3, 8, 10, 4]"
GEO993,random_instance_993_nodes_10,993,GEO,10,51834.0,51834.0,0.0000%,0.02547764778137207,"[5, 4, 7, 3, 9, 8, 2, 6, 10, 1, 5]"
GEO998,random_instance_998_nodes_10,998,GEO,10,51487.0,51487.0,0.0000%,0.02739262580871582,"[9, 4, 10, 2, 7, 1, 6, 3, 5, 8, 9]"
GEO1020,random_instance_1020_nodes_10,1020,GEO,10,51031.0,51031.0,0.0000%,0.031120777130126953,"[3, 7, 5, 9, 1, 4, 10, 6, 8, 2, 3]"
GEO1040,random_instance_1040_nodes_10,1040,GEO,10,45467.0,45467.0,0.0000%,0.023981332778930664,"[5, 7, 6, 2, 3, 4, 10, 8, 9, 1, 5]"
GEO1049,random_instance_1049_nodes_10,1049,GEO,10,49449.0,49449.0,0.0000%,0.0350489616394043,"[3, 6, 5, 7, 9, 10, 8, 1, 4, 2, 3]"
GEO1052,random_instance_1052_nodes_10,1052,GEO,10,50105.0,50105.0,0.0000%,0.038559913635253906,"[10, 4, 7, 1, 2, 3, 5, 8, 6, 9, 10]"
GEO1070,random_instance_1070_nodes_10,1070,GEO,10,57060.0,57060.0,0.0000%,0.033606767654418945,"[1, 6, 7, 3, 4, 2, 9, 10, 5, 8, 1]"
GEO1084,random_instance_1084_nodes_10,1084,GEO,10,47762.0,47762.0,0.0000%,0.020580053329467773,"[7, 1, 6, 5, 8, 3, 2, 9, 10, 4, 7]"
GEO1104,random_instance_1104_nodes_10,1104,GEO,10,53770.0,53770.0,0.0000%,0.029390335083007812,"[1, 4, 3, 8, 9, 7, 5, 2, 10, 6, 1]"
GEO1113,random_instance_1113_nodes_20,1113,GEO,20,73080.0,73080.0,0.0000%,0.05916118621826172,"[16, 18, 5, 19, 20, 17, 14, 1, 13, 12, 9, 8, 6, 7, 10, 4, 2, 15, 3, 11, 16]"
GEO1121,random_instance_1121_nodes_20,1121,GEO,20,69609.0,71269.0,2.3847%,0.09711933135986328,"[7, 4, 6, 14, 5, 2, 10, 9, 3, 8, 17, 1, 20, 15, 18, 16, 19, 13, 11, 12, 7]"
GEO1122,random_instance_1122_nodes_20,1122,GEO,20,75348.0,77002.0,2.1951%,0.05608630180358887,"[14, 3, 15, 13, 10, 1, 20, 4, 19, 12, 18, 8, 7, 11, 6, 5, 9, 17, 16, 2, 14]"
GEO1124,random_instance_1124_nodes_20,1124,GEO,20,74474.0,74712.0,0.3196%,0.1285409927368164,"[10, 11, 3, 4, 15, 17, 12, 18, 6, 7, 19, 14, 2, 16, 13, 5, 1, 20, 8, 9, 10]"
GEO1127,random_instance_1127_nodes_20,1127,GEO,20,70900.0,75829.0,6.9520%,0.24088025093078613,"[17, 12, 4, 14, 18, 16, 9, 20, 1, 7, 13, 11, 6, 19, 15, 2, 3, 5, 10, 8, 17]"
GEO1129,random_instance_1129_nodes_20,1129,GEO,20,70754.0,70754.0,0.0000%,0.10794425010681152,"[3, 6, 9, 13, 14, 11, 8, 2, 4, 5, 18, 15, 20, 16, 7, 12, 19, 10, 1, 17, 3]"
GEO1133,random_instance_1133_nodes_20,1133,GEO,20,75462.0,77731.0,3.0068%,0.09179878234863281,"[5, 18, 10, 1, 12, 6, 3, 17, 8, 14, 19, 9, 7, 16, 20, 15, 2, 13, 11, 4, 5]"
GEO1137,random_instance_1137_nodes_20,1137,GEO,20,73443.0,75146.0,2.3188%,0.06483030319213867,"[8, 13, 6, 19, 3, 15, 20, 10, 1, 5, 4, 7, 9, 17, 14, 11, 12, 18, 2, 16, 8]"
GEO1139,random_instance_1139_nodes_20,1139,GEO,20,68585.0,68585.0,0.0000%,0.09617280960083008,"[8, 2, 10, 14, 11, 16, 12, 7, 3, 9, 17, 13, 6, 18, 20, 1, 4, 5, 15, 19, 8]"
GEO1143,random_instance_1143_nodes_20,1143,GEO,20,59232.0,60392.0,1.9584%,0.06040835380554199,"[12, 18, 16, 20, 19, 6, 15, 7, 2, 10, 5, 3, 4, 13, 9, 14, 1, 17, 8, 11, 12]"
GEO1146,random_instance_1146_nodes_20,1146,GEO,20,76667.0,78929.0,2.9504%,0.06029629707336426,"[15, 16, 8, 6, 4, 7, 18, 5, 11, 3, 1, 19, 14, 10, 9, 17, 20, 2, 13, 12, 15]"
GEO1160,random_instance_1160_nodes_20,1160,GEO,20,61237.0,61237.0,0.0000%,0.05634760856628418,"[12, 11, 3, 1, 7, 16, 15, 4, 6, 8, 14, 13, 18, 10, 9, 17, 5, 20, 2, 19, 12]"
GEO1163,random_instance_1163_nodes_20,1163,GEO,20,63958.0,65071.0,1.7402%,0.15568017959594727,"[16, 2, 9, 12, 17, 7, 14, 15, 11, 4, 19, 20, 10, 1, 18, 13, 3, 5, 8, 6, 16]"
GEO1166,random_instance_1166_nodes_20,1166,GEO,20,65659.0,66575.0,1.3951%,0.15807795524597168,"[4, 5, 3, 20, 2, 18, 1, 9, 7, 8, 19, 14, 10, 17, 6, 11, 12, 16, 13, 15, 4]"
GEO1169,random_instance_1169_nodes_20,1169,GEO,20,76054.0,76049.0,-0.0066%,0.11284422874450684,"[4, 3, 15, 10, 12, 18, 1, 7, 14, 20, 5, 2, 17, 16, 9, 19, 13, 6, 11, 8, 4]"
GEO1188,random_instance_1188_nodes_20,1188,GEO,20,79344.0,79857.0,0.6466%,0.05916309356689453,"[14, 2, 17, 3, 11, 15, 10, 16, 9, 19, 13, 6, 8, 12, 1, 18, 4, 7, 20, 5, 14]"
GEO1193,random_instance_1193_nodes_20,1193,GEO,20,71725.0,72759.0,1.4416%,0.0468142032623291,"[9, 16, 1, 2, 15, 12, 3, 20, 18, 17, 4, 5, 10, 8, 19, 11, 7, 14, 13, 6, 9]"
GEO1200,random_instance_1200_nodes_20,1200,GEO,20,70180.0,70180.0,0.0000%,0.04309391975402832,"[15, 4, 12, 13, 14, 9, 18, 1, 17, 2, 19, 3, 5, 10, 11, 8, 7, 16, 6, 20, 15]"
GEO1213,random_instance_1213_nodes_20,1213,GEO,20,73587.0,74092.0,0.6863%,0.05671381950378418,"[16, 5, 6, 9, 17, 13, 14, 7, 15, 19, 2, 11, 4, 10, 1, 18, 3, 20, 8, 12, 16]"
GEO1225,random_instance_1225_nodes_20,1225,GEO,20,76944.0,78137.0,1.5505%,0.08050155639648438,"[20, 4, 7, 18, 3, 1, 14, 19, 12, 15, 17, 9, 16, 10, 8, 2, 6, 5, 11, 13, 20]"
GEO1229,random_instance_1229_nodes_20,1229,GEO,20,79060.0,79060.0,0.0000%,0.06375980377197266,"[7, 18, 17, 20, 11, 1, 13, 14, 10, 5, 2, 12, 8, 6, 9, 4, 3, 19, 16, 15, 7]"
GEO1232,random_instance_1232_nodes_20,1232,GEO,20,72662.0,72662.0,0.0000%,0.06963133811950684,"[16, 6, 9, 19, 4, 8, 18, 20, 5, 7, 2, 3, 14, 12, 11, 10, 15, 17, 1, 13, 16]"
GEO1235,random_instance_1235_nodes_20,1235,GEO,20,66732.0,66732.0,0.0000%,0.07074880599975586,"[15, 19, 14, 12, 1, 10, 9, 2, 7, 3, 4, 6, 11, 5, 20, 13, 17, 8, 16, 18, 15]"
GEO1245,random_instance_1245_nodes_20,1245,GEO,20,75457.0,75457.0,0.0000%,0.06741118431091309,"[7, 15, 9, 1, 3, 17, 20, 5, 10, 11, 13, 12, 8, 14, 4, 2, 6, 16, 19, 18, 7]"
GEO1269,random_instance_1269_nodes_20,1269,GEO,20,79297.0,80444.0,1.4465%,0.08008027076721191,"[1, 4, 9, 8, 19, 18, 17, 7, 11, 16, 6, 10, 5, 13, 12, 20, 3, 15, 2, 14, 1]"
GEO1290,random_instance_1290_nodes_20,1290,GEO,20,70470.0,70470.0,0.0000%,0.07013773918151855,"[8, 18, 15, 5, 16, 11, 7, 20, 17, 4, 19, 6, 1, 13, 12, 3, 2, 9, 10, 14, 8]"
GEO1291,random_instance_1291_nodes_20,1291,GEO,20,71037.0,71037.0,0.0000%,0.09546899795532227,"[2, 9, 11, 17, 8, 20, 15, 18, 12, 6, 5, 10, 13, 14, 3, 4, 1, 19, 16, 7, 2]"
GEO1307,random_instance_1307_nodes_20,1307,GEO,20,73162.0,74862.0,2.3236%,0.06252789497375488,"[6, 5, 1, 7, 19, 16, 20, 10, 15, 13, 9, 12, 11, 3, 2, 18, 8, 14, 17, 4, 6]"
GEO1312,random_instance_1312_nodes_20,1312,GEO,20,71924.0,72311.0,0.5381%,0.10201621055603027,"[17, 14, 15, 3, 4, 6, 8, 20, 1, 16, 7, 13, 5, 9, 19, 12, 2, 11, 18, 10, 17]"
GEO1315,random_instance_1315_nodes_20,1315,GEO,20,72954.0,77761.0,6.5891%,0.16144919395446777,"[10, 7, 8, 11, 4, 1, 2, 16, 12, 15, 18, 9, 3, 14, 17, 5, 6, 13, 19, 20, 10]"
GEO1317,random_instance_1317_nodes_20,1317,GEO,20,74600.0,74600.0,0.0000%,0.0955967903137207,"[7, 8, 17, 15, 5, 16, 14, 1, 20, 12, 2, 13, 18, 6, 3, 10, 4, 19, 9, 11, 7]"
GEO1320,random_instance_1320_nodes_20,1320,GEO,20,63746.0,63983.0,0.3718%,0.1149599552154541,"[4, 17, 6, 1, 7, 15, 13, 8, 9, 11, 12, 10, 3, 19, 16, 5, 20, 2, 18, 14, 4]"
GEO1330,random_instance_1330_nodes_20,1330,GEO,20,74524.0,74518.0,-0.0081%,0.09179902076721191,"[12, 5, 2, 16, 10, 14, 19, 18, 3, 9, 13, 17, 20, 8, 15, 6, 1, 7, 4, 11, 12]"
GEO1341,random_instance_1341_nodes_20,1341,GEO,20,69173.0,72408.0,4.6767%,0.0594630241394043,"[7, 20, 6, 10, 8, 5, 4, 2, 9, 14, 12, 11, 19, 15, 16, 17, 13, 1, 18, 3, 7]"
GEO1343,random_instance_1343_nodes_20,1343,GEO,20,69671.0,69955.0,0.4076%,0.08786535263061523,"[11, 14, 19, 20, 15, 17, 12, 1, 3, 16, 2, 4, 13, 9, 6, 5, 18, 7, 10, 8, 11]"
GEO1375,random_instance_1375_nodes_20,1375,GEO,20,68419.0,68419.0,0.0000%,0.12451863288879395,"[20, 11, 18, 10, 12, 5, 15, 9, 19, 7, 13, 8, 4, 3, 6, 16, 14, 17, 1, 2, 20]"
GEO1389,random_instance_1389_nodes_20,1389,GEO,20,71407.0,71407.0,0.0000%,0.11624622344970703,"[1, 10, 18, 14, 13, 20, 4, 7, 9, 12, 11, 6, 16, 3, 15, 8, 5, 17, 19, 2, 1]"
GEO1395,random_instance_1395_nodes_20,1395,GEO,20,64815.0,64815.0,0.0000%,0.1013791561126709,"[4, 8, 2, 15, 5, 10, 17, 12, 7, 11, 9, 19, 3, 13, 20, 14, 6, 1, 18, 16, 4]"
GEO1402,random_instance_1402_nodes_20,1402,GEO,20,57925.0,57925.0,0.0000%,0.08959341049194336,"[14, 12, 9, 5, 2, 6, 11, 1, 3, 17, 7, 10, 20, 18, 16, 15, 13, 4, 8, 19, 14]"
GEO1403,random_instance_1403_nodes_20,1403,GEO,20,63976.0,63976.0,0.0000%,0.08589768409729004,"[5, 1, 18, 8, 20, 10, 2, 6, 13, 7, 9, 14, 16, 11, 19, 12, 15, 3, 17, 4, 5]"
GEO1419,random_instance_1419_nodes_20,1419,GEO,20,71108.0,71878.0,1.0829%,0.05264639854431152,"[2, 3, 19, 1, 8, 4, 16, 13, 15, 12, 7, 5, 14, 11, 9, 6, 18, 20, 17, 10, 2]"
GEO1424,random_instance_1424_nodes_20,1424,GEO,20,67448.0,67448.0,0.0000%,0.08556175231933594,"[11, 19, 15, 13, 8, 9, 7, 5, 3, 20, 4, 1, 12, 2, 16, 14, 17, 18, 6, 10, 11]"
GEO1442,random_instance_1442_nodes_20,1442,GEO,20,68975.0,68975.0,0.0000%,0.04093599319458008,"[6, 14, 13, 5, 1, 19, 17, 11, 3, 4, 7, 16, 20, 12, 2, 9, 10, 15, 18, 8, 6]"
GEO1480,random_instance_1480_nodes_20,1480,GEO,20,73970.0,74562.0,0.8003%,0.039360761642456055,"[13, 2, 1, 15, 11, 17, 19, 12, 3, 18, 6, 10, 5, 8, 14, 20, 16, 4, 9, 7, 13]"
GEO1489,random_instance_1489_nodes_20,1489,GEO,20,68459.0,68459.0,0.0000%,0.06213092803955078,"[15, 20, 7, 14, 16, 5, 4, 8, 2, 6, 18, 12, 10, 17, 19, 13, 1, 9, 3, 11, 15]"
GEO1494,random_instance_1494_nodes_20,1494,GEO,20,70081.0,70084.0,0.0043%,0.05797147750854492,"[12, 11, 4, 6, 14, 9, 8, 5, 3, 7, 2, 13, 19, 17, 16, 20, 15, 1, 18, 10, 12]"
GEO1496,random_instance_1496_nodes_20,1496,GEO,20,75615.0,75615.0,0.0000%,0.096923828125,"[12, 15, 6, 7, 16, 10, 9, 14, 19, 8, 4, 11, 20, 17, 1, 18, 3, 5, 2, 13, 12]"
GEO1512,random_instance_1512_nodes_20,1512,GEO,20,70223.0,70223.0,0.0000%,0.07908940315246582,"[15, 8, 6, 12, 3, 13, 16, 7, 9, 17, 18, 11, 19, 1, 14, 20, 5, 4, 2, 10, 15]"
GEO1519,random_instance_1519_nodes_20,1519,GEO,20,72244.0,72244.0,0.0000%,0.08884692192077637,"[11, 16, 12, 15, 13, 17, 5, 14, 19, 1, 7, 18, 9, 10, 20, 8, 3, 6, 4, 2, 11]"
GEO1524,random_instance_1524_nodes_20,1524,GEO,20,78381.0,78381.0,0.0000%,0.10233187675476074,"[14, 4, 18, 19, 7, 17, 1, 15, 5, 13, 6, 9, 12, 2, 3, 20, 10, 8, 11, 16, 14]"
GEO1527,random_instance_1527_nodes_20,1527,GEO,20,71053.0,71053.0,0.0000%,0.05666375160217285,"[2, 7, 16, 4, 15, 14, 9, 20, 19, 11, 8, 17, 12, 13, 6, 3, 5, 18, 1, 10, 2]"
GEO1528,random_instance_1528_nodes_20,1528,GEO,20,68842.0,69815.0,1.4134%,0.06400227546691895,"[6, 9, 2, 15, 18, 14, 10, 1, 13, 3, 16, 7, 20, 5, 17, 11, 12, 8, 19, 4, 6]"
GEO1530,random_instance_1530_nodes_20,1530,GEO,20,74044.0,74110.0,0.0891%,0.11691689491271973,"[11, 16, 13, 8, 10, 14, 20, 1, 19, 18, 7, 9, 12, 2, 15, 6, 4, 3, 17, 5, 11]"
GEO1535,random_instance_1535_nodes_20,1535,GEO,20,69938.0,71183.0,1.7801%,0.07737445831298828,"[3, 6, 18, 19, 14, 13, 7, 2, 11, 5, 8, 4, 17, 1, 16, 9, 12, 20, 10, 15, 3]"
GEO1545,random_instance_1545_nodes_20,1545,GEO,20,73638.0,73638.0,0.0000%,0.12524938583374023,"[17, 19, 20, 18, 7, 13, 11, 16, 9, 14, 6, 15, 4, 12, 8, 3, 1, 10, 2, 5, 17]"
GEO1584,random_instance_1584_nodes_20,1584,GEO,20,67952.0,67952.0,0.0000%,0.12744927406311035,"[20, 11, 14, 5, 3, 19, 18, 15, 10, 8, 7, 9, 4, 1, 12, 2, 17, 16, 6, 13, 20]"
GEO1588,random_instance_1588_nodes_20,1588,GEO,20,61730.0,61730.0,0.0000%,0.11007213592529297,"[9, 8, 11, 17, 7, 5, 2, 13, 3, 6, 12, 20, 18, 1, 19, 4, 14, 16, 15, 10, 9]"
GEO1604,random_instance_1604_nodes_20,1604,GEO,20,78910.0,78910.0,0.0000%,0.050993919372558594,"[11, 2, 3, 6, 17, 15, 16, 4, 20, 14, 12, 5, 7, 8, 10, 13, 9, 19, 18, 1, 11]"
GEO1612,random_instance_1612_nodes_20,1612,GEO,20,69473.0,69473.0,0.0000%,0.039818525314331055,"[15, 16, 3, 9, 19, 14, 17, 13, 11, 2, 18, 10, 8, 1, 4, 6, 7, 20, 12, 5, 15]"
GEO1625,random_instance_1625_nodes_20,1625,GEO,20,64113.0,64113.0,0.0000%,0.06420469284057617,"[12, 2, 16, 13, 18, 6, 11, 19, 1, 20, 9, 5, 8, 4, 7, 17, 3, 15, 14, 10, 12]"
GEO1633,random_instance_1633_nodes_20,1633,GEO,20,77757.0,77757.0,0.0000%,0.03757596015930176,"[10, 4, 15, 2, 3, 9, 17, 1, 18, 7, 6, 13, 12, 16, 14, 11, 20, 5, 19, 8, 10]"
GEO1638,random_instance_1638_nodes_20,1638,GEO,20,77316.0,77239.0,-0.0996%,0.10825943946838379,"[8, 6, 20, 15, 17, 12, 18, 2, 7, 1, 10, 5, 14, 13, 4, 3, 11, 16, 19, 9, 8]"
GEO1644,random_instance_1644_nodes_20,1644,GEO,20,66676.0,66792.0,0.1740%,0.08492350578308105,"[1, 6, 5, 15, 4, 10, 9, 13, 3, 12, 20, 18, 19, 17, 11, 7, 14, 8, 2, 16, 1]"
GEO1646,random_instance_1646_nodes_20,1646,GEO,20,77261.0,78932.0,2.1628%,0.07298636436462402,"[2, 13, 19, 3, 8, 12, 20, 5, 17, 7, 9, 14, 6, 10, 4, 16, 18, 15, 1, 11, 2]"
GEO1647,random_instance_1647_nodes_20,1647,GEO,20,73642.0,75905.0,3.0730%,0.17194390296936035,"[5, 17, 16, 13, 4, 8, 1, 20, 10, 15, 7, 2, 9, 18, 6, 19, 14, 12, 11, 3, 5]"
GEO1654,random_instance_1654_nodes_20,1654,GEO,20,69907.0,69971.0,0.0916%,0.03965926170349121,"[18, 3, 9, 8, 17, 1, 19, 16, 4, 6, 14, 11, 10, 13, 7, 15, 5, 20, 2, 12, 18]"
GEO1669,random_instance_1669_nodes_20,1669,GEO,20,74270.0,74813.0,0.7311%,0.05084848403930664,"[10, 1, 18, 16, 17, 2, 5, 9, 11, 4, 13, 15, 20, 3, 14, 7, 12, 6, 8, 19, 10]"
GEO1674,random_instance_1674_nodes_20,1674,GEO,20,74830.0,74830.0,0.0000%,0.046463727951049805,"[9, 13, 20, 12, 17, 2, 14, 11, 5, 15, 7, 18, 8, 4, 3, 10, 19, 6, 16, 1, 9]"
GEO1679,random_instance_1679_nodes_20,1679,GEO,20,76595.0,76595.0,0.0000%,0.0952005386352539,"[8, 17, 19, 15, 2, 18, 14, 7, 9, 13, 16, 3, 5, 11, 12, 6, 20, 4, 1, 10, 8]"
GEO1680,random_instance_1680_nodes_20,1680,GEO,20,79141.0,81785.0,3.3409%,0.06659054756164551,"[15, 13, 16, 5, 3, 19, 9, 11, 10, 6, 12, 18, 14, 17, 4, 1, 2, 20, 8, 7, 15]"
GEO1684,random_instance_1684_nodes_20,1684,GEO,20,69816.0,69816.0,0.0000%,0.06653118133544922,"[16, 19, 8, 11, 12, 2, 9, 3, 1, 6, 18, 15, 7, 10, 5, 20, 14, 4, 17, 13, 16]"
GEO1697,random_instance_1697_nodes_20,1697,GEO,20,79056.0,80595.0,1.9467%,0.0450139045715332,"[4, 5, 17, 16, 3, 12, 1, 9, 13, 6, 18, 8, 2, 11, 20, 14, 10, 15, 19, 7, 4]"
GEO1713,random_instance_1713_nodes_20,1713,GEO,20,81337.0,81337.0,0.0000%,0.06827473640441895,"[15, 6, 3, 1, 11, 8, 10, 9, 14, 20, 7, 5, 17, 4, 16, 19, 12, 13, 2, 18, 15]"
GEO1729,random_instance_1729_nodes_20,1729,GEO,20,67079.0,67079.0,0.0000%,0.03928709030151367,"[17, 15, 2, 13, 12, 11, 7, 9, 1, 5, 14, 6, 3, 18, 4, 19, 16, 10, 8, 20, 17]"
GEO1743,random_instance_1743_nodes_20,1743,GEO,20,63497.0,67536.0,6.3609%,0.12635540962219238,"[5, 16, 18, 11, 14, 20, 7, 9, 6, 4, 1, 13, 8, 10, 12, 2, 15, 3, 17, 19, 5]"
GEO1746,random_instance_1746_nodes_20,1746,GEO,20,74972.0,74972.0,0.0000%,0.10321569442749023,"[7, 17, 5, 8, 9, 20, 13, 3, 6, 15, 12, 2, 10, 19, 11, 14, 4, 16, 18, 1, 7]"
GEO1753,random_instance_1753_nodes_20,1753,GEO,20,72559.0,72559.0,0.0000%,0.16919374465942383,"[8, 17, 13, 19, 2, 10, 1, 6, 18, 9, 3, 11, 5, 15, 20, 7, 4, 14, 12, 16, 8]"
GEO1771,random_instance_1771_nodes_20,1771,GEO,20,75101.0,75101.0,0.0000%,0.13925528526306152,"[2, 6, 8, 13, 9, 18, 5, 14, 12, 7, 15, 3, 20, 11, 10, 17, 16, 1, 19, 4, 2]"
GEO1776,random_instance_1776_nodes_20,1776,GEO,20,73796.0,74965.0,1.5841%,0.060749053955078125,"[11, 20, 1, 16, 3, 7, 14, 19, 4, 10, 18, 5, 8, 15, 2, 17, 12, 6, 13, 9, 11]"
GEO1790,random_instance_1790_nodes_20,1790,GEO,20,75949.0,75949.0,0.0000%,0.12452459335327148,"[12, 11, 19, 3, 18, 6, 20, 9, 8, 5, 4, 7, 17, 2, 10, 13, 14, 15, 16, 1, 12]"
GEO1796,random_instance_1796_nodes_20,1796,GEO,20,70971.0,71016.0,0.0634%,0.11748909950256348,"[4, 6, 18, 10, 15, 20, 3, 1, 19, 11, 17, 7, 14, 12, 8, 16, 2, 5, 9, 13, 4]"
GEO1824,random_instance_1824_nodes_20,1824,GEO,20,67400.0,67753.0,0.5237%,0.12360668182373047,"[16, 7, 8, 11, 15, 9, 10, 19, 20, 4, 5, 2, 1, 3, 13, 17, 14, 18, 6, 12, 16]"
GEO1827,random_instance_1827_nodes_20,1827,GEO,20,68462.0,68462.0,0.0000%,0.1076498031616211,"[3, 17, 10, 15, 19, 1, 2, 11, 18, 8, 5, 20, 12, 16, 14, 13, 7, 4, 6, 9, 3]"
GEO1832,random_instance_1832_nodes_20,1832,GEO,20,70051.0,70051.0,0.0000%,0.10353493690490723,"[7, 11, 18, 2, 5, 12, 6, 14, 15, 20, 17, 1, 16, 10, 9, 4, 13, 8, 3, 19, 7]"
GEO1858,random_instance_1858_nodes_20,1858,GEO,20,73731.0,74501.0,1.0443%,0.0869131088256836,"[6, 17, 3, 9, 19, 16, 12, 11, 8, 7, 2, 13, 4, 15, 20, 10, 1, 5, 18, 14, 6]"
GEO1869,random_instance_1869_nodes_20,1869,GEO,20,57355.0,57355.0,0.0000%,0.10382223129272461,"[2, 9, 15, 11, 19, 4, 10, 7, 12, 6, 16, 18, 20, 14, 3, 8, 1, 13, 5, 17, 2]"
GEO1874,random_instance_1874_nodes_20,1874,GEO,20,72030.0,75396.0,4.6731%,0.10564780235290527,"[18, 7, 15, 14, 5, 9, 8, 13, 2, 3, 20, 6, 19, 12, 1, 10, 17, 11, 16, 4, 18]"
GEO1876,random_instance_1876_nodes_20,1876,GEO,20,70150.0,72260.0,3.0078%,0.05797076225280762,"[4, 15, 14, 10, 18, 13, 5, 16, 6, 3, 7, 11, 9, 1, 20, 12, 2, 8, 19, 17, 4]"
GEO1880,random_instance_1880_nodes_20,1880,GEO,20,74587.0,75896.0,1.7550%,0.050986289978027344,"[1, 8, 13, 7, 15, 3, 18, 11, 2, 17, 14, 16, 9, 5, 6, 12, 20, 4, 19, 10, 1]"
GEO1889,random_instance_1889_nodes_20,1889,GEO,20,58800.0,60087.0,2.1888%,0.05576205253601074,"[19, 9, 5, 3, 13, 14, 8, 1, 6, 18, 16, 7, 20, 17, 4, 12, 2, 11, 10, 15, 19]"
GEO1891,random_instance_1891_nodes_20,1891,GEO,20,71903.0,74545.0,3.6744%,0.039095401763916016,"[15, 13, 11, 20, 19, 4, 8, 17, 1, 3, 6, 14, 12, 16, 9, 18, 5, 7, 2, 10, 15]"
GEO1894,random_instance_1894_nodes_20,1894,GEO,20,71263.0,72636.0,1.9267%,0.061662912368774414,"[19, 15, 11, 5, 2, 20, 1, 3, 10, 8, 7, 12, 14, 16, 6, 9, 4, 17, 18, 13, 19]"
GEO1899,random_instance_1899_nodes_20,1899,GEO,20,71473.0,71473.0,0.0000%,0.06472229957580566,"[1, 13, 18, 14, 4, 6, 11, 20, 15, 2, 12, 10, 9, 19, 8, 16, 7, 3, 5, 17, 1]"
GEO1924,random_instance_1924_nodes_20,1924,GEO,20,73647.0,74262.0,0.8351%,0.0733184814453125,"[11, 1, 5, 19, 17, 7, 8, 3, 9, 14, 15, 10, 4, 16, 18, 6, 12, 13, 20, 2, 11]"
GEO1940,random_instance_1940_nodes_20,1940,GEO,20,67658.0,68409.0,1.1100%,0.04779648780822754,"[14, 19, 12, 20, 13, 18, 5, 3, 7, 17, 15, 6, 10, 16, 1, 9, 11, 2, 8, 4, 14]"
GEO1958,random_instance_1958_nodes_20,1958,GEO,20,67579.0,67579.0,0.0000%,0.07030701637268066,"[9, 16, 17, 18, 15, 3, 19, 11, 10, 13, 6, 8, 1, 5, 4, 20, 7, 14, 2, 12, 9]"
GEO1964,random_instance_1964_nodes_20,1964,GEO,20,60914.0,60914.0,0.0000%,0.06176638603210449,"[2, 19, 8, 4, 11, 15, 3, 5, 20, 16, 7, 12, 18, 14, 9, 6, 17, 10, 1, 13, 2]"
GEO1976,random_instance_1976_nodes_20,1976,GEO,20,66069.0,69319.0,4.9191%,0.07792782783508301,"[19, 7, 3, 8, 20, 17, 2, 9, 6, 15, 16, 5, 13, 1, 14, 10, 12, 4, 18, 11, 19]"
GEO1982,random_instance_1982_nodes_20,1982,GEO,20,66840.0,66840.0,0.0000%,0.06258606910705566,"[14, 12, 1, 17, 5, 18, 4, 19, 20, 10, 13, 7, 15, 6, 8, 3, 9, 2, 16, 11, 14]"
GEO1983,random_instance_1983_nodes_20,1983,GEO,20,63087.0,63087.0,0.0000%,0.06101083755493164,"[3, 8, 1, 5, 15, 4, 9, 18, 16, 11, 12, 19, 10, 17, 6, 13, 7, 20, 14, 2, 3]"
GEO1988,random_instance_1988_nodes_20,1988,GEO,20,65637.0,65637.0,0.0000%,0.09985542297363281,"[11, 12, 16, 20, 9, 15, 1, 10, 4, 14, 18, 17, 6, 13, 19, 5, 8, 7, 2, 3, 11]"
GEO1989,random_instance_1989_nodes_20,1989,GEO,20,68497.0,68648.0,0.2204%,0.052481889724731445,"[12, 3, 14, 20, 17, 7, 11, 6, 8, 4, 18, 2, 9, 19, 5, 1, 10, 15, 16, 13, 12]"
GEO2037,random_instance_2037_nodes_20,2037,GEO,20,71919.0,71919.0,0.0000%,0.05641508102416992,"[9, 1, 4, 7, 6, 20, 13, 19, 3, 2, 12, 8, 5, 16, 18, 11, 10, 14, 15, 17, 9]"
GEO2041,random_instance_2041_nodes_20,2041,GEO,20,74352.0,74292.0,-0.0807%,0.05011153221130371,"[1, 8, 6, 4, 20, 2, 3, 9, 13, 11, 18, 7, 5, 14, 15, 12, 19, 10, 17, 16, 1]"
GEO2045,random_instance_2045_nodes_20,2045,GEO,20,74179.0,74179.0,0.0000%,0.09066939353942871,"[1, 12, 16, 8, 3, 17, 19, 7, 15, 4, 5, 11, 9, 10, 20, 14, 18, 13, 6, 2, 1]"
GEO2060,random_instance_2060_nodes_20,2060,GEO,20,72182.0,72182.0,0.0000%,0.06378602981567383,"[11, 12, 3, 17, 8, 4, 10, 7, 1, 20, 2, 16, 19, 5, 9, 18, 13, 6, 14, 15, 11]"
GEO2068,random_instance_2068_nodes_20,2068,GEO,20,74909.0,74909.0,0.0000%,0.039733171463012695,"[14, 15, 7, 2, 3, 16, 10, 17, 19, 18, 9, 12, 11, 5, 4, 6, 13, 20, 8, 1, 14]"
GEO2073,random_instance_2073_nodes_20,2073,GEO,20,70304.0,71532.0,1.7467%,0.04657626152038574,"[8, 6, 11, 12, 16, 3, 15, 9, 19, 17, 1, 2, 18, 7, 4, 5, 13, 10, 14, 20, 8]"
GEO2085,random_instance_2085_nodes_20,2085,GEO,20,76122.0,76122.0,0.0000%,0.17354249954223633,"[19, 7, 6, 20, 16, 18, 9, 4, 8, 3, 11, 13, 15, 10, 12, 2, 1, 5, 17, 14, 19]"
GEO2088,random_instance_2088_nodes_20,2088,GEO,20,72106.0,72106.0,0.0000%,0.07179951667785645,"[20, 16, 2, 18, 3, 17, 13, 12, 6, 8, 15, 11, 7, 1, 10, 5, 19, 4, 14, 9, 20]"
GEO2091,random_instance_2091_nodes_20,2091,GEO,20,75713.0,75713.0,0.0000%,0.054410696029663086,"[14, 17, 4, 20, 1, 10, 16, 8, 11, 13, 12, 3, 6, 15, 7, 9, 2, 18, 19, 5, 14]"
GEO2103,random_instance_2103_nodes_20,2103,GEO,20,71133.0,73906.0,3.8983%,0.13786864280700684,"[5, 10, 18, 12, 16, 11, 3, 19, 7, 17, 9, 4, 6, 1, 8, 2, 14, 20, 13, 15, 5]"
GEO2143,random_instance_2143_nodes_20,2143,GEO,20,71986.0,74739.0,3.8244%,0.06801676750183105,"[11, 1, 7, 15, 10, 14, 6, 16, 2, 13, 17, 18, 4, 8, 20, 3, 12, 5, 19, 9, 11]"
GEO2144,random_instance_2144_nodes_20,2144,GEO,20,61131.0,64062.0,4.7946%,0.06775331497192383,"[12, 11, 8, 10, 15, 6, 5, 1, 9, 4, 17, 16, 7, 13, 14, 20, 18, 19, 2, 3, 12]"
GEO2146,random_instance_2146_nodes_20,2146,GEO,20,77938.0,79356.0,1.8194%,0.06574869155883789,"[14, 16, 6, 15, 5, 10, 7, 1, 20, 11, 4, 18, 2, 19, 13, 9, 12, 17, 3, 8, 14]"
GEO2167,random_instance_2167_nodes_20,2167,GEO,20,73667.0,75473.0,2.4516%,0.050347089767456055,"[15, 11, 8, 13, 6, 7, 17, 20, 12, 4, 10, 18, 19, 3, 9, 14, 2, 5, 16, 1, 15]"
GEO2170,random_instance_2170_nodes_20,2170,GEO,20,71208.0,71783.0,0.8075%,0.07491707801818848,"[4, 13, 2, 10, 8, 17, 16, 11, 19, 5, 15, 12, 6, 1, 7, 18, 14, 3, 20, 9, 4]"
GEO2184,random_instance_2184_nodes_20,2184,GEO,20,77621.0,77621.0,0.0000%,0.09116911888122559,"[5, 15, 18, 2, 9, 7, 3, 6, 14, 19, 4, 10, 11, 1, 17, 13, 8, 12, 16, 20, 5]"
GEO2200,random_instance_2200_nodes_20,2200,GEO,20,64948.0,65572.0,0.9608%,0.11880111694335938,"[4, 18, 8, 2, 17, 11, 6, 15, 12, 7, 20, 13, 9, 3, 14, 1, 5, 10, 16, 19, 4]"
GEO2223,random_instance_2223_nodes_30,2223,GEO,30,88410.0,89690.0,1.4478%,0.44653916358947754,"[19, 9, 3, 20, 11, 17, 7, 12, 4, 30, 24, 16, 10, 21, 5, 2, 18, 25, 27, 28, 13, 26, 1, 8, 29, 6, 23, 14, 15, 22, 19]"
GEO2236,random_instance_2236_nodes_30,2236,GEO,30,85138.0,86220.0,1.2709%,0.3670499324798584,"[26, 14, 4, 17, 21, 1, 12, 13, 7, 24, 25, 10, 19, 3, 20, 16, 5, 27, 23, 2, 29, 8, 9, 18, 28, 11, 30, 15, 6, 22, 26]"
GEO2266,random_instance_2266_nodes_30,2266,GEO,30,86127.0,86669.0,0.6293%,0.16483235359191895,"[30, 16, 25, 9, 24, 28, 18, 22, 5, 23, 4, 21, 26, 12, 27, 13, 14, 6, 17, 7, 20, 8, 11, 29, 10, 19, 1, 2, 3, 15, 30]"
GEO2267,random_instance_2267_nodes_30,2267,GEO,30,89422.0,90367.0,1.0568%,0.20116162300109863,"[13, 15, 10, 29, 21, 12, 25, 30, 11, 6, 19, 16, 23, 4, 1, 5, 14, 17, 26, 2, 9, 27, 22, 24, 28, 8, 20, 18, 7, 3, 13]"
GEO2286,random_instance_2286_nodes_30,2286,GEO,30,86840.0,86840.0,0.0000%,0.1958479881286621,"[10, 28, 9, 17, 29, 19, 13, 8, 16, 6, 14, 2, 27, 21, 15, 24, 25, 4, 30, 1, 12, 7, 18, 3, 11, 5, 23, 20, 26, 22, 10]"
GEO2287,random_instance_2287_nodes_30,2287,GEO,30,91788.0,92026.0,0.2593%,0.14648723602294922,"[24, 30, 29, 1, 27, 5, 19, 4, 14, 6, 22, 11, 13, 9, 17, 28, 15, 12, 20, 25, 7, 23, 8, 3, 21, 16, 2, 10, 26, 18, 24]"
GEO2296,random_instance_2296_nodes_30,2296,GEO,30,98716.0,98918.0,0.2046%,0.14583444595336914,"[27, 22, 3, 11, 15, 28, 5, 2, 19, 13, 23, 25, 20, 1, 21, 12, 14, 30, 26, 24, 18, 29, 16, 7, 17, 9, 6, 10, 8, 4, 27]"
GEO2330,random_instance_2330_nodes_30,2330,GEO,30,74737.0,75331.0,0.7948%,0.1011042594909668,"[7, 12, 30, 8, 5, 20, 27, 23, 19, 13, 3, 1, 2, 6, 14, 22, 17, 25, 18, 11, 28, 16, 4, 24, 26, 9, 10, 29, 21, 15, 7]"
GEO2340,random_instance_2340_nodes_30,2340,GEO,30,84493.0,85067.0,0.6793%,0.3024868965148926,"[3, 19, 8, 26, 10, 24, 27, 18, 13, 9, 6, 22, 11, 30, 23, 5, 2, 15, 12, 25, 20, 7, 4, 1, 21, 14, 16, 29, 28, 17, 3]"
GEO2361,random_instance_2361_nodes_30,2361,GEO,30,83917.0,83917.0,0.0000%,0.19549560546875,"[16, 23, 26, 15, 14, 2, 3, 20, 4, 13, 1, 9, 7, 5, 6, 27, 24, 10, 22, 19, 21, 30, 12, 8, 17, 29, 11, 18, 25, 28, 16]"
GEO2369,random_instance_2369_nodes_30,2369,GEO,30,91280.0,91752.0,0.5171%,0.2657938003540039,"[16, 2, 13, 11, 14, 22, 28, 3, 9, 21, 30, 17, 5, 24, 29, 8, 23, 15, 25, 10, 27, 20, 26, 19, 7, 12, 4, 6, 18, 1, 16]"
GEO2385,random_instance_2385_nodes_30,2385,GEO,30,84179.0,84148.0,-0.0368%,0.12890934944152832,"[9, 1, 17, 10, 6, 19, 5, 21, 25, 20, 28, 23, 13, 30, 2, 26, 11, 29, 16, 24, 7, 15, 3, 12, 27, 8, 4, 18, 22, 14, 9]"
GEO2414,random_instance_2414_nodes_30,2414,GEO,30,86109.0,86867.0,0.8803%,0.22071385383605957,"[19, 25, 17, 8, 21, 5, 23, 7, 26, 10, 28, 20, 13, 12, 4, 9, 15, 14, 22, 1, 30, 18, 2, 27, 16, 29, 11, 24, 3, 6, 19]"
GEO2417,random_instance_2417_nodes_30,2417,GEO,30,80641.0,82011.0,1.6989%,0.12889337539672852,"[8, 2, 10, 7, 5, 13, 26, 22, 24, 27, 3, 16, 12, 18, 21, 19, 4, 14, 25, 29, 11, 15, 28, 23, 30, 9, 17, 20, 1, 6, 8]"
GEO2426,random_instance_2426_nodes_30,2426,GEO,30,89241.0,90727.0,1.6652%,0.3245975971221924,"[30, 4, 14, 3, 10, 12, 6, 8, 2, 25, 20, 29, 17, 27, 23, 1, 22, 7, 19, 11, 21, 13, 26, 5, 16, 28, 24, 15, 18, 9, 30]"
GEO2434,random_instance_2434_nodes_30,2434,GEO,30,90381.0,90381.0,0.0000%,0.3810157775878906,"[12, 29, 20, 24, 26, 3, 4, 25, 15, 6, 22, 18, 30, 1, 16, 11, 13, 28, 10, 2, 8, 19, 17, 5, 7, 14, 27, 23, 21, 9, 12]"
GEO2441,random_instance_2441_nodes_30,2441,GEO,30,91641.0,94900.0,3.5563%,0.5611090660095215,"[2, 25, 21, 27, 30, 14, 6, 29, 26, 4, 18, 20, 1, 9, 3, 24, 23, 10, 22, 7, 13, 11, 5, 28, 8, 15, 12, 16, 19, 17, 2]"
GEO2442,random_instance_2442_nodes_30,2442,GEO,30,86033.0,89148.0,3.6207%,0.4472076892852783,"[15, 25, 28, 7, 26, 3, 19, 16, 9, 30, 27, 8, 12, 13, 22, 18, 24, 6, 23, 2, 10, 11, 29, 17, 14, 20, 1, 4, 5, 21, 15]"
GEO2444,random_instance_2444_nodes_30,2444,GEO,30,75952.0,75952.0,0.0000%,0.2023019790649414,"[26, 7, 22, 24, 19, 28, 17, 23, 15, 3, 10, 18, 1, 11, 12, 5, 25, 27, 2, 6, 13, 20, 21, 14, 30, 9, 29, 8, 16, 4, 26]"
GEO2471,random_instance_2471_nodes_30,2471,GEO,30,79697.0,81140.0,1.8106%,0.4675178527832031,"[25, 5, 6, 27, 10, 19, 26, 13, 29, 22, 3, 21, 11, 4, 17, 12, 18, 7, 23, 28, 24, 9, 1, 8, 30, 2, 20, 14, 16, 15, 25]"
GEO2485,random_instance_2485_nodes_30,2485,GEO,30,84607.0,85053.0,0.5271%,0.3904612064361572,"[23, 17, 10, 28, 27, 29, 6, 15, 3, 21, 11, 16, 2, 12, 8, 18, 19, 4, 26, 20, 1, 5, 30, 14, 22, 9, 13, 25, 24, 7, 23]"
GEO2492,random_instance_2492_nodes_30,2492,GEO,30,90677.0,92162.0,1.6377%,0.2191307544708252,"[18, 25, 24, 20, 1, 3, 14, 11, 17, 10, 4, 2, 19, 26, 16, 27, 30, 13, 22, 8, 7, 5, 12, 15, 28, 6, 9, 29, 23, 21, 18]"
GEO2496,random_instance_2496_nodes_30,2496,GEO,30,80661.0,80933.0,0.3372%,0.15859127044677734,"[17, 18, 4, 10, 13, 16, 29, 23, 22, 30, 21, 28, 15, 1, 8, 9, 5, 27, 12, 3, 11, 14, 20, 2, 7, 25, 19, 24, 6, 26, 17]"
GEO2503,random_instance_2503_nodes_30,2503,GEO,30,95400.0,95400.0,0.0000%,0.16263866424560547,"[12, 5, 28, 6, 16, 17, 22, 18, 14, 26, 19, 24, 4, 20, 21, 13, 10, 15, 11, 8, 2, 23, 1, 29, 3, 27, 25, 9, 7, 30, 12]"
GEO2504,random_instance_2504_nodes_30,2504,GEO,30,80199.0,80199.0,0.0000%,0.5158278942108154,"[28, 3, 24, 12, 15, 18, 8, 6, 23, 19, 10, 20, 21, 17, 1, 14, 13, 22, 29, 11, 2, 26, 25, 5, 30, 16, 7, 9, 4, 27, 28]"
GEO2506,random_instance_2506_nodes_30,2506,GEO,30,80535.0,80906.0,0.4607%,0.18895626068115234,"[11, 14, 18, 27, 3, 25, 24, 10, 17, 15, 21, 12, 30, 7, 9, 22, 19, 26, 4, 5, 8, 1, 28, 29, 13, 23, 20, 2, 16, 6, 11]"
GEO2522,random_instance_2522_nodes_30,2522,GEO,30,94309.0,97783.0,3.6836%,0.33078503608703613,"[9, 29, 7, 27, 5, 13, 23, 17, 28, 2, 20, 1, 14, 18, 26, 11, 8, 6, 24, 16, 3, 21, 25, 30, 10, 15, 12, 22, 4, 19, 9]"
GEO2529,random_instance_2529_nodes_30,2529,GEO,30,87555.0,88095.0,0.6168%,0.5901689529418945,"[13, 2, 8, 3, 15, 10, 9, 17, 6, 20, 22, 12, 1, 16, 26, 14, 5, 29, 23, 19, 4, 11, 21, 7, 27, 28, 18, 24, 25, 30, 13]"
GEO2532,random_instance_2532_nodes_30,2532,GEO,30,80417.0,80417.0,0.0000%,0.4049417972564697,"[27, 21, 18, 11, 20, 24, 17, 5, 7, 9, 22, 30, 2, 8, 28, 4, 29, 25, 6, 23, 26, 3, 16, 19, 15, 12, 14, 13, 10, 1, 27]"
GEO2536,random_instance_2536_nodes_30,2536,GEO,30,87273.0,87273.0,0.0000%,0.22954177856445312,"[10, 25, 29, 27, 7, 5, 6, 23, 15, 2, 14, 3, 28, 26, 19, 16, 30, 11, 20, 4, 9, 1, 22, 13, 8, 24, 21, 12, 18, 17, 10]"
GEO2546,random_instance_2546_nodes_30,2546,GEO,30,83217.0,85085.0,2.2447%,0.6850075721740723,"[6, 29, 3, 18, 30, 9, 16, 15, 5, 24, 10, 28, 14, 22, 23, 13, 26, 27, 4, 17, 21, 20, 11, 19, 25, 8, 7, 1, 12, 2, 6]"
GEO2547,random_instance_2547_nodes_30,2547,GEO,30,89869.0,89869.0,0.0000%,0.2218780517578125,"[27, 23, 22, 5, 7, 25, 3, 8, 10, 20, 21, 26, 2, 12, 6, 15, 1, 29, 17, 30, 9, 11, 24, 4, 16, 28, 14, 18, 19, 13, 27]"
GEO2564,random_instance_2564_nodes_30,2564,GEO,30,91579.0,91813.0,0.2555%,0.32239651679992676,"[20, 17, 10, 26, 15, 16, 5, 13, 30, 21, 11, 24, 7, 22, 2, 6, 23, 9, 25, 29, 18, 8, 14, 4, 19, 12, 1, 3, 28, 27, 20]"
GEO2573,random_instance_2573_nodes_30,2573,GEO,30,82075.0,82075.0,0.0000%,0.3597071170806885,"[11, 17, 1, 18, 9, 12, 6, 8, 15, 5, 19, 24, 14, 23, 3, 16, 29, 20, 21, 4, 28, 22, 7, 10, 13, 2, 27, 26, 25, 30, 11]"
GEO2579,random_instance_2579_nodes_30,2579,GEO,30,88304.0,88254.0,-0.0566%,0.24710512161254883,"[26, 23, 18, 5, 29, 7, 30, 20, 22, 19, 8, 4, 12, 15, 14, 11, 3, 28, 2, 16, 9, 17, 25, 24, 13, 27, 1, 6, 10, 21, 26]"
GEO2584,random_instance_2584_nodes_30,2584,GEO,30,88894.0,88894.0,0.0000%,0.11820006370544434,"[29, 22, 9, 5, 15, 26, 24, 18, 17, 21, 10, 27, 20, 11, 3, 28, 13, 4, 7, 30, 25, 2, 19, 23, 1, 16, 12, 14, 8, 6, 29]"
GEO2591,random_instance_2591_nodes_30,2591,GEO,30,82900.0,84498.0,1.9276%,0.11594796180725098,"[7, 13, 14, 3, 6, 23, 25, 1, 19, 8, 29, 20, 15, 2, 5, 4, 12, 16, 21, 9, 10, 28, 18, 24, 11, 22, 30, 17, 27, 26, 7]"
GEO2594,random_instance_2594_nodes_30,2594,GEO,30,79310.0,79310.0,0.0000%,0.4539778232574463,"[11, 10, 1, 13, 2, 25, 27, 29, 17, 6, 4, 26, 16, 8, 28, 20, 22, 12, 9, 23, 3, 7, 21, 30, 24, 14, 15, 18, 5, 19, 11]"
GEO2607,random_instance_2607_nodes_30,2607,GEO,30,89002.0,91461.0,2.7629%,0.5540347099304199,"[7, 1, 8, 10, 5, 22, 28, 27, 24, 21, 20, 30, 19, 14, 15, 9, 2, 16, 11, 18, 12, 4, 25, 23, 29, 17, 6, 13, 26, 3, 7]"
GEO2608,random_instance_2608_nodes_30,2608,GEO,30,83022.0,83985.0,1.1599%,0.16290879249572754,"[13, 22, 28, 7, 5, 1, 18, 2, 15, 4, 6, 20, 21, 11, 10, 29, 16, 14, 12, 9, 8, 27, 26, 30, 25, 24, 19, 3, 23, 17, 13]"
GEO2615,random_instance_2615_nodes_30,2615,GEO,30,85917.0,87296.0,1.6050%,0.10860824584960938,"[28, 24, 17, 10, 9, 23, 12, 16, 8, 5, 6, 11, 20, 22, 25, 21, 30, 15, 27, 18, 19, 2, 26, 29, 3, 13, 7, 4, 14, 1, 28]"
GEO2621,random_instance_2621_nodes_30,2621,GEO,30,88547.0,89368.0,0.9272%,0.15978360176086426,"[3, 7, 5, 12, 4, 25, 6, 27, 13, 22, 17, 20, 9, 18, 16, 10, 1, 8, 14, 26, 29, 2, 19, 15, 23, 30, 24, 28, 21, 11, 3]"
GEO2634,random_instance_2634_nodes_30,2634,GEO,30,78247.0,79253.0,1.2857%,0.1984553337097168,"[11, 4, 26, 17, 27, 28, 6, 10, 8, 13, 5, 14, 15, 19, 29, 21, 12, 24, 9, 16, 18, 30, 7, 1, 3, 22, 25, 2, 20, 23, 11]"
GEO2646,random_instance_2646_nodes_30,2646,GEO,30,96801.0,96801.0,0.0000%,0.1359403133392334,"[14, 30, 28, 29, 6, 12, 24, 21, 16, 4, 11, 15, 3, 27, 22, 2, 7, 13, 20, 23, 18, 5, 17, 19, 1, 10, 8, 9, 25, 26, 14]"
GEO2647,random_instance_2647_nodes_30,2647,GEO,30,88892.0,88662.0,-0.2587%,0.288238525390625,"[26, 10, 22, 1, 19, 30, 14, 25, 28, 9, 27, 6, 3, 8, 20, 17, 16, 21, 12, 24, 23, 13, 29, 4, 2, 5, 7, 15, 11, 18, 26]"
GEO2662,random_instance_2662_nodes_30,2662,GEO,30,81317.0,81317.0,0.0000%,0.21018671989440918,"[26, 12, 21, 2, 17, 19, 4, 15, 18, 23, 3, 13, 16, 27, 29, 30, 10, 7, 22, 28, 9, 24, 14, 25, 8, 6, 5, 1, 20, 11, 26]"
GEO2664,random_instance_2664_nodes_30,2664,GEO,30,90358.0,93090.0,3.0235%,0.659003496170044,"[22, 15, 13, 21, 20, 16, 7, 24, 29, 4, 18, 14, 8, 2, 19, 11, 1, 3, 23, 5, 27, 30, 28, 9, 25, 26, 17, 6, 10, 12, 22]"
GEO2677,random_instance_2677_nodes_30,2677,GEO,30,77742.0,78111.0,0.4746%,0.18567490577697754,"[26, 15, 5, 25, 16, 10, 19, 9, 4, 23, 7, 28, 24, 6, 20, 18, 17, 13, 8, 30, 11, 12, 29, 1, 3, 14, 21, 27, 22, 2, 26]"
GEO2683,random_instance_2683_nodes_30,2683,GEO,30,84213.0,86501.0,2.7169%,0.3279430866241455,"[5, 9, 24, 30, 28, 20, 25, 8, 12, 15, 17, 29, 27, 4, 2, 11, 19, 10, 1, 6, 3, 18, 21, 22, 7, 16, 13, 14, 26, 23, 5]"
GEO2697,random_instance_2697_nodes_30,2697,GEO,30,81913.0,83066.0,1.4076%,0.19640278816223145,"[21, 22, 6, 18, 16, 3, 9, 4, 24, 5, 14, 25, 15, 26, 13, 19, 28, 12, 20, 23, 1, 11, 10, 17, 7, 27, 30, 8, 29, 2, 21]"
GEO2704,random_instance_2704_nodes_30,2704,GEO,30,86080.0,88099.0,2.3455%,0.47585511207580566,"[26, 22, 17, 23, 7, 25, 13, 20, 4, 29, 5, 18, 11, 1, 19, 27, 6, 24, 9, 3, 10, 15, 21, 2, 8, 28, 16, 12, 30, 14, 26]"
GEO2705,random_instance_2705_nodes_30,2705,GEO,30,76831.0,76831.0,0.0000%,0.26964879035949707,"[9, 1, 10, 15, 26, 5, 7, 14, 4, 18, 2, 11, 21, 12, 13, 24, 20, 25, 19, 16, 17, 3, 28, 27, 8, 29, 22, 30, 23, 6, 9]"
GEO2718,random_instance_2718_nodes_30,2718,GEO,30,87902.0,93050.0,5.8565%,0.7004070281982422,"[15, 10, 24, 12, 23, 11, 26, 20, 6, 2, 13, 30, 25, 8, 1, 21, 5, 7, 4, 17, 3, 16, 22, 28, 29, 18, 19, 9, 14, 27, 15]"
GEO2724,random_instance_2724_nodes_30,2724,GEO,30,84502.0,84502.0,0.0000%,0.4542853832244873,"[8, 3, 15, 16, 22, 5, 24, 30, 6, 11, 21, 23, 26, 25, 10, 17, 12, 4, 7, 28, 2, 27, 1, 9, 19, 20, 14, 29, 18, 13, 8]"
GEO2725,random_instance_2725_nodes_30,2725,GEO,30,84439.0,84611.0,0.2037%,0.10576152801513672,"[2, 10, 15, 12, 19, 27, 24, 1, 6, 4, 21, 25, 22, 3, 29, 11, 16, 17, 20, 13, 18, 8, 30, 9, 14, 23, 5, 28, 7, 26, 2]"
GEO2749,random_instance_2749_nodes_30,2749,GEO,30,92659.0,92659.0,0.0000%,0.20444846153259277,"[18, 30, 2, 13, 27, 4, 1, 11, 17, 3, 9, 22, 25, 10, 5, 15, 28, 21, 8, 12, 23, 14, 20, 26, 19, 6, 29, 16, 7, 24, 18]"
GEO2780,random_instance_2780_nodes_30,2780,GEO,30,83940.0,83940.0,0.0000%,0.16124510765075684,"[26, 17, 16, 10, 19, 29, 28, 13, 30, 11, 24, 20, 8, 9, 22, 3, 1, 14, 6, 2, 12, 18, 7, 23, 5, 25, 4, 15, 27, 21, 26]"
GEO2803,random_instance_2803_nodes_30,2803,GEO,30,79883.0,81180.0,1.6236%,0.5511980056762695,"[13, 15, 25, 18, 29, 10, 2, 23, 11, 6, 12, 22, 5, 9, 20, 14, 1, 27, 26, 17, 28, 30, 16, 4, 3, 21, 8, 7, 24, 19, 13]"
GEO2847,random_instance_2847_nodes_30,2847,GEO,30,82149.0,84758.0,3.1759%,0.47385382652282715,"[17, 20, 2, 6, 3, 13, 14, 5, 10, 19, 30, 7, 25, 23, 16, 12, 24, 22, 27, 8, 26, 28, 15, 29, 11, 1, 21, 9, 4, 18, 17]"
GEO2851,random_instance_2851_nodes_30,2851,GEO,30,84043.0,84043.0,0.0000%,0.272014856338501,"[12, 1, 5, 26, 16, 2, 8, 23, 11, 25, 27, 21, 13, 30, 14, 19, 28, 29, 10, 22, 17, 18, 20, 9, 4, 15, 7, 3, 24, 6, 12]"
GEO2870,random_instance_2870_nodes_30,2870,GEO,30,76934.0,77430.0,0.6447%,0.3585333824157715,"[8, 19, 3, 28, 5, 11, 25, 17, 20, 24, 14, 30, 21, 6, 4, 2, 26, 13, 23, 1, 10, 27, 12, 18, 7, 22, 29, 16, 15, 9, 8]"
GEO2881,random_instance_2881_nodes_30,2881,GEO,30,87051.0,89770.0,3.1235%,0.31430840492248535,"[3, 28, 16, 23, 26, 22, 7, 27, 4, 12, 19, 18, 9, 29, 20, 30, 8, 2, 6, 15, 13, 11, 10, 25, 17, 1, 24, 21, 14, 5, 3]"
GEO2885,random_instance_2885_nodes_30,2885,GEO,30,82163.0,82482.0,0.3883%,0.3871641159057617,"[21, 22, 8, 16, 1, 3, 28, 9, 14, 29, 17, 13, 12, 11, 27, 2, 20, 19, 10, 23, 5, 4, 6, 7, 24, 15, 25, 18, 26, 30, 21]"
GEO2900,random_instance_2900_nodes_30,2900,GEO,30,85362.0,85354.0,-0.0094%,0.3165781497955322,"[14, 29, 20, 10, 1, 5, 11, 4, 24, 12, 23, 16, 9, 27, 15, 18, 7, 8, 22, 28, 17, 21, 3, 30, 25, 6, 2, 26, 19, 13, 14]"
GEO2925,random_instance_2925_nodes_30,2925,GEO,30,75237.0,75237.0,0.0000%,0.11493325233459473,"[27, 14, 12, 22, 16, 1, 23, 24, 28, 25, 8, 4, 9, 21, 29, 5, 7, 2, 15, 17, 26, 13, 3, 10, 11, 6, 18, 19, 20, 30, 27]"
GEO2927,random_instance_2927_nodes_30,2927,GEO,30,87441.0,89369.0,2.2049%,0.7549903392791748,"[2, 1, 5, 29, 30, 20, 15, 26, 28, 24, 25, 8, 4, 6, 7, 3, 10, 16, 18, 11, 21, 13, 22, 9, 12, 27, 14, 17, 19, 23, 2]"
GEO2938,random_instance_2938_nodes_30,2938,GEO,30,94859.0,97457.0,2.7388%,0.777212381362915,"[3, 20, 6, 10, 25, 5, 2, 13, 15, 11, 16, 9, 7, 19, 27, 30, 8, 14, 23, 22, 24, 4, 1, 17, 26, 29, 28, 18, 21, 12, 3]"
GEO2939,random_instance_2939_nodes_30,2939,GEO,30,88916.0,91406.0,2.8004%,0.8635952472686768,"[15, 17, 23, 29, 10, 18, 1, 2, 7, 30, 21, 13, 25, 14, 28, 27, 4, 20, 16, 12, 22, 26, 11, 24, 19, 9, 3, 8, 6, 5, 15]"
GEO2973,random_instance_2973_nodes_30,2973,GEO,30,81993.0,83459.0,1.7880%,0.42711520195007324,"[6, 12, 30, 15, 11, 16, 10, 13, 4, 24, 23, 2, 18, 9, 22, 1, 7, 20, 17, 28, 29, 26, 5, 8, 21, 19, 3, 14, 27, 25, 6]"
GEO2977,random_instance_2977_nodes_30,2977,GEO,30,88520.0,90398.0,2.1216%,0.5729444026947021,"[8, 5, 28, 26, 29, 10, 2, 6, 4, 24, 19, 3, 7, 14, 22, 25, 20, 30, 13, 9, 21, 15, 27, 17, 23, 11, 12, 1, 16, 18, 8]"
GEO2979,random_instance_2979_nodes_30,2979,GEO,30,84547.0,86674.0,2.5158%,0.6572287082672119,"[18, 23, 7, 1, 11, 10, 25, 20, 28, 24, 16, 6, 12, 26, 29, 17, 30, 8, 15, 21, 14, 3, 19, 22, 9, 5, 4, 13, 27, 2, 18]"
GEO3006,random_instance_3006_nodes_30,3006,GEO,30,83261.0,83261.0,0.0000%,0.20580506324768066,"[24, 17, 14, 21, 1, 8, 26, 2, 30, 18, 4, 15, 20, 7, 27, 10, 3, 19, 13, 28, 11, 9, 5, 25, 16, 6, 23, 29, 12, 22, 24]"
GEO3020,random_instance_3020_nodes_30,3020,GEO,30,77323.0,78426.0,1.4265%,0.6027977466583252,"[7, 10, 19, 2, 25, 16, 29, 26, 5, 9, 6, 24, 23, 28, 22, 18, 12, 15, 20, 30, 27, 4, 14, 3, 8, 1, 11, 17, 13, 21, 7]"
GEO3033,random_instance_3033_nodes_30,3033,GEO,30,86517.0,86517.0,0.0000%,0.4892861843109131,"[4, 15, 6, 29, 24, 12, 17, 13, 5, 25, 1, 14, 10, 11, 30, 7, 19, 16, 26, 22, 2, 8, 9, 28, 20, 3, 27, 23, 18, 21, 4]"
GEO3044,random_instance_3044_nodes_30,3044,GEO,30,85826.0,86128.0,0.3519%,0.34857940673828125,"[24, 15, 1, 30, 22, 26, 20, 2, 13, 10, 11, 19, 28, 23, 8, 4, 25, 17, 29, 9, 18, 6, 14, 16, 12, 3, 21, 5, 7, 27, 24]"
GEO3073,random_instance_3073_nodes_30,3073,GEO,30,81347.0,84194.0,3.4998%,0.3124065399169922,"[3, 22, 30, 6, 29, 17, 20, 18, 1, 24, 21, 2, 16, 26, 11, 27, 25, 4, 9, 10, 14, 23, 7, 12, 15, 19, 8, 5, 28, 13, 3]"
GEO3090,random_instance_3090_nodes_30,3090,GEO,30,85705.0,85618.0,-0.1015%,0.21833014488220215,"[8, 3, 29, 22, 16, 28, 27, 15, 10, 23, 12, 21, 13, 25, 11, 1, 6, 5, 26, 4, 2, 18, 7, 19, 14, 20, 9, 24, 30, 17, 8]"
GEO3111,random_instance_3111_nodes_30,3111,GEO,30,90351.0,90347.0,-0.0044%,0.2954061031341553,"[2, 17, 15, 3, 12, 11, 7, 10, 25, 18, 14, 24, 1, 28, 6, 22, 30, 29, 23, 16, 8, 9, 20, 5, 13, 19, 4, 27, 26, 21, 2]"
GEO3114,random_instance_3114_nodes_30,3114,GEO,30,88213.0,88213.0,0.0000%,0.07674527168273926,"[28, 7, 13, 30, 29, 15, 27, 4, 3, 24, 21, 18, 25, 5, 17, 16, 12, 11, 22, 9, 14, 2, 1, 8, 23, 20, 6, 19, 26, 10, 28]"
GEO3116,random_instance_3116_nodes_30,3116,GEO,30,93320.0,94661.0,1.4370%,0.15608525276184082,"[1, 27, 14, 7, 29, 19, 18, 11, 28, 22, 21, 8, 16, 23, 13, 4, 17, 3, 25, 30, 26, 10, 20, 5, 2, 6, 9, 24, 12, 15, 1]"
GEO3119,random_instance_3119_nodes_30,3119,GEO,30,75420.0,75636.0,0.2864%,0.311816930770874,"[26, 1, 15, 7, 3, 24, 11, 5, 29, 25, 6, 10, 2, 14, 17, 20, 9, 8, 16, 4, 23, 27, 22, 30, 21, 13, 19, 28, 18, 12, 26]"
GEO3122,random_instance_3122_nodes_30,3122,GEO,30,87223.0,87223.0,0.0000%,0.17538785934448242,"[10, 18, 30, 16, 19, 17, 12, 9, 20, 5, 13, 25, 27, 11, 4, 14, 26, 24, 1, 2, 28, 15, 7, 23, 21, 29, 3, 6, 22, 8, 10]"
GEO3130,random_instance_3130_nodes_30,3130,GEO,30,87958.0,88551.0,0.6742%,0.10113358497619629,"[12, 3, 2, 14, 11, 21, 23, 15, 4, 7, 28, 17, 5, 6, 13, 24, 25, 27, 1, 19, 10, 20, 22, 18, 8, 26, 30, 29, 16, 9, 12]"
GEO3138,random_instance_3138_nodes_30,3138,GEO,30,84737.0,84737.0,0.0000%,0.3047454357147217,"[14, 26, 10, 11, 9, 20, 28, 23, 16, 22, 13, 29, 19, 8, 5, 17, 21, 24, 18, 12, 27, 1, 25, 7, 30, 3, 4, 2, 15, 6, 14]"
GEO3139,random_instance_3139_nodes_30,3139,GEO,30,85566.0,85566.0,0.0000%,0.16748714447021484,"[7, 8, 1, 16, 12, 23, 27, 6, 26, 14, 2, 9, 28, 15, 22, 13, 17, 19, 29, 11, 5, 20, 21, 4, 30, 10, 25, 18, 24, 3, 7]"
GEO3143,random_instance_3143_nodes_30,3143,GEO,30,91988.0,93898.0,2.0764%,0.36723995208740234,"[16, 19, 10, 17, 13, 14, 1, 4, 5, 29, 27, 3, 9, 2, 25, 12, 26, 23, 20, 18, 15, 11, 21, 22, 28, 24, 7, 8, 30, 6, 16]"
GEO3150,random_instance_3150_nodes_30,3150,GEO,30,83863.0,85648.0,2.1285%,0.5615406036376953,"[13, 8, 29, 12, 25, 27, 7, 3, 18, 10, 24, 16, 28, 23, 20, 17, 26, 2, 14, 22, 19, 21, 5, 9, 4, 30, 11, 1, 6, 15, 13]"
GEO3155,random_instance_3155_nodes_30,3155,GEO,30,80767.0,80767.0,0.0000%,0.2426605224609375,"[15, 16, 28, 20, 8, 30, 3, 29, 27, 10, 7, 17, 22, 19, 12, 13, 24, 14, 18, 26, 9, 4, 25, 23, 11, 2, 6, 21, 5, 1, 15]"
GEO3164,random_instance_3164_nodes_30,3164,GEO,30,95209.0,96907.0,1.7834%,0.12029457092285156,"[16, 11, 21, 29, 25, 26, 6, 14, 24, 30, 20, 17, 3, 5, 15, 7, 2, 4, 10, 22, 12, 27, 1, 23, 8, 28, 18, 9, 13, 19, 16]"
GEO3180,random_instance_3180_nodes_30,3180,GEO,30,77024.0,79461.0,3.1639%,0.5815961360931396,"[17, 18, 12, 3, 29, 23, 30, 19, 6, 20, 26, 21, 1, 5, 25, 11, 16, 28, 13, 14, 8, 22, 2, 7, 24, 15, 10, 4, 27, 9, 17]"
GEO3185,random_instance_3185_nodes_30,3185,GEO,30,88314.0,89369.0,1.1946%,0.32503652572631836,"[11, 30, 14, 26, 17, 6, 28, 2, 27, 24, 7, 23, 13, 16, 22, 10, 15, 8, 20, 18, 1, 19, 25, 12, 5, 9, 4, 21, 29, 3, 11]"
GEO3228,random_instance_3228_nodes_30,3228,GEO,30,85333.0,85333.0,0.0000%,0.3782835006713867,"[6, 3, 15, 17, 11, 1, 23, 21, 4, 5, 18, 8, 28, 29, 30, 25, 16, 9, 14, 7, 26, 12, 20, 2, 10, 27, 13, 22, 24, 19, 6]"
GEO3241,random_instance_3241_nodes_30,3241,GEO,30,80979.0,80979.0,0.0000%,0.2743997573852539,"[6, 4, 1, 8, 26, 29, 12, 22, 19, 13, 28, 14, 23, 24, 20, 9, 11, 3, 17, 10, 5, 16, 25, 15, 27, 18, 2, 30, 21, 7, 6]"
GEO3249,random_instance_3249_nodes_30,3249,GEO,30,84440.0,84440.0,0.0000%,0.24837946891784668,"[18, 19, 5, 15, 12, 23, 17, 4, 2, 28, 9, 1, 3, 7, 26, 11, 24, 6, 21, 22, 13, 16, 14, 25, 27, 20, 30, 29, 8, 10, 18]"
GEO3257,random_instance_3257_nodes_30,3257,GEO,30,87040.0,88166.0,1.2937%,0.48168063163757324,"[4, 2, 10, 1, 3, 9, 8, 22, 26, 5, 12, 16, 20, 30, 18, 17, 21, 23, 28, 14, 24, 13, 27, 19, 6, 29, 7, 25, 15, 11, 4]"
GEO3258,random_instance_3258_nodes_30,3258,GEO,30,88781.0,90413.0,1.8382%,0.3058042526245117,"[16, 27, 20, 14, 15, 29, 2, 1, 30, 19, 9, 4, 17, 10, 6, 26, 24, 22, 3, 11, 23, 12, 18, 13, 28, 8, 5, 7, 25, 21, 16]"
GEO3262,random_instance_3262_nodes_30,3262,GEO,30,86127.0,86127.0,0.0000%,0.16043853759765625,"[13, 29, 15, 25, 16, 11, 8, 4, 18, 3, 7, 30, 27, 20, 19, 17, 5, 21, 6, 12, 28, 26, 2, 1, 22, 10, 14, 24, 9, 23, 13]"
GEO3266,random_instance_3266_nodes_30,3266,GEO,30,93976.0,95299.0,1.4078%,0.18401193618774414,"[26, 7, 16, 2, 14, 30, 15, 23, 13, 28, 9, 5, 29, 11, 27, 25, 17, 12, 22, 24, 8, 1, 20, 4, 3, 19, 10, 18, 21, 6, 26]"
GEO3269,random_instance_3269_nodes_30,3269,GEO,30,93358.0,93358.0,0.0000%,0.1278524398803711,"[30, 8, 18, 19, 29, 3, 10, 14, 6, 25, 21, 5, 2, 17, 26, 27, 24, 20, 11, 1, 23, 16, 22, 4, 7, 9, 12, 28, 15, 13, 30]"
GEO3295,random_instance_3295_nodes_30,3295,GEO,30,98502.0,98502.0,0.0000%,0.10019302368164062,"[21, 30, 19, 8, 2, 4, 17, 12, 20, 1, 28, 6, 10, 29, 3, 24, 23, 13, 15, 27, 11, 22, 25, 5, 26, 14, 16, 18, 9, 7, 21]"
